split,image,family,img_w,img_h,w_px,h_px,area_px2,area_frac,short_side_px,long_side_px,aspect_ratio,coco_size,n_obj_in_image
train,2025_0519_101707_478_JPG,Belostomatidae,640,640,639.5,584.0,373468.0,0.911787,584.0,639.5,1.095,large,1
train,2025_0519_101711_479_JPG,Belostomatidae,640,640,639.44,639.57,408969.72,0.998461,639.44,639.57,0.9998,large,1
train,2025_0519_101813_488_JPG,Belostomatidae,640,640,635.0,626.5,397827.5,0.971259,626.5,635.0,1.0136,large,1
train,2025_0519_102056_492_JPG,Belostomatidae,640,640,622.0,636.0,395592.0,0.965801,622.0,636.0,0.978,large,1
train,2025_0519_102103_494_JPG,Belostomatidae,640,640,638.0,640.0,408320.0,0.996875,638.0,640.0,0.9969,large,1
train,2025_0519_102106_495_JPG,Belostomatidae,640,640,633.5,624.5,395620.75,0.965871,624.5,633.5,1.0144,large,1
train,2025_0519_102734_524_JPG,Belostomatidae,640,640,629.91,627.14,395040.59,0.964455,627.14,629.91,1.0044,large,1
train,2025_0519_102741_526_JPG,Belostomatidae,640,640,600.0,603.0,361800.0,0.883301,600.0,603.0,0.995,large,1
train,2025_0519_102930_532_JPG,Belostomatidae,640,640,633.5,563.0,356660.5,0.870753,563.0,633.5,1.1252,large,1
train,2025_0519_102936_534_JPG,Belostomatidae,640,640,640.0,594.5,380480.0,0.928906,594.5,640.0,1.0765,large,1
train,2025_0519_102956_540_JPG,Belostomatidae,640,640,633.5,567.0,359194.5,0.87694,567.0,633.5,1.1173,large,1
train,2025_0519_103204_551_JPG,Belostomatidae,640,640,620.5,609.5,378194.75,0.923327,609.5,620.5,1.018,large,1
train,2025_0519_103304_557_JPG,Belostomatidae,640,640,640.0,640.0,409600.0,1.0,640.0,640.0,1.0,large,1
train,2025_0519_103307_558_JPG,Belostomatidae,640,640,622.0,584.0,363248.0,0.886836,584.0,622.0,1.0651,large,1
train,2025_0519_103311_559_JPG,Belostomatidae,640,640,622.0,586.0,364492.0,0.889873,586.0,622.0,1.0614,large,1
train,2025_0519_103314_560_JPG,Belostomatidae,640,640,624.0,590.5,368472.0,0.89959,590.5,624.0,1.0567,large,1
train,2025_0519_103317_561_JPG,Belostomatidae,640,640,640.0,640.0,409600.0,1.0,640.0,640.0,1.0,large,1
train,2025_0519_103413_564_JPG,Belostomatidae,640,640,578.0,575.5,332639.0,0.812107,575.5,578.0,1.0043,large,1
train,2025_0519_103416_565_JPG,Belostomatidae,640,640,640.0,640.0,409600.0,1.0,640.0,640.0,1.0,large,1
train,2025_0519_103423_567_JPG,Belostomatidae,640,640,574.5,573.5,329475.75,0.804384,573.5,574.5,1.0017,large,1
train,2025_0519_103432_570_JPG,Belostomatidae,640,640,640.0,640.0,409600.0,1.0,640.0,640.0,1.0,large,1
train,2025_0519_103802_590_JPG,Belostomatidae,640,640,609.5,548.0,334006.0,0.815444,548.0,609.5,1.1122,large,1
train,2025_0519_103805_591_JPG,Belostomatidae,640,640,606.5,546.0,331149.0,0.808469,546.0,606.5,1.1108,large,1
train,2025_0519_103818_595_JPG,Belostomatidae,640,640,606.5,548.0,332362.0,0.811431,548.0,606.5,1.1068,large,1
train,2025_0519_103854_596_JPG,Belostomatidae,640,640,603.0,455.0,274365.0,0.669836,455.0,603.0,1.3253,large,1
train,2025_0519_103948_604_JPG,Belostomatidae,640,640,601.5,467.5,281201.25,0.686526,467.5,601.5,1.2866,large,1
train,2025_0519_103952_605_JPG,Belostomatidae,640,640,640.0,619.7,396610.37,0.968287,619.7,640.0,1.0328,large,1
train,2025_0519_104103_612_JPG,Belostomatidae,640,640,627.22,640.0,401422.22,0.980035,627.22,640.0,0.98,large,1
train,2025_0519_104121_617_JPG,Belostomatidae,640,640,608.0,533.5,324368.0,0.791914,533.5,608.0,1.1396,large,1
train,2025_0519_104124_618_JPG,Belostomatidae,640,640,640.0,640.0,409600.0,1.0,640.0,640.0,1.0,large,1
train,2025_0519_104218_620_JPG,Belostomatidae,640,640,609.5,614.0,374233.0,0.913655,609.5,614.0,0.9927,large,1
train,2025_0519_104221_621_JPG,Belostomatidae,640,640,637.0,621.0,395577.0,0.965764,621.0,637.0,1.0258,large,1
train,2025_0519_104227_623_JPG,Belostomatidae,640,640,612.5,620.0,379750.0,0.927124,612.5,620.0,0.9879,large,1
train,2025_0519_104243_628_JPG,Belostomatidae,640,640,640.0,640.0,409600.0,1.0,640.0,640.0,1.0,large,1
train,2025_0519_104544_639_JPG,Belostomatidae,640,640,593.5,590.5,350461.75,0.85562,590.5,593.5,1.0051,large,1
train,2025_0519_104551_641_JPG,Belostomatidae,640,640,581.0,616.5,358186.5,0.874479,581.0,616.5,0.9424,large,1
train,2025_0519_104554_642_JPG,Belostomatidae,640,640,601.5,586.0,352479.0,0.860544,586.0,601.5,1.0265,large,1
train,2025_0519_105227_688_JPG,Belostomatidae,640,640,640.0,640.0,409600.0,1.0,640.0,640.0,1.0,large,1
train,2025_0519_105234_690_JPG,Belostomatidae,640,640,597.0,633.5,378199.5,0.923339,597.0,633.5,0.9424,large,1
train,2025_0519_105353_696_JPG,Belostomatidae,640,640,568.5,586.0,333141.0,0.813333,568.5,586.0,0.9701,large,1
train,2025_0519_105356_697_JPG,Belostomatidae,640,640,640.0,640.0,409600.0,1.0,640.0,640.0,1.0,large,1
train,2025_0519_105455_702_JPG,Belostomatidae,640,640,640.0,640.0,409600.0,1.0,640.0,640.0,1.0,large,1
train,2025_0519_105657_706_JPG,Belostomatidae,640,640,640.0,603.0,385920.0,0.942187,603.0,640.0,1.0614,large,1
train,2025_0519_105732_716_JPG,Belostomatidae,640,640,640.0,578.0,369920.0,0.903125,578.0,640.0,1.1073,large,1
train,2025_0519_105853_721_JPG,Belostomatidae,640,640,640.0,630.0,403200.0,0.984375,630.0,640.0,1.0159,large,1
train,2025_0519_105859_723_JPG,Belostomatidae,640,640,640.0,640.0,409600.0,1.0,640.0,640.0,1.0,large,1
train,2025_0519_105903_724_JPG,Belostomatidae,640,640,640.0,640.0,409600.0,1.0,640.0,640.0,1.0,large,1
train,2025_0519_105928_732_JPG,Belostomatidae,640,640,640.0,640.0,409600.0,1.0,640.0,640.0,1.0,large,1
train,2025_0519_110032_736_JPG,Belostomatidae,640,640,621.0,548.0,340308.0,0.83083,548.0,621.0,1.1332,large,1
train,2025_0519_110133_739_JPG,Belostomatidae,640,640,639.0,556.0,355284.0,0.867393,556.0,639.0,1.1493,large,1
train,2025_0519_110250_745_JPG,Belostomatidae,640,640,639.0,586.0,374454.0,0.914194,586.0,639.0,1.0904,large,1
train,2025_0519_110256_747_JPG,Belostomatidae,640,640,639.79,593.0,379397.01,0.926262,593.0,639.79,1.0789,large,1
train,2025_0519_110309_751_JPG,Belostomatidae,640,640,579.74,639.21,370576.72,0.904728,579.74,639.21,0.907,large,1
train,2025_0519_110528_754_JPG,Belostomatidae,640,640,628.5,556.5,349760.25,0.853907,556.5,628.5,1.1294,large,1
train,2025_0519_111227_788_JPG,Belostomatidae,640,640,637.18,566.67,361067.41,0.881512,566.67,637.18,1.1244,large,1
train,2025_0519_111235_790_JPG,Belostomatidae,640,640,616.0,484.5,298452.0,0.728643,484.5,616.0,1.2714,large,1
train,2025_0519_111248_794_JPG,Belostomatidae,640,640,622.0,495.0,307890.0,0.751685,495.0,622.0,1.2566,large,1
train,2025_0519_111251_795_JPG,Belostomatidae,640,640,640.0,640.0,409600.0,1.0,640.0,640.0,1.0,large,1
train,2025_0519_111407_803_JPG,Belostomatidae,640,640,619.0,487.0,301453.0,0.735969,487.0,619.0,1.271,large,1
train,2025_0519_111410_804_JPG,Belostomatidae,640,640,619.0,484.5,299905.5,0.732191,484.5,619.0,1.2776,large,1
train,2025_0519_111500_806_JPG,Belostomatidae,640,640,640.0,639.95,409566.81,0.999919,639.95,640.0,1.0001,large,1
train,2025_0519_111856_818_JPG,Belostomatidae,640,640,635.0,616.0,391160.0,0.95498,616.0,635.0,1.0308,large,1
train,2025_0519_111916_824_JPG,Belostomatidae,640,640,637.0,618.0,393666.0,0.961099,618.0,637.0,1.0307,large,1
train,2025_0519_112001_828_JPG,Belostomatidae,640,640,638.0,636.0,405768.0,0.990645,636.0,638.0,1.0031,large,1
train,2025_0519_112011_831_JPG,Belostomatidae,640,640,639.0,605.0,386595.0,0.943835,605.0,639.0,1.0562,large,1
train,2025_0519_112342_850_JPG,Belostomatidae,640,640,631.5,539.5,340694.25,0.831773,539.5,631.5,1.1705,large,1
train,2025_0519_112430_855_JPG,Belostomatidae,640,640,640.0,556.5,356160.0,0.869531,556.5,640.0,1.15,large,1
train,2025_0519_112438_856_JPG,Belostomatidae,640,640,640.0,569.5,364480.0,0.889844,569.5,640.0,1.1238,large,1
train,2025_0519_112623_861_JPG,Belostomatidae,640,640,640.0,472.0,302080.0,0.7375,472.0,640.0,1.3559,large,1
train,2025_0519_112626_862_JPG,Belostomatidae,640,640,638.0,478.5,305283.0,0.74532,478.5,638.0,1.3333,large,1
train,2025_0519_112705_866_JPG,Belostomatidae,640,640,637.0,465.5,296523.5,0.723934,465.5,637.0,1.3684,large,1
train,2025_0519_113729_890_JPG,Belostomatidae,640,640,635.0,622.0,394970.0,0.964282,622.0,635.0,1.0209,large,1
train,2025_0519_114020_899_JPG,Belostomatidae,640,640,637.0,506.0,322322.0,0.786919,506.0,637.0,1.2589,large,1
train,2025_0519_114033_903_JPG,Belostomatidae,640,640,637.0,514.5,327736.5,0.800138,514.5,637.0,1.2381,large,1
train,2025_0519_114150_909_JPG,Belostomatidae,640,640,640.0,516.5,330560.0,0.807031,516.5,640.0,1.2391,large,1
train,2025_0519_114157_911_JPG,Belostomatidae,640,640,635.0,503.5,319722.5,0.780573,503.5,635.0,1.2612,large,1
train,2025_0519_114335_918_JPG,Belostomatidae,640,640,620.5,563.0,349341.5,0.852885,563.0,620.5,1.1021,large,1
train,2025_0519_114342_920_JPG,Belostomatidae,640,640,640.0,546.0,349440.0,0.853125,546.0,640.0,1.1722,large,1
train,2025_0519_114348_922_JPG,Belostomatidae,640,640,636.5,552.5,351666.25,0.85856,552.5,636.5,1.152,large,1
train,2025_0519_114437_928_JPG,Belostomatidae,640,640,617.0,590.0,364030.0,0.888745,590.0,617.0,1.0458,large,1
train,2025_0519_114510_934_JPG,Belostomatidae,640,640,617.5,520.5,321408.75,0.784689,520.5,617.5,1.1864,large,1
train,2025_0519_114514_935_JPG,Belostomatidae,640,640,639.64,632.74,404729.1,0.988108,632.74,639.64,1.0109,large,1
train,2025_0519_114616_941_JPG,Belostomatidae,640,640,640.0,618.0,395520.0,0.965625,618.0,640.0,1.0356,large,1
train,2025_0519_114649_944_JPG,Belostomatidae,640,640,595.0,535.5,318622.5,0.777887,535.5,595.0,1.1111,large,1
train,2025_0519_114701_948_JPG,Belostomatidae,640,640,601.5,537.5,323306.25,0.789322,537.5,601.5,1.1191,large,1
train,2025_0519_114751_950_JPG,Belostomatidae,640,640,639.0,563.0,359757.0,0.878313,563.0,639.0,1.135,large,1
train,2025_0519_114755_951_JPG,Belostomatidae,640,640,633.5,588.5,372814.75,0.910192,588.5,633.5,1.0765,large,1
train,2025_0519_114852_958_JPG,Belostomatidae,640,640,640.0,632.0,404480.0,0.9875,632.0,640.0,1.0127,large,1
train,2025_0519_115110_965_JPG,Belostomatidae,640,640,631.5,618.0,390267.0,0.9528,618.0,631.5,1.0218,large,1
train,2025_0521_095419_154_JPG,Planorbidae,640,640,466.5,609.5,284331.75,0.694169,466.5,609.5,0.7654,large,1
train,2025_0521_095513_158_JPG,Planorbidae,640,640,452.5,601.0,271952.5,0.663947,452.5,601.0,0.7529,large,1
train,2025_0521_095522_161_JPG,Planorbidae,640,640,635.3,501.36,318515.89,0.777627,501.36,635.3,1.2671,large,1
train,2025_0521_095551_164_JPG,Planorbidae,640,640,409.5,590.5,241809.75,0.590356,409.5,590.5,0.6935,large,1
train,2025_0521_095558_166_JPG,Planorbidae,640,640,422.0,584.0,246448.0,0.60168,422.0,584.0,0.7226,large,1
train,2025_0521_100936_188_JPG,Planorbidae,640,640,428.5,614.0,263099.0,0.642332,428.5,614.0,0.6979,large,1
train,2025_0521_100949_192_JPG,Planorbidae,640,640,454.0,625.0,283750.0,0.692749,454.0,625.0,0.7264,large,1
train,2025_0521_110641_215_JPG,Planorbidae,640,640,476.0,580.0,276080.0,0.674023,476.0,580.0,0.8207,large,1
train,2025_0521_110805_228_JPG,Planorbidae,640,640,640.0,618.0,395520.0,0.965625,618.0,640.0,1.0356,large,1
train,2025_0521_111001_243_JPG,Planorbidae,640,640,513.48,636.27,326711.15,0.797635,513.48,636.27,0.807,large,1
train,2025_0521_111107_256_JPG,Planorbidae,640,640,473.0,640.0,302720.0,0.739062,473.0,640.0,0.7391,large,1
train,2025_0521_111114_258_JPG,Planorbidae,640,640,639.27,633.0,404660.49,0.987941,633.0,639.27,1.0099,large,1
train,2025_0521_111117_259_JPG,Planorbidae,640,640,468.5,580.0,271730.0,0.663403,468.5,580.0,0.8078,large,1
train,2025_0521_111215_265_JPG,Planorbidae,640,640,481.0,558.5,268638.5,0.655856,481.0,558.5,0.8612,large,1
train,2025_0521_111228_269_JPG,Planorbidae,640,640,479.5,537.5,257731.25,0.629227,479.5,537.5,0.8921,large,1
train,2025_0521_111304_272_JPG,Planorbidae,640,640,451.0,631.5,284806.5,0.695328,451.0,631.5,0.7142,large,1
train,2025_0521_111308_273_JPG,Planorbidae,640,640,451.0,623.0,280973.0,0.685969,451.0,623.0,0.7239,large,1
train,2025_0521_111314_275_JPG,Planorbidae,640,640,451.0,635.0,286385.0,0.699182,451.0,635.0,0.7102,large,1
train,2025_0521_111401_281_JPG,Planorbidae,640,640,411.0,635.0,260985.0,0.63717,411.0,635.0,0.6472,large,1
train,2025_0521_111404_282_JPG,Planorbidae,640,640,398.5,625.0,249062.5,0.608063,398.5,625.0,0.6376,large,1
train,2025_0521_111414_285_JPG,Planorbidae,640,640,405.0,628.0,254340.0,0.620947,405.0,628.0,0.6449,large,1
train,2025_0521_111421_287_JPG,Planorbidae,640,640,406.5,636.0,258534.0,0.631187,406.5,636.0,0.6392,large,1
train,2025_0521_111424_288_JPG,Planorbidae,640,640,390.5,616.0,240548.0,0.587275,390.5,616.0,0.6339,large,1
train,2025_0521_111431_290_JPG,Planorbidae,640,640,389.0,611.5,237873.5,0.580746,389.0,611.5,0.6361,large,1
train,2025_0521_111650_314_JPG,Planorbidae,640,640,406.5,640.0,260160.0,0.635156,406.5,640.0,0.6352,large,1
train,2025_0521_111657_316_JPG,Planorbidae,640,640,638.76,510.48,326072.88,0.796076,510.48,638.76,1.2513,large,1
train,2025_0521_111700_317_JPG,Planorbidae,640,640,395.0,622.0,245690.0,0.599829,395.0,622.0,0.635,large,1
train,2025_0521_113309_354_JPG,Planorbidae,640,640,433.5,633.5,274622.25,0.670464,433.5,633.5,0.6843,large,1
train,2025_0521_113315_356_JPG,Planorbidae,640,640,425.5,636.0,270618.0,0.660688,425.5,636.0,0.669,large,1
train,2025_0521_113325_359_JPG,Planorbidae,640,640,594.0,637.96,378945.6,0.92516,594.0,637.96,0.9311,large,1
train,2025_0521_113328_360_JPG,Planorbidae,640,640,593.74,638.87,379321.17,0.926077,593.74,638.87,0.9294,large,1
train,2025_0521_113338_363_JPG,Planorbidae,640,640,438.0,633.0,277254.0,0.67689,438.0,633.0,0.6919,large,1
train,2025_0521_113407_364_JPG,Planorbidae,640,640,639.88,560.74,358807.62,0.875995,560.74,639.88,1.1411,large,1
train,2025_0521_113431_369_JPG,Planorbidae,640,640,468.5,578.0,270793.0,0.661116,468.5,578.0,0.8106,large,1
train,2025_0521_113437_371_JPG,Planorbidae,640,640,465.0,578.0,268770.0,0.656177,465.0,578.0,0.8045,large,1
train,2025_0521_113444_373_JPG,Planorbidae,640,640,463.5,542.0,251217.0,0.613323,463.5,542.0,0.8552,large,1
train,2025_0521_113451_375_JPG,Planorbidae,640,640,449.0,525.0,235725.0,0.5755,449.0,525.0,0.8552,large,1
train,2025_0521_113530_383_JPG,Planorbidae,640,640,476.0,578.0,275128.0,0.671699,476.0,578.0,0.8235,large,1
train,2025_0521_113537_385_JPG,Planorbidae,640,640,468.5,625.0,292812.5,0.714874,468.5,625.0,0.7496,large,1
train,2025_0521_113540_386_JPG,Planorbidae,640,640,455.5,552.5,251663.75,0.614413,455.5,552.5,0.8244,large,1
train,2025_0521_113544_387_JPG,Planorbidae,640,640,489.01,598.47,292658.26,0.714498,489.01,598.47,0.8171,large,1
train,2025_0521_113612_392_JPG,Planorbidae,640,640,435.0,609.0,264915.0,0.646765,435.0,609.0,0.7143,large,1
train,2025_0521_113616_393_JPG,Planorbidae,640,640,436.5,599.0,261463.5,0.638339,436.5,599.0,0.7287,large,1
train,2025_0521_113619_394_JPG,Planorbidae,640,640,605.67,637.69,386226.9,0.942937,605.67,637.69,0.9498,large,1
train,2025_0521_113622_395_JPG,Planorbidae,640,640,435.0,605.5,263392.5,0.643048,435.0,605.5,0.7184,large,1
train,2025_0521_113626_396_JPG,Planorbidae,640,640,430.0,578.0,248540.0,0.606787,430.0,578.0,0.7439,large,1
train,2025_0521_113715_405_JPG,Planorbidae,640,640,387.5,607.5,235406.25,0.574722,387.5,607.5,0.6379,large,1
train,2025_0521_114207_409_JPG,Planorbidae,640,640,270.0,364.0,98280.0,0.239941,270.0,364.0,0.7418,large,3
train,2025_0521_114207_409_JPG,Planorbidae,640,640,251.0,374.5,93999.5,0.229491,251.0,374.5,0.6702,large,3
train,2025_0521_114207_409_JPG,Planorbidae,640,640,189.0,293.0,55377.0,0.135198,189.0,293.0,0.6451,large,3
train,2025_0521_114443_415_JPG,Planorbidae,640,640,323.82,415.18,134443.79,0.328232,323.82,415.18,0.78,large,3
train,2025_0521_114443_415_JPG,Planorbidae,640,640,290.83,300.65,87438.47,0.213473,290.83,300.65,0.9673,large,3
train,2025_0521_114443_415_JPG,Planorbidae,640,640,310.85,416.13,129353.51,0.315804,310.85,416.13,0.747,large,3
train,2025_0521_114457_419_JPG,Planorbidae,640,640,200.0,226.5,45300.0,0.110596,200.0,226.5,0.883,large,3
train,2025_0521_114457_419_JPG,Planorbidae,640,640,271.5,332.5,90273.75,0.220395,271.5,332.5,0.8165,large,3
train,2025_0521_114457_419_JPG,Planorbidae,640,640,246.0,372.5,91635.0,0.223718,246.0,372.5,0.6604,large,3
train,2025_0521_120923_434_JPG,Planorbidae,640,640,289.0,343.0,99127.0,0.242009,289.0,343.0,0.8426,large,3
train,2025_0521_120923_434_JPG,Planorbidae,640,640,289.0,319.0,92191.0,0.225076,289.0,319.0,0.906,large,3
train,2025_0521_120923_434_JPG,Planorbidae,640,640,274.5,412.5,113231.25,0.276443,274.5,412.5,0.6655,large,3
train,2025_0521_120934_437_JPG,Planorbidae,640,640,298.5,319.5,95370.75,0.232839,298.5,319.5,0.9343,large,3
train,2025_0521_120934_437_JPG,Planorbidae,640,640,271.5,415.0,112672.5,0.275079,271.5,415.0,0.6542,large,3
train,2025_0521_120934_437_JPG,Planorbidae,640,640,271.5,319.5,86744.25,0.211778,271.5,319.5,0.8498,large,3
train,2025_0521_120937_438_JPG,Planorbidae,640,640,338.1,339.11,114652.21,0.279913,338.1,339.11,0.997,large,3
train,2025_0521_120937_438_JPG,Planorbidae,640,640,312.16,309.01,96458.38,0.235494,309.01,312.16,1.0102,large,3
train,2025_0521_120937_438_JPG,Planorbidae,640,640,437.8,303.36,132809.06,0.324241,303.36,437.8,1.4432,large,3
train,2025_0521_121112_441_JPG,Planorbidae,640,640,279.5,312.0,87204.0,0.2129,279.5,312.0,0.8958,large,3
train,2025_0521_121112_441_JPG,Planorbidae,640,640,270.0,383.0,103410.0,0.252466,270.0,383.0,0.705,large,3
train,2025_0521_121112_441_JPG,Planorbidae,640,640,260.5,349.0,90914.5,0.221959,260.5,349.0,0.7464,large,3
train,2025_0521_121127_445_JPG,Planorbidae,640,640,274.5,383.0,105133.5,0.256674,274.5,383.0,0.7167,large,3
train,2025_0521_121127_445_JPG,Planorbidae,640,640,282.5,310.0,87575.0,0.213806,282.5,310.0,0.9113,large,3
train,2025_0521_121127_445_JPG,Planorbidae,640,640,254.0,343.0,87122.0,0.2127,254.0,343.0,0.7405,large,3
train,2025_0521_121135_447_JPG,Planorbidae,640,640,350.32,330.9,115921.7,0.283012,330.9,350.32,1.0587,large,3
train,2025_0521_121135_447_JPG,Planorbidae,640,640,358.27,339.04,121465.67,0.296547,339.04,358.27,1.0567,large,3
train,2025_0521_121135_447_JPG,Planorbidae,640,640,310.97,413.79,128674.93,0.314148,310.97,413.79,0.7515,large,3
train,2025_0521_121139_448_JPG,Planorbidae,640,640,258.5,302.5,78196.25,0.190909,258.5,302.5,0.8545,large,3
train,2025_0521_121139_448_JPG,Planorbidae,640,640,243.0,334.5,81283.5,0.198446,243.0,334.5,0.7265,large,3
train,2025_0521_121139_448_JPG,Planorbidae,640,640,257.0,364.0,93548.0,0.228389,257.0,364.0,0.706,large,3
train,2025_0521_121253_453_JPG,Planorbidae,640,640,282.5,314.0,88705.0,0.216565,282.5,314.0,0.8997,large,3
train,2025_0521_121253_453_JPG,Planorbidae,640,640,309.5,360.0,111420.0,0.272021,309.5,360.0,0.8597,large,3
train,2025_0521_121253_453_JPG,Planorbidae,640,640,300.0,338.5,101550.0,0.247925,300.0,338.5,0.8863,large,3
train,2025_0521_121353_458_JPG,Planorbidae,640,640,278.0,324.5,90211.0,0.220242,278.0,324.5,0.8567,large,3
train,2025_0521_121353_458_JPG,Planorbidae,640,640,297.0,349.0,103653.0,0.253059,297.0,349.0,0.851,large,3
train,2025_0521_121353_458_JPG,Planorbidae,640,640,289.0,345.0,99705.0,0.24342,289.0,345.0,0.8377,large,3
train,2025_0521_121357_459_JPG,Planorbidae,640,640,332.56,409.49,136177.8,0.332465,332.56,409.49,0.8121,large,3
train,2025_0521_121357_459_JPG,Planorbidae,640,640,312.52,329.97,103123.01,0.251765,312.52,329.97,0.9471,large,3
train,2025_0521_121357_459_JPG,Planorbidae,640,640,321.89,356.59,114783.19,0.280232,321.89,356.59,0.9027,large,3
train,2025_0521_121400_460_JPG,Planorbidae,640,640,273.0,307.0,83811.0,0.204617,273.0,307.0,0.8893,large,3
train,2025_0521_121400_460_JPG,Planorbidae,640,640,279.5,330.0,92235.0,0.225183,279.5,330.0,0.847,large,3
train,2025_0521_121400_460_JPG,Planorbidae,640,640,289.0,345.0,99705.0,0.24342,289.0,345.0,0.8377,large,3
train,2025_0521_121407_462_JPG,Planorbidae,640,640,266.5,302.5,80616.25,0.196817,266.5,302.5,0.881,large,3
train,2025_0521_121407_462_JPG,Planorbidae,640,640,278.0,319.5,88821.0,0.216848,278.0,319.5,0.8701,large,3
train,2025_0521_121407_462_JPG,Planorbidae,640,640,285.5,340.5,97212.75,0.237336,285.5,340.5,0.8385,large,3
train,2025_0521_121609_468_JPG,Planorbidae,640,640,262.0,290.0,75980.0,0.185498,262.0,290.0,0.9034,large,3
train,2025_0521_121609_468_JPG,Planorbidae,640,640,255.5,321.5,82143.25,0.200545,255.5,321.5,0.7947,large,3
train,2025_0521_121609_468_JPG,Planorbidae,640,640,279.5,332.5,92933.75,0.226889,279.5,332.5,0.8406,large,3
train,2025_0521_121626_473_JPG,Planorbidae,640,640,260.5,296.5,77238.25,0.18857,260.5,296.5,0.8786,large,3
train,2025_0521_121626_473_JPG,Planorbidae,640,640,257.0,317.5,81597.5,0.199213,257.0,317.5,0.8094,large,3
train,2025_0521_121626_473_JPG,Planorbidae,640,640,284.0,328.0,93152.0,0.227422,284.0,328.0,0.8659,large,3
train,2025_0521_121636_476_JPG,Planorbidae,640,640,258.5,294.0,75999.0,0.185544,258.5,294.0,0.8793,large,3
train,2025_0521_121636_476_JPG,Planorbidae,640,640,252.5,317.5,80168.75,0.195724,252.5,317.5,0.7953,large,3
train,2025_0521_121636_476_JPG,Planorbidae,640,640,289.0,328.0,94792.0,0.231426,289.0,328.0,0.8811,large,3
train,2025_0521_122215_478_JPG,Planorbidae,640,640,458.5,638.0,292523.0,0.714167,458.5,638.0,0.7187,large,1
train,2025_0521_122222_480_JPG,Planorbidae,640,640,460.5,640.0,294720.0,0.719531,460.5,640.0,0.7195,large,1
train,2025_0521_122240_483_JPG,Planorbidae,640,640,447.5,640.0,286400.0,0.699219,447.5,640.0,0.6992,large,1
train,2025_0521_122259_488_JPG,Planorbidae,640,640,435.0,611.5,266002.5,0.64942,435.0,611.5,0.7114,large,1
train,2025_0521_122307_490_JPG,Planorbidae,640,640,430.0,616.0,264880.0,0.64668,430.0,616.0,0.6981,large,1
train,2025_0521_122356_498_JPG,Planorbidae,640,640,390.5,611.5,238790.75,0.582985,390.5,611.5,0.6386,large,1
train,2025_0521_122410_501_JPG,Planorbidae,640,640,512.44,639.05,327478.57,0.799508,512.44,639.05,0.8019,large,1
train,2025_0521_122512_509_JPG,Planorbidae,640,640,631.17,570.41,360024.25,0.878965,570.41,631.17,1.1065,large,1
train,2025_0521_122743_515_JPG,Planorbidae,640,640,468.5,592.5,277586.25,0.677701,468.5,592.5,0.7907,large,1
train,2025_0521_122753_518_JPG,Planorbidae,640,640,468.5,531.0,248773.5,0.607357,468.5,531.0,0.8823,large,1
train,2025_0521_122800_520_JPG,Planorbidae,640,640,462.0,544.0,251328.0,0.613594,462.0,544.0,0.8493,large,1
train,2025_0521_122821_523_JPG,Planorbidae,640,640,528.04,637.67,336711.62,0.82205,528.04,637.67,0.8281,large,1
train,2025_0521_122824_524_JPG,Planorbidae,640,640,451.0,580.0,261580.0,0.638623,451.0,580.0,0.7776,large,1
train,2025_0521_122830_526_JPG,Planorbidae,640,640,446.0,580.0,258680.0,0.631543,446.0,580.0,0.769,large,1
train,2025_0521_122851_532_JPG,Planorbidae,640,640,638.69,533.0,340421.18,0.831106,533.0,638.69,1.1983,large,1
train,2025_0521_122935_539_JPG,Planorbidae,640,640,409.5,626.5,256551.75,0.626347,409.5,626.5,0.6536,large,1
train,2025_0521_123942_634_JPG,Planorbidae,640,640,451.0,640.0,288640.0,0.704688,451.0,640.0,0.7047,large,1
train,2025_0521_123959_639_JPG,Planorbidae,640,640,436.5,628.5,274340.25,0.669776,436.5,628.5,0.6945,large,1
train,2025_0521_124557_677_JPG,Planorbidae,640,640,255.5,349.0,89169.5,0.217699,255.5,349.0,0.7321,large,2
train,2025_0521_124557_677_JPG,Planorbidae,640,640,309.5,381.0,117919.5,0.287889,309.5,381.0,0.8123,large,2
train,2025_0521_124604_678_JPG,Planorbidae,640,640,255.5,355.5,90830.25,0.221754,255.5,355.5,0.7187,large,2
train,2025_0521_124604_678_JPG,Planorbidae,640,640,308.0,374.5,115346.0,0.281606,308.0,374.5,0.8224,large,2
train,2025_0521_124611_680_JPG,Planorbidae,640,640,338.96,380.53,128983.89,0.314902,338.96,380.53,0.8907,large,2
train,2025_0521_124611_680_JPG,Planorbidae,640,640,388.71,407.6,158438.65,0.386813,388.71,407.6,0.9537,large,2
train,2025_0521_124617_682_JPG,Planorbidae,640,640,298.5,372.5,111191.25,0.271463,298.5,372.5,0.8013,large,2
train,2025_0521_124617_682_JPG,Planorbidae,640,640,247.5,355.5,87986.25,0.21481,247.5,355.5,0.6962,large,2
train,2025_0521_124859_693_JPG,Planorbidae,640,640,224.0,298.5,66864.0,0.163242,224.0,298.5,0.7504,large,2
train,2025_0521_124859_693_JPG,Planorbidae,640,640,284.0,434.0,123256.0,0.300918,284.0,434.0,0.6544,large,2
train,2025_0521_124903_694_JPG,Planorbidae,640,640,220.5,285.5,62952.75,0.153693,220.5,285.5,0.7723,large,2
train,2025_0521_124903_694_JPG,Planorbidae,640,640,279.5,444.5,124237.75,0.303315,279.5,444.5,0.6288,large,2
train,2025_0521_130341_712_JPG,Planorbidae,640,640,181.0,245.5,44435.5,0.108485,181.0,245.5,0.7373,large,3
train,2025_0521_130341_712_JPG,Planorbidae,640,640,224.0,340.5,76272.0,0.186211,224.0,340.5,0.6579,large,3
train,2025_0521_130341_712_JPG,Planorbidae,640,640,249.5,347.0,86576.5,0.211368,249.5,347.0,0.719,large,3
train,2025_0521_130557_714_JPG,Planorbidae,640,640,174.5,249.5,43537.75,0.106293,174.5,249.5,0.6994,large,3
train,2025_0521_130557_714_JPG,Planorbidae,640,640,258.5,300.5,77679.25,0.189647,258.5,300.5,0.8602,large,3
train,2025_0521_130557_714_JPG,Planorbidae,640,640,246.0,383.0,94218.0,0.230024,246.0,383.0,0.6423,large,3
train,2025_0521_130840_721_JPG,Planorbidae,640,640,209.5,256.0,53632.0,0.130938,209.5,256.0,0.8184,large,3
train,2025_0521_130840_721_JPG,Planorbidae,640,640,235.0,338.5,79547.5,0.194208,235.0,338.5,0.6942,large,3
train,2025_0521_130840_721_JPG,Planorbidae,640,640,257.0,379.0,97403.0,0.2378,257.0,379.0,0.6781,large,3
train,2025_0521_132230_729_JPG,Planorbidae,640,640,212.5,292.0,62050.0,0.151489,212.5,292.0,0.7277,large,4
train,2025_0521_132230_729_JPG,Planorbidae,640,640,287.5,343.0,98612.5,0.240753,287.5,343.0,0.8382,large,4
train,2025_0521_132230_729_JPG,Planorbidae,640,640,197.0,290.0,57130.0,0.139478,197.0,290.0,0.6793,large,4
train,2025_0521_132230_729_JPG,Planorbidae,640,640,262.0,330.0,86460.0,0.211084,262.0,330.0,0.7939,large,4
train,2025_0521_134045_748_JPG,Planorbidae,640,640,190.5,239.0,45529.5,0.111156,190.5,239.0,0.7971,large,3
train,2025_0521_134045_748_JPG,Planorbidae,640,640,238.0,391.5,93177.0,0.227483,238.0,391.5,0.6079,large,3
train,2025_0521_134045_748_JPG,Planorbidae,640,640,284.0,336.5,95566.0,0.233315,284.0,336.5,0.844,large,3
train,2025_0521_134059_751_JPG,Planorbidae,640,640,238.0,389.5,92701.0,0.226321,238.0,389.5,0.611,large,3
train,2025_0521_134059_751_JPG,Planorbidae,640,640,279.5,343.0,95868.5,0.234054,279.5,343.0,0.8149,large,3
train,2025_0521_134059_751_JPG,Planorbidae,640,640,198.5,243.5,48334.75,0.118005,198.5,243.5,0.8152,large,3
train,2025_0526_103150_791_JPG,Dytiscidae,640,640,635.0,537.5,341312.5,0.833282,537.5,635.0,1.1814,large,1
train,2025_0526_103153_792_JPG,Dytiscidae,640,640,631.5,525.0,331537.5,0.809418,525.0,631.5,1.2029,large,1
train,2025_0526_103448_803_JPG,Dytiscidae,640,640,640.0,640.0,409600.0,1.0,640.0,640.0,1.0,large,1
train,2025_0526_103623_806_JPG,Dytiscidae,640,640,600.0,550.5,330300.0,0.806396,550.5,600.0,1.0899,large,1
train,2025_0526_103649_814_JPG,Dytiscidae,640,640,636.84,606.73,386390.04,0.943335,606.73,636.84,1.0496,large,1
train,2025_0526_105352_890_JPG,Dytiscidae,640,640,573.0,597.0,342081.0,0.835159,573.0,597.0,0.9598,large,1
train,2025_0526_105359_892_JPG,Dytiscidae,640,640,581.0,592.5,344242.5,0.840436,581.0,592.5,0.9806,large,1
train,2025_0526_105409_895_JPG,Dytiscidae,640,640,557.0,582.0,324174.0,0.79144,557.0,582.0,0.957,large,1
train,2025_0526_105420_898_JPG,Dytiscidae,640,640,554.0,580.0,321320.0,0.784473,554.0,580.0,0.9552,large,1
train,2025_0526_105604_910_JPG,Dytiscidae,640,640,639.0,597.0,381483.0,0.931355,597.0,639.0,1.0704,large,1
train,2025_0526_110410_926_JPG,Dytiscidae,640,640,639.64,632.0,404255.29,0.986951,632.0,639.64,1.0121,large,1
train,2025_0526_111044_948_JPG,Dytiscidae,640,640,611.0,552.5,337577.5,0.824164,552.5,611.0,1.1059,large,1
train,2025_0526_111147_952_JPG,Dytiscidae,640,640,590.5,512.0,302336.0,0.738125,512.0,590.5,1.1533,large,1
train,2025_0526_111311_963_JPG,Dytiscidae,640,640,585.5,567.0,331978.5,0.810494,567.0,585.5,1.0326,large,1
train,2025_0526_111731_965_JPG,Dytiscidae,640,640,587.5,573.5,336931.25,0.822586,573.5,587.5,1.0244,large,1
train,2025_0526_111738_967_JPG,Dytiscidae,640,640,640.0,640.0,409600.0,1.0,640.0,640.0,1.0,large,1
train,2025_0526_112328_988_JPG,Dytiscidae,640,640,585.5,497.5,291286.25,0.711148,497.5,585.5,1.1769,large,1
train,2025_0526_112332_989_JPG,Dytiscidae,640,640,587.5,493.0,289637.5,0.707123,493.0,587.5,1.1917,large,1
train,2025_0526_112520_993_JPG,Dytiscidae,640,640,640.0,640.0,409600.0,1.0,640.0,640.0,1.0,large,1
train,2025_0526_112629_104_JPG,Dytiscidae,640,640,640.0,640.0,409600.0,1.0,640.0,640.0,1.0,large,1
train,2025_0526_112956_123_JPG,Dytiscidae,640,640,639.59,559.22,357674.39,0.873228,559.22,639.59,1.1437,large,1
train,2025_0526_113003_125_JPG,Dytiscidae,640,640,635.0,482.5,306387.5,0.748016,482.5,635.0,1.3161,large,1
train,2025_0526_113026_131_JPG,Dytiscidae,640,640,636.5,535.5,340845.75,0.832143,535.5,636.5,1.1886,large,1
train,2025_0526_113039_135_JPG,Dytiscidae,640,640,630.0,489.0,308070.0,0.752124,489.0,630.0,1.2883,large,1
train,2025_0526_113043_136_JPG,Dytiscidae,640,640,635.0,478.5,303847.5,0.741815,478.5,635.0,1.3271,large,1
train,2025_0526_113432_156_JPG,Dytiscidae,640,640,589.0,624.5,367830.5,0.898024,589.0,624.5,0.9432,large,1
train,2025_0526_113442_159_JPG,Dytiscidae,640,640,581.0,622.0,361382.0,0.88228,581.0,622.0,0.9341,large,1
train,2025_0526_113455_160_JPG,Dytiscidae,640,640,587.5,626.5,368068.75,0.898605,587.5,626.5,0.9377,large,1
train,2025_0526_113654_163_JPG,Dytiscidae,640,640,605.0,523.0,316415.0,0.772498,523.0,605.0,1.1568,large,1
train,2025_0526_114018_175_JPG,Dytiscidae,640,640,598.5,499.5,298950.75,0.72986,499.5,598.5,1.1982,large,1
train,2025_0526_114021_176_JPG,Dytiscidae,640,640,603.0,493.0,297279.0,0.725779,493.0,603.0,1.2231,large,1
train,2025_0526_114238_181_JPG,Dytiscidae,640,640,593.5,514.5,305355.75,0.745497,514.5,593.5,1.1535,large,1
train,2025_0526_114318_184_JPG,Dytiscidae,640,640,592.0,514.5,304584.0,0.743613,514.5,592.0,1.1506,large,1
train,2025_0526_114740_206_JPG,Dytiscidae,640,640,609.5,552.5,336748.75,0.822141,552.5,609.5,1.1032,large,1
train,2025_0526_114744_207_JPG,Dytiscidae,640,640,640.0,640.0,409600.0,1.0,640.0,640.0,1.0,large,1
train,2025_0526_114747_208_JPG,Dytiscidae,640,640,617.5,558.5,344873.75,0.841977,558.5,617.5,1.1056,large,1
train,2025_0526_114837_214_JPG,Dytiscidae,640,640,634.5,561.5,356271.75,0.869804,561.5,634.5,1.13,large,1
train,2025_0526_114906_217_JPG,Dytiscidae,640,640,640.0,640.0,409600.0,1.0,640.0,640.0,1.0,large,1
train,2025_0526_114912_219_JPG,Dytiscidae,640,640,622.0,569.5,354229.0,0.864817,569.5,622.0,1.0922,large,1
train,2025_0526_114919_221_JPG,Dytiscidae,640,640,625.5,577.0,360913.5,0.881136,577.0,625.5,1.0841,large,1
train,2025_0526_114952_223_JPG,Dytiscidae,640,640,640.0,575.5,368320.0,0.899219,575.5,640.0,1.1121,large,1
train,2025_0526_115240_236_JPG,Dytiscidae,640,640,640.0,640.0,409600.0,1.0,640.0,640.0,1.0,large,1
train,2025_0526_115250_239_JPG,Dytiscidae,640,640,640.0,640.0,409600.0,1.0,640.0,640.0,1.0,large,1
train,2025_0526_115301_242_JPG,Dytiscidae,640,640,622.0,571.5,355473.0,0.867854,571.5,622.0,1.0884,large,1
train,2025_0526_115304_243_JPG,Dytiscidae,640,640,628.0,564.5,354506.0,0.865493,564.5,628.0,1.1125,large,1
train,2025_0526_115436_246_JPG,Dytiscidae,640,640,632.0,550.5,347916.0,0.849404,550.5,632.0,1.148,large,1
train,2025_0526_115504_250_JPG,Dytiscidae,640,640,640.0,640.0,409600.0,1.0,640.0,640.0,1.0,large,1
train,2025_0526_115511_252_JPG,Dytiscidae,640,640,640.0,640.0,409600.0,1.0,640.0,640.0,1.0,large,1
train,2025_0526_115521_255_JPG,Dytiscidae,640,640,616.0,542.0,333872.0,0.815117,542.0,616.0,1.1365,large,1
train,2025_0526_115535_258_JPG,Dytiscidae,640,640,612.0,535.5,327726.0,0.800112,535.5,612.0,1.1429,large,1
train,2025_0526_115619_260_JPG,Dytiscidae,640,640,635.0,565.0,358775.0,0.875916,565.0,635.0,1.1239,large,1
train,2025_0526_115623_261_JPG,Dytiscidae,640,640,618.0,640.0,395520.0,0.965625,618.0,640.0,0.9656,large,1
train,2025_0526_115629_263_JPG,Dytiscidae,640,640,635.0,592.5,376237.5,0.918549,592.5,635.0,1.0717,large,1
train,2025_0526_115750_270_JPG,Dytiscidae,640,640,639.67,631.0,403629.67,0.985424,631.0,639.67,1.0137,large,1
train,2025_0526_115800_273_JPG,Dytiscidae,640,640,638.3,617.0,393828.81,0.961496,617.0,638.3,1.0345,large,1
train,2025_0526_115812_276_JPG,Dytiscidae,640,640,636.5,590.5,375853.25,0.91761,590.5,636.5,1.0779,large,1
train,2025_0526_115819_278_JPG,Dytiscidae,640,640,635.0,580.0,368300.0,0.89917,580.0,635.0,1.0948,large,1
train,2025_0526_115846_283_JPG,Dytiscidae,640,640,624.0,571.5,356616.0,0.870645,571.5,624.0,1.0919,large,1
train,2025_0526_115945_290_JPG,Dytiscidae,640,640,636.0,531.5,338034.0,0.825278,531.5,636.0,1.1966,large,1
train,2025_0526_120014_294_JPG,Dytiscidae,640,640,640.0,640.0,409600.0,1.0,640.0,640.0,1.0,large,1
train,2025_0526_120017_295_JPG,Dytiscidae,640,640,603.5,533.5,321967.25,0.786053,533.5,603.5,1.1312,large,1
train,2025_0526_120020_296_JPG,Dytiscidae,640,640,605.5,533.5,323034.25,0.788658,533.5,605.5,1.135,large,1
train,2025_0526_120053_299_JPG,Dytiscidae,640,640,633.5,548.0,347158.0,0.847554,548.0,633.5,1.156,large,1
train,2025_0526_120059_300_JPG,Dytiscidae,640,640,633.5,545.5,345574.25,0.843687,545.5,633.5,1.1613,large,1
train,2025_0526_122616_418_JPG,Dytiscidae,640,640,621.0,556.5,345586.5,0.843717,556.5,621.0,1.1159,large,1
train,2025_0526_123042_432_JPG,Dytiscidae,640,640,566.0,594.5,336487.0,0.821501,566.0,594.5,0.9521,large,1
train,2025_0526_123057_435_JPG,Dytiscidae,640,640,567.5,591.0,335392.5,0.818829,567.5,591.0,0.9602,large,1
train,2025_0526_123401_446_JPG,Dytiscidae,640,640,640.0,640.0,409600.0,1.0,640.0,640.0,1.0,large,1
train,2025_0526_123601_448_JPG,Dytiscidae,640,640,640.0,584.0,373760.0,0.9125,584.0,640.0,1.0959,large,1
train,2025_0526_123605_449_JPG,Dytiscidae,640,640,639.0,606.0,387234.0,0.945396,606.0,639.0,1.0545,large,1
train,2025_0526_123615_452_JPG,Dytiscidae,640,640,633.0,584.5,369988.5,0.903292,584.5,633.0,1.083,large,1
train,2025_0526_124402_479_JPG,Dytiscidae,640,640,619.0,599.0,370781.0,0.905227,599.0,619.0,1.0334,large,1
train,2025_0526_124411_480_JPG,Dytiscidae,640,640,631.0,639.33,403419.33,0.98491,631.0,639.33,0.987,large,1
train,2025_0526_124414_481_JPG,Dytiscidae,640,640,616.0,584.0,359744.0,0.878281,584.0,616.0,1.0548,large,1
train,2025_0526_124425_484_JPG,Dytiscidae,640,640,615.0,584.0,359160.0,0.876855,584.0,615.0,1.0531,large,1
train,2025_0526_124432_486_JPG,Dytiscidae,640,640,640.0,640.0,409600.0,1.0,640.0,640.0,1.0,large,1
train,2025_0526_124552_488_JPG,Dytiscidae,640,640,573.0,563.0,322599.0,0.787595,563.0,573.0,1.0178,large,1
train,2025_0526_124603_490_JPG,Dytiscidae,640,640,633.5,624.5,395620.75,0.965871,624.5,633.5,1.0144,large,1
train,2025_0526_124607_491_JPG,Dytiscidae,640,640,637.0,611.0,389207.0,0.950212,611.0,637.0,1.0426,large,1
train,2025_0526_124626_496_JPG,Dytiscidae,640,640,640.0,640.0,409600.0,1.0,640.0,640.0,1.0,large,1
train,2025_0526_131030_514_JPG,Dytiscidae,640,640,461.5,304.5,140526.75,0.343083,304.5,461.5,1.5156,large,2
train,2025_0526_131030_514_JPG,Dytiscidae,640,640,383.5,381.5,146305.25,0.357191,381.5,383.5,1.0052,large,2
train,2025_0526_131219_519_JPG,Dytiscidae,640,640,482.5,315.5,152228.75,0.371652,315.5,482.5,1.5293,large,2
train,2025_0526_131219_519_JPG,Dytiscidae,640,640,411.0,355.5,146110.5,0.356715,355.5,411.0,1.1561,large,2
train,2025_0526_131406_527_JPG,Dytiscidae,640,640,559.6,429.78,240503.64,0.587167,429.78,559.6,1.3021,large,2
train,2025_0526_131406_527_JPG,Dytiscidae,640,640,531.49,356.41,189426.58,0.462467,356.41,531.49,1.4912,large,2
train,2025_0526_131417_530_JPG,Dytiscidae,640,640,451.5,320.5,144705.75,0.353286,320.5,451.5,1.4087,large,2
train,2025_0526_131417_530_JPG,Dytiscidae,640,640,413.5,352.5,145758.75,0.355856,352.5,413.5,1.173,large,2
train,2025_0526_131421_531_JPG,Dytiscidae,640,640,347.21,555.6,192908.44,0.470968,347.21,555.6,0.6249,large,2
train,2025_0526_131421_531_JPG,Dytiscidae,640,640,438.35,532.01,233207.71,0.569355,438.35,532.01,0.8239,large,2
train,2025_0526_131424_532_JPG,Dytiscidae,640,640,450.5,307.0,138303.5,0.337655,307.0,450.5,1.4674,large,2
train,2025_0526_131424_532_JPG,Dytiscidae,640,640,411.5,355.0,146082.5,0.356647,355.0,411.5,1.1592,large,2
train,2025_0526_131909_535_JPG,Dytiscidae,640,640,350.0,424.0,148400.0,0.362305,350.0,424.0,0.8255,large,2
train,2025_0526_131909_535_JPG,Dytiscidae,640,640,368.5,419.5,154585.75,0.377407,368.5,419.5,0.8784,large,2
train,2025_0526_131919_538_JPG,Dytiscidae,640,640,343.0,412.0,141316.0,0.34501,343.0,412.0,0.8325,large,2
train,2025_0526_131919_538_JPG,Dytiscidae,640,640,370.0,424.0,156880.0,0.383008,370.0,424.0,0.8726,large,2
train,2025_0526_140322_579_JPG,Dytiscidae,640,640,382.0,406.0,155092.0,0.378643,382.0,406.0,0.9409,large,2
train,2025_0526_140322_579_JPG,Dytiscidae,640,640,413.5,395.0,163332.5,0.398761,395.0,413.5,1.0468,large,2
train,2025_0526_140326_580_JPG,Dytiscidae,640,640,457.07,375.87,171796.12,0.419424,375.87,457.07,1.216,large,2
train,2025_0526_140326_580_JPG,Dytiscidae,640,640,373.8,471.73,176333.92,0.430503,373.8,471.73,0.7924,large,2
train,2025_0526_140458_586_JPG,Dytiscidae,640,640,460.6,454.0,209112.4,0.510528,454.0,460.6,1.0145,large,2
train,2025_0526_140458_586_JPG,Dytiscidae,640,640,400.4,486.0,194594.4,0.475084,400.4,486.0,0.8239,large,2
train,2025_0526_140501_587_JPG,Dytiscidae,640,640,403.5,417.5,168461.25,0.411282,403.5,417.5,0.9665,large,2
train,2025_0526_140501_587_JPG,Dytiscidae,640,640,394.5,358.0,141231.0,0.344802,358.0,394.5,1.102,large,2
train,2025_0526_140505_588_JPG,Dytiscidae,640,640,466.67,415.0,193666.67,0.472819,415.0,466.67,1.1245,large,2
train,2025_0526_140505_588_JPG,Dytiscidae,640,640,422.15,418.08,176492.32,0.430889,418.08,422.15,1.0097,large,2
train,2025_0526_140509_589_JPG,Dytiscidae,640,640,400.5,422.0,169011.0,0.412625,400.5,422.0,0.9491,large,2
train,2025_0526_140509_589_JPG,Dytiscidae,640,640,392.0,347.0,136024.0,0.33209,347.0,392.0,1.1297,large,2
train,2025_0528_101125_666_JPG,Chironomidae,640,640,632.0,214.0,135248.0,0.330195,214.0,632.0,2.9533,large,1
train,2025_0528_101137_669_JPG,Chironomidae,640,640,622.0,212.0,131864.0,0.321934,212.0,622.0,2.934,large,1
train,2025_0528_101219_673_JPG,Chironomidae,640,640,276.0,634.78,175198.67,0.427731,276.0,634.78,0.4348,large,1
train,2025_0528_101237_678_JPG,Chironomidae,640,640,631.78,299.67,189322.74,0.462214,299.67,631.78,2.1083,large,1
train,2025_0528_101345_681_JPG,Chironomidae,640,640,635.0,262.5,166687.5,0.406952,262.5,635.0,2.419,large,1
train,2025_0528_101648_701_JPG,Chironomidae,640,640,629.21,264.74,166578.8,0.406687,264.74,629.21,2.3767,large,1
train,2025_0528_102458_741_JPG,Chironomidae,640,640,634.0,151.5,96051.0,0.2345,151.5,634.0,4.1848,large,1
train,2025_0528_102535_748_JPG,Chironomidae,640,640,635.5,160.0,101680.0,0.248242,160.0,635.5,3.9719,large,1
train,2025_0528_102743_763_JPG,Chironomidae,640,640,633.5,190.5,120681.75,0.294633,190.5,633.5,3.3255,large,1
train,2025_0528_102940_771_JPG,Chironomidae,640,640,640.0,298.5,191040.0,0.466406,298.5,640.0,2.1441,large,1
train,2025_0528_102959_776_JPG,Chironomidae,640,640,625.5,247.5,154811.25,0.377957,247.5,625.5,2.5273,large,1
train,2025_0528_103543_810_JPG,Chironomidae,640,640,640.0,281.5,180160.0,0.439844,281.5,640.0,2.2735,large,1
train,2025_0528_103619_814_JPG,Chironomidae,640,640,637.0,264.5,168486.5,0.411344,264.5,637.0,2.4083,large,1
train,2025_0528_103626_816_JPG,Chironomidae,640,640,640.0,249.5,159680.0,0.389844,249.5,640.0,2.5651,large,1
train,2025_0528_110913_823_JPG,Chironomidae,640,640,634.34,245.0,155413.48,0.379427,245.0,634.34,2.5891,large,1
train,2025_0528_110924_826_JPG,Chironomidae,640,640,598.5,249.5,149325.75,0.364565,249.5,598.5,2.3988,large,1
train,2025_0528_110942_831_JPG,Chironomidae,640,640,619.5,230.0,142485.0,0.347864,230.0,619.5,2.6935,large,1
train,2025_0528_111439_846_JPG,Chironomidae,640,640,635.0,179.0,113665.0,0.277502,179.0,635.0,3.5475,large,1
train,2025_0528_111443_847_JPG,Chironomidae,640,640,632.52,240.74,152272.98,0.37176,240.74,632.52,2.6274,large,1
train,2025_0528_111522_849_JPG,Chironomidae,640,640,420.96,636.19,267810.4,0.653834,420.96,636.19,0.6617,large,1
train,2025_0528_111536_853_JPG,Chironomidae,640,640,637.0,269.0,171353.0,0.418342,269.0,637.0,2.368,large,1
train,2025_0528_112207_865_JPG,Chironomidae,640,640,633.0,309.0,195597.0,0.477532,309.0,633.0,2.0485,large,1
train,2025_0528_112224_870_JPG,Chironomidae,640,640,630.5,166.0,104663.0,0.255525,166.0,630.5,3.7982,large,1
train,2025_0528_112435_880_JPG,Chironomidae,640,640,614.03,378.86,232630.81,0.567946,378.86,614.03,1.6207,large,2
train,2025_0528_112435_880_JPG,Chironomidae,640,640,636.25,363.17,231067.82,0.56413,363.17,636.25,1.7519,large,2
train,2025_0528_112439_881_JPG,Chironomidae,640,640,608.98,331.04,201594.2,0.492173,331.04,608.98,1.8396,large,2
train,2025_0528_112439_881_JPG,Chironomidae,640,640,639.29,365.26,233506.19,0.570083,365.26,639.29,1.7502,large,2
train,2025_0528_112446_883_JPG,Chironomidae,640,640,619.5,143.0,88588.5,0.216281,143.0,619.5,4.3322,large,2
train,2025_0528_112446_883_JPG,Chironomidae,640,640,630.5,226.0,142493.0,0.347883,226.0,630.5,2.7898,large,2
train,2025_0528_112511_885_JPG,Chironomidae,640,640,616.0,249.5,153692.0,0.375225,249.5,616.0,2.4689,large,2
train,2025_0528_112511_885_JPG,Chironomidae,640,640,616.0,290.0,178640.0,0.436133,290.0,616.0,2.1241,large,2
train,2025_0528_112624_895_JPG,Chironomidae,640,640,635.0,271.0,172085.0,0.420129,271.0,635.0,2.3432,large,2
train,2025_0528_112624_895_JPG,Chironomidae,640,640,635.0,245.5,155892.5,0.380597,245.5,635.0,2.5866,large,2
train,2025_0528_112635_898_JPG,Chironomidae,640,640,631.5,237.0,149665.5,0.365394,237.0,631.5,2.6646,large,2
train,2025_0528_112635_898_JPG,Chironomidae,640,640,612.5,199.0,121887.5,0.297577,199.0,612.5,3.0779,large,2
train,2025_0528_112846_904_JPG,Chironomidae,640,640,640.0,256.0,163840.0,0.4,256.0,640.0,2.5,large,2
train,2025_0528_112846_904_JPG,Chironomidae,640,640,613.0,203.0,124439.0,0.303806,203.0,613.0,3.0197,large,2
train,2025_0528_112857_907_JPG,Chironomidae,640,640,609.0,237.0,144333.0,0.352375,237.0,609.0,2.5696,large,2
train,2025_0528_112857_907_JPG,Chironomidae,640,640,640.0,230.5,147520.0,0.360156,230.5,640.0,2.7766,large,2
train,2025_0528_112900_908_JPG,Chironomidae,640,640,624.0,209.5,130728.0,0.31916,209.5,624.0,2.9785,large,2
train,2025_0528_112900_908_JPG,Chironomidae,640,640,636.5,262.5,167081.25,0.407913,262.5,636.5,2.4248,large,2
train,2025_0528_112915_912_JPG,Chironomidae,640,640,606.5,154.0,93401.0,0.22803,154.0,606.5,3.9383,large,2
train,2025_0528_112915_912_JPG,Chironomidae,640,640,634.5,220.5,139907.25,0.34157,220.5,634.5,2.8776,large,2
train,2025_0528_113313_927_JPG,Chironomidae,640,640,637.0,211.5,134725.5,0.32892,211.5,637.0,3.0118,large,3
train,2025_0528_113313_927_JPG,Chironomidae,640,640,633.5,192.5,121948.75,0.297726,192.5,633.5,3.2909,large,3
train,2025_0528_113313_927_JPG,Chironomidae,640,640,605.0,167.0,101035.0,0.246667,167.0,605.0,3.6228,large,3
train,2025_0528_113323_929_JPG,Chironomidae,640,640,215.0,640.0,137600.0,0.335938,215.0,640.0,0.3359,large,3
train,2025_0528_113323_929_JPG,Chironomidae,640,640,215.44,626.7,135018.24,0.329634,215.44,626.7,0.3438,large,3
train,2025_0528_113323_929_JPG,Chironomidae,640,640,220.13,607.25,133676.37,0.326358,220.13,607.25,0.3625,large,3
train,2025_0528_113326_930_JPG,Chironomidae,640,640,633.0,218.0,137994.0,0.336899,218.0,633.0,2.9037,large,3
train,2025_0528_113326_930_JPG,Chironomidae,640,640,631.0,209.0,131879.0,0.32197,209.0,631.0,3.0191,large,3
train,2025_0528_113326_930_JPG,Chironomidae,640,640,597.0,182.0,108654.0,0.265269,182.0,597.0,3.2802,large,3
train,2025_0528_113330_931_JPG,Chironomidae,640,640,633.5,199.0,126066.5,0.30778,199.0,633.5,3.1834,large,3
train,2025_0528_113330_931_JPG,Chironomidae,640,640,632.0,209.5,132404.0,0.323252,209.5,632.0,3.0167,large,3
train,2025_0528_113330_931_JPG,Chironomidae,640,640,600.0,194.5,116700.0,0.284912,194.5,600.0,3.0848,large,3
train,2025_0528_113333_932_JPG,Chironomidae,640,640,587.5,155.5,91356.25,0.223038,155.5,587.5,3.7781,large,3
train,2025_0528_113333_932_JPG,Chironomidae,640,640,625.5,199.0,124474.5,0.303893,199.0,625.5,3.1432,large,3
train,2025_0528_113333_932_JPG,Chironomidae,640,640,628.0,158.5,99538.0,0.243013,158.5,628.0,3.9621,large,3
train,2025_0528_113340_934_JPG,Chironomidae,640,640,600.0,149.0,89400.0,0.218262,149.0,600.0,4.0268,large,3
train,2025_0528_113340_934_JPG,Chironomidae,640,640,626.5,192.5,120601.25,0.294437,192.5,626.5,3.2545,large,3
train,2025_0528_113340_934_JPG,Chironomidae,640,640,631.0,162.5,102537.5,0.250336,162.5,631.0,3.8831,large,3
train,2025_0528_113421_936_JPG,Chironomidae,640,640,616.0,231.5,142604.0,0.348154,231.5,616.0,2.6609,large,3
train,2025_0528_113421_936_JPG,Chironomidae,640,640,612.5,230.5,141181.25,0.344681,230.5,612.5,2.6573,large,3
train,2025_0528_113421_936_JPG,Chironomidae,640,640,581.0,194.5,113004.5,0.27589,194.5,581.0,2.9871,large,3
train,2025_0528_114017_967_JPG,Chironomidae,640,640,582.5,173.5,101063.75,0.246738,173.5,582.5,3.3573,large,3
train,2025_0528_114017_967_JPG,Chironomidae,640,640,630.0,190.5,120015.0,0.293005,190.5,630.0,3.3071,large,3
train,2025_0528_114017_967_JPG,Chironomidae,640,640,628.5,226.5,142355.25,0.347547,226.5,628.5,2.7748,large,3
train,2025_0528_115258_134_JPG,Chironomidae,640,640,623.0,143.0,89089.0,0.217502,143.0,623.0,4.3566,large,1
train,2025_0528_115432_140_JPG,Chironomidae,640,640,630.8,296.93,187300.87,0.457278,296.93,630.8,2.1244,large,1
train,2025_0528_120126_162_JPG,Chironomidae,640,640,626.5,200.5,125613.25,0.306673,200.5,626.5,3.1247,large,1
train,2025_0528_120458_183_JPG,Chironomidae,640,640,603.5,214.0,129149.0,0.315305,214.0,603.5,2.8201,large,1
train,2025_0528_121337_220_JPG,Chironomidae,640,640,627.0,224.5,140761.5,0.343656,224.5,627.0,2.7929,large,1
train,2025_0528_121341_221_JPG,Chironomidae,640,640,633.5,239.0,151406.5,0.369645,239.0,633.5,2.6506,large,1
train,2025_0528_121617_230_JPG,Chironomidae,640,640,632.5,167.0,105627.5,0.25788,167.0,632.5,3.7874,large,1
train,2025_0528_122245_241_JPG,Chironomidae,640,640,635.42,420.19,266995.0,0.651843,420.19,635.42,1.5122,large,1
train,2025_0528_122248_242_JPG,Chironomidae,640,640,630.0,205.0,129150.0,0.315308,205.0,630.0,3.0732,large,1
train,2025_0528_122259_244_JPG,Chironomidae,640,640,629.5,212.5,133768.75,0.326584,212.5,629.5,2.9624,large,1
train,2025_0528_122628_253_JPG,Chironomidae,640,640,626.0,198.0,123948.0,0.302607,198.0,626.0,3.1616,large,1
train,2025_0528_123021_254_JPG,Chironomidae,640,640,635.0,277.0,175895.0,0.429431,277.0,635.0,2.2924,large,1
train,2025_0528_123028_256_JPG,Chironomidae,640,640,630.0,256.5,161595.0,0.394519,256.5,630.0,2.4561,large,1
train,2025_0528_123040_258_JPG,Chironomidae,640,640,629.0,238.5,150016.5,0.366251,238.5,629.0,2.6373,large,1
train,2025_0528_123043_259_JPG,Chironomidae,640,640,635.78,387.96,246658.23,0.602193,387.96,635.78,1.6388,large,1
train,2025_0528_123116_261_JPG,Chironomidae,640,640,636.5,205.5,130800.75,0.319338,205.5,636.5,3.0973,large,1
train,2025_0528_123217_265_JPG,Chironomidae,640,640,628.0,148.5,93258.0,0.227681,148.5,628.0,4.229,large,1
train,2025_0528_124221_284_JPG,Chironomidae,640,640,613.0,246.0,150798.0,0.368159,246.0,613.0,2.4919,large,1
train,2025_0528_124233_286_JPG,Chironomidae,640,640,630.27,381.96,240738.52,0.587741,381.96,630.27,1.6501,large,1
train,2025_0528_125040_309_JPG,Chironomidae,640,640,256.18,629.33,161221.21,0.393606,256.18,629.33,0.4071,large,1
train,2025_0528_125128_313_JPG,Chironomidae,640,640,623.5,157.0,97889.5,0.238988,157.0,623.5,3.9713,large,1
train,2025_0528_130117_333_JPG,Chironomidae,640,640,617.0,142.5,87922.5,0.214655,142.5,617.0,4.3298,large,1
train,2025_0528_130148_337_JPG,Chironomidae,640,640,618.0,144.5,89301.0,0.21802,144.5,618.0,4.2768,large,1
train,2025_0528_130225_341_JPG,Chironomidae,640,640,639.0,151.5,96808.5,0.236349,151.5,639.0,4.2178,large,1
train,2025_0528_130757_350_JPG,Chironomidae,640,640,209.57,596.02,124907.82,0.304951,209.57,596.02,0.3516,large,3
train,2025_0528_130757_350_JPG,Chironomidae,640,640,177.52,595.84,105772.11,0.258233,177.52,595.84,0.2979,large,3
train,2025_0528_130757_350_JPG,Chironomidae,640,640,166.7,632.33,105412.31,0.257354,166.7,632.33,0.2636,large,3
train,2025_0528_131549_373_JPG,Chironomidae,640,640,635.0,254.0,161290.0,0.393774,254.0,635.0,2.5,large,1
train,2025_0528_131813_380_JPG,Chironomidae,640,640,624.0,210.0,131040.0,0.319922,210.0,624.0,2.9714,large,1
train,2025_0528_131957_385_JPG,Chironomidae,640,640,640.0,323.0,206720.0,0.504687,323.0,640.0,1.9814,large,1
train,2025_0528_132001_386_JPG,Chironomidae,640,640,640.0,313.0,200320.0,0.489063,313.0,640.0,2.0447,large,1
train,2025_0528_132435_405_JPG,Chironomidae,640,640,629.0,234.5,147500.5,0.360109,234.5,629.0,2.6823,large,1
train,2025_0528_132439_406_JPG,Chironomidae,640,640,634.5,219.0,138955.5,0.339247,219.0,634.5,2.8973,large,1
train,2025_0528_133038_419_JPG,Chironomidae,640,640,633.5,218.0,138103.0,0.337166,218.0,633.5,2.906,large,1
train,2025_0528_133156_427_JPG,Chironomidae,640,640,631.5,177.0,111775.5,0.272889,177.0,631.5,3.5678,large,1
train,2025_0528_133339_432_JPG,Chironomidae,640,640,635.0,203.0,128905.0,0.314709,203.0,635.0,3.1281,large,1
train,2025_0528_133349_435_JPG,Chironomidae,640,640,635.0,214.0,135890.0,0.331763,214.0,635.0,2.9673,large,1
train,2025_0528_134030_446_JPG,Chironomidae,640,640,619.0,216.0,133704.0,0.326426,216.0,619.0,2.8657,large,1
train,2025_0528_134147_450_JPG,Chironomidae,640,640,461.5,355.0,163832.5,0.399982,355.0,461.5,1.3,large,1
train,2025_0528_134827_460_JPG,Chironomidae,640,640,614.5,163.5,100470.75,0.24529,163.5,614.5,3.7584,large,1
train,2025_0528_134909_466_JPG,Chironomidae,640,640,292.16,627.47,183317.87,0.447553,292.16,627.47,0.4656,large,1
train,2025_0528_134927_471_JPG,Chironomidae,640,640,341.74,636.0,217347.11,0.530633,341.74,636.0,0.5373,large,1
train,2025_0528_135011_473_JPG,Chironomidae,640,640,354.48,637.27,225899.23,0.551512,354.48,637.27,0.5563,large,1
train,2025_0528_135127_482_JPG,Chironomidae,640,640,618.0,191.5,118347.0,0.288933,191.5,618.0,3.2272,large,1
train,2025_0528_135243_487_JPG,Chironomidae,640,640,631.0,216.0,136296.0,0.332754,216.0,631.0,2.9213,large,1
train,2025_0528_135253_489_JPG,Chironomidae,640,640,335.96,639.15,214730.11,0.524243,335.96,639.15,0.5256,large,1
train,2025_0528_135300_491_JPG,Chironomidae,640,640,625.5,139.0,86944.5,0.212267,139.0,625.5,4.5,large,1
train,2025_0528_135327_493_JPG,Chironomidae,640,640,414.74,635.47,263553.92,0.643442,414.74,635.47,0.6527,large,1
train,2025_0528_135331_494_JPG,Chironomidae,640,640,637.0,235.0,149695.0,0.365466,235.0,637.0,2.7106,large,1
train,2025_0528_135519_501_JPG,Chironomidae,640,640,318.48,635.35,202346.62,0.49401,318.48,635.35,0.5013,large,1
train,2025_0529_110251_553_JPG,Coenagrionidae,640,640,639.0,447.0,285633.0,0.697346,447.0,639.0,1.4295,large,1
train,2025_0529_110323_562_JPG,Coenagrionidae,640,640,542.74,636.33,345360.0,0.843164,542.74,636.33,0.8529,large,1
train,2025_0529_110427_568_JPG,Coenagrionidae,640,640,481.67,635.16,305933.26,0.746907,481.67,635.16,0.7583,large,1
train,2025_0529_110441_572_JPG,Coenagrionidae,640,640,619.0,391.5,242338.5,0.591647,391.5,619.0,1.5811,large,1
train,2025_0529_110613_576_JPG,Coenagrionidae,640,640,625.5,396.0,247698.0,0.604731,396.0,625.5,1.5795,large,1
train,2025_0529_110617_577_JPG,Coenagrionidae,640,640,449.15,631.31,283552.22,0.692266,449.15,631.31,0.7115,large,1
train,2025_0529_111214_584_JPG,Coenagrionidae,640,640,630.0,506.0,318780.0,0.778271,506.0,630.0,1.2451,large,1
train,2025_0529_120156_681_JPG,Coenagrionidae,640,640,633.5,523.0,331320.5,0.808888,523.0,633.5,1.2113,large,1
train,2025_0529_120203_682_JPG,Coenagrionidae,640,640,631.0,514.5,324649.5,0.792601,514.5,631.0,1.2264,large,1
train,2025_0529_120253_689_JPG,Coenagrionidae,640,640,633.5,423.5,268287.25,0.654998,423.5,633.5,1.4959,large,1
train,2025_0529_120333_694_JPG,Coenagrionidae,640,640,640.0,415.0,265600.0,0.648438,415.0,640.0,1.5422,large,1
train,2025_0529_120336_695_JPG,Coenagrionidae,640,640,512.67,636.81,326473.73,0.797055,512.67,636.81,0.805,large,1
train,2025_0529_120351_699_JPG,Coenagrionidae,640,640,627.0,382.0,239514.0,0.584751,382.0,627.0,1.6414,large,1
train,2025_0529_120745_713_JPG,Coenagrionidae,640,640,640.0,510.0,326400.0,0.796875,510.0,640.0,1.2549,large,1
train,2025_0529_120748_714_JPG,Coenagrionidae,640,640,640.0,531.0,339840.0,0.829688,531.0,640.0,1.2053,large,1
train,2025_0529_120756_716_JPG,Coenagrionidae,640,640,638.0,523.0,333674.0,0.814634,523.0,638.0,1.2199,large,1
train,2025_0529_120806_718_JPG,Coenagrionidae,640,640,631.0,514.5,324649.5,0.792601,514.5,631.0,1.2264,large,1
train,2025_0529_121458_728_JPG,Coenagrionidae,640,640,638.0,503.5,321233.0,0.78426,503.5,638.0,1.2671,large,1
train,2025_0529_121541_733_JPG,Coenagrionidae,640,640,611.0,639.96,391012.84,0.954621,611.0,639.96,0.9548,large,1
train,2025_0529_121545_734_JPG,Coenagrionidae,640,640,640.0,431.5,276160.0,0.674219,431.5,640.0,1.4832,large,1
train,2025_0529_122424_799_JPG,Coenagrionidae,640,640,635.0,462.5,293687.5,0.71701,462.5,635.0,1.373,large,1
train,2025_0529_122810_818_JPG,Coenagrionidae,640,640,635.0,446.5,283527.5,0.692206,446.5,635.0,1.4222,large,1
train,2025_0529_123103_835_JPG,Coenagrionidae,640,640,550.0,633.33,348333.33,0.850423,550.0,633.33,0.8684,large,1
train,2025_0529_124137_865_JPG,Coenagrionidae,640,640,639.0,516.0,329724.0,0.80499,516.0,639.0,1.2384,large,1
train,2025_0529_124429_887_JPG,Coenagrionidae,640,640,627.0,550.0,344850.0,0.841919,550.0,627.0,1.14,large,1
train,2025_0529_124657_906_JPG,Coenagrionidae,640,640,622.5,583.0,362917.5,0.886029,583.0,622.5,1.0678,large,1
train,2025_0529_124708_909_JPG,Coenagrionidae,640,640,640.0,640.0,409600.0,1.0,640.0,640.0,1.0,large,1
train,2025_0529_124818_915_JPG,Coenagrionidae,640,640,534.7,639.46,341921.23,0.834769,534.7,639.46,0.8362,large,1
train,2025_0529_124918_925_JPG,Coenagrionidae,640,640,637.5,433.0,276037.5,0.67392,433.0,637.5,1.4723,large,1
train,2025_0529_125024_930_JPG,Coenagrionidae,640,640,638.0,459.5,293161.0,0.715725,459.5,638.0,1.3885,large,1
train,2025_0529_125036_933_JPG,Coenagrionidae,640,640,632.0,450.5,284716.0,0.695107,450.5,632.0,1.4029,large,1
train,2025_0529_125043_935_JPG,Coenagrionidae,640,640,635.0,448.5,284797.5,0.695306,448.5,635.0,1.4158,large,1
train,2025_0529_125538_951_JPG,Coenagrionidae,640,640,639.0,488.0,311832.0,0.761309,488.0,639.0,1.3094,large,1
train,2025_0529_130456_987_JPG,Coenagrionidae,640,640,628.0,628.0,394384.0,0.962852,628.0,628.0,1.0,large,1
train,2025_0529_130500_988_JPG,Coenagrionidae,640,640,631.0,630.0,397530.0,0.970532,630.0,631.0,1.0016,large,1
train,2025_0529_130507_990_JPG,Coenagrionidae,640,640,640.0,640.0,409600.0,1.0,640.0,640.0,1.0,large,1
train,2025_0529_130525_994_JPG,Coenagrionidae,640,640,628.0,624.0,391872.0,0.956719,624.0,628.0,1.0064,large,1
train,2025_0529_130922_995_JPG,Coenagrionidae,640,640,613.0,634.0,388642.0,0.948833,613.0,634.0,0.9669,large,1
train,2025_0529_130936_999_JPG,Coenagrionidae,640,640,640.0,640.0,409600.0,1.0,640.0,640.0,1.0,large,1
train,2025_0529_131304_121_JPG,Coenagrionidae,640,640,637.42,582.0,370979.73,0.905712,582.0,637.42,1.0952,large,1
train,2025_0529_131653_137_JPG,Coenagrionidae,640,640,630.0,518.5,326655.0,0.797498,518.5,630.0,1.215,large,1
train,2025_0529_131704_140_JPG,Coenagrionidae,640,640,638.44,637.78,407185.68,0.994106,637.78,638.44,1.001,large,1
train,2025_0529_131738_145_JPG,Coenagrionidae,640,640,640.0,453.0,289920.0,0.707812,453.0,640.0,1.4128,large,1
train,2025_0529_131818_150_JPG,Coenagrionidae,640,640,640.0,487.0,311680.0,0.760938,487.0,640.0,1.3142,large,1
train,2025_0529_132044_163_JPG,Coenagrionidae,640,640,635.0,459.5,291782.5,0.71236,459.5,635.0,1.3819,large,1
train,2025_0529_132221_168_JPG,Coenagrionidae,640,640,639.0,465.5,297454.5,0.726207,465.5,639.0,1.3727,large,1
train,2025_0529_132828_199_JPG,Coenagrionidae,640,640,637.1,591.0,376523.91,0.919248,591.0,637.1,1.078,large,1
train,2025_0529_132832_200_JPG,Coenagrionidae,640,640,640.0,640.0,409600.0,1.0,640.0,640.0,1.0,large,1
train,2025_0529_134150_272_JPG,Coenagrionidae,640,640,640.0,640.0,409600.0,1.0,640.0,640.0,1.0,large,1
train,2025_0529_134241_281_JPG,Coenagrionidae,640,640,624.0,605.5,377832.0,0.922441,605.5,624.0,1.0306,large,1
train,2025_0529_134405_291_JPG,Coenagrionidae,640,640,622.0,529.0,329038.0,0.803315,529.0,622.0,1.1758,large,1
train,2025_0529_134409_292_JPG,Coenagrionidae,640,640,635.0,539.5,342582.5,0.836383,539.5,635.0,1.177,large,1
train,2025_0529_135738_307_JPG,Coenagrionidae,640,640,371.45,598.98,222491.4,0.543192,371.45,598.98,0.6201,large,2
train,2025_0529_135738_307_JPG,Coenagrionidae,640,640,439.0,640.0,280960.0,0.685937,439.0,640.0,0.6859,large,2
train,2025_0529_140214_327_JPG,Coenagrionidae,640,640,640.0,348.0,222720.0,0.54375,348.0,640.0,1.8391,large,2
train,2025_0529_140214_327_JPG,Coenagrionidae,640,640,563.0,315.0,177345.0,0.432971,315.0,563.0,1.7873,large,2
train,2025_0529_140218_328_JPG,Coenagrionidae,640,640,547.5,315.5,172736.25,0.421719,315.5,547.5,1.7353,large,2
train,2025_0529_140218_328_JPG,Coenagrionidae,640,640,627.0,340.5,213493.5,0.521224,340.5,627.0,1.8414,large,2
train,2025_0529_140233_332_JPG,Coenagrionidae,640,640,557.0,307.0,170999.0,0.417478,307.0,557.0,1.8143,large,2
train,2025_0529_140233_332_JPG,Coenagrionidae,640,640,628.5,348.0,218718.0,0.533979,348.0,628.5,1.806,large,2
train,2025_0529_140503_345_JPG,Coenagrionidae,640,640,544.5,283.5,154365.75,0.37687,283.5,544.5,1.9206,large,2
train,2025_0529_140503_345_JPG,Coenagrionidae,640,640,630.0,336.5,211995.0,0.517566,336.5,630.0,1.8722,large,2
train,2025_0529_140507_346_JPG,Coenagrionidae,640,640,539.5,292.0,157534.0,0.384604,292.0,539.5,1.8476,large,2
train,2025_0529_140507_346_JPG,Coenagrionidae,640,640,637.0,353.5,225179.5,0.549755,353.5,637.0,1.802,large,2
train,2025_0529_140518_349_JPG,Coenagrionidae,640,640,346.22,597.47,206856.24,0.50502,346.22,597.47,0.5795,large,2
train,2025_0529_140518_349_JPG,Coenagrionidae,640,640,385.0,640.0,246400.0,0.601562,385.0,640.0,0.6016,large,2
train,2025_0529_140529_352_JPG,Coenagrionidae,640,640,599.89,334.41,200607.29,0.489764,334.41,599.89,1.7939,large,2
train,2025_0529_140529_352_JPG,Coenagrionidae,640,640,636.79,423.0,269360.13,0.657618,423.0,636.79,1.5054,large,2
train,2025_0529_140631_354_JPG,Coenagrionidae,640,640,543.0,296.5,160999.5,0.393065,296.5,543.0,1.8314,large,2
train,2025_0529_140631_354_JPG,Coenagrionidae,640,640,633.5,343.0,217290.5,0.530494,343.0,633.5,1.8469,large,2
train,2025_0529_140646_358_JPG,Coenagrionidae,640,640,610.82,395.67,241681.99,0.590044,395.67,610.82,1.5438,large,2
train,2025_0529_140646_358_JPG,Coenagrionidae,640,640,640.0,363.0,232320.0,0.567187,363.0,640.0,1.7631,large,2
train,2025_0529_140649_359_JPG,Coenagrionidae,640,640,533.5,305.0,162717.5,0.39726,305.0,533.5,1.7492,large,2
train,2025_0529_140649_359_JPG,Coenagrionidae,640,640,631.5,336.5,212499.75,0.518798,336.5,631.5,1.8767,large,2
train,2025_0529_140653_360_JPG,Coenagrionidae,640,640,543.0,302.5,164257.5,0.401019,302.5,543.0,1.795,large,2
train,2025_0529_140653_360_JPG,Coenagrionidae,640,640,631.5,346.0,218499.0,0.533445,346.0,631.5,1.8251,large,2
train,2025_0529_140657_361_JPG,Coenagrionidae,640,640,530.0,296.5,157145.0,0.383655,296.5,530.0,1.7875,large,2
train,2025_0529_140657_361_JPG,Coenagrionidae,640,640,635.0,343.0,217805.0,0.53175,343.0,635.0,1.8513,large,2
train,2025_0529_140701_362_JPG,Coenagrionidae,640,640,541.5,298.5,161637.75,0.394623,298.5,541.5,1.8141,large,2
train,2025_0529_140701_362_JPG,Coenagrionidae,640,640,635.0,347.0,220345.0,0.537952,347.0,635.0,1.83,large,2
train,2025_0529_140735_365_JPG,Coenagrionidae,640,640,544.5,300.5,163622.25,0.399468,300.5,544.5,1.812,large,2
train,2025_0529_140735_365_JPG,Coenagrionidae,640,640,633.5,335.0,212222.5,0.518121,335.0,633.5,1.891,large,2
train,2025_0529_140750_369_JPG,Coenagrionidae,640,640,539.5,307.0,165626.5,0.404362,307.0,539.5,1.7573,large,2
train,2025_0529_140750_369_JPG,Coenagrionidae,640,640,635.0,332.5,211137.5,0.515472,332.5,635.0,1.9098,large,2
train,2025_0529_140850_375_JPG,Coenagrionidae,640,640,531.5,302.5,160778.75,0.392526,302.5,531.5,1.757,large,2
train,2025_0529_140850_375_JPG,Coenagrionidae,640,640,639.5,338.5,216470.75,0.528493,338.5,639.5,1.8892,large,2
train,2025_0529_140909_380_JPG,Coenagrionidae,640,640,535.0,300.5,160767.5,0.392499,300.5,535.0,1.7804,large,2
train,2025_0529_140909_380_JPG,Coenagrionidae,640,640,635.0,351.5,223202.5,0.544928,351.5,635.0,1.8065,large,2
train,2025_0529_141508_385_JPG,Coenagrionidae,640,640,578.0,361.97,209218.87,0.510788,361.97,578.0,1.5968,large,2
train,2025_0529_141508_385_JPG,Coenagrionidae,640,640,640.0,361.0,231040.0,0.564063,361.0,640.0,1.7729,large,2
train,2025_0529_141524_389_JPG,Coenagrionidae,640,640,554.0,315.5,174787.0,0.426726,315.5,554.0,1.7559,large,2
train,2025_0529_141524_389_JPG,Coenagrionidae,640,640,630.0,351.5,221445.0,0.540637,351.5,630.0,1.7923,large,2
train,2025_0529_141528_390_JPG,Coenagrionidae,640,640,558.5,321.5,179557.75,0.438373,321.5,558.5,1.7372,large,2
train,2025_0529_141528_390_JPG,Coenagrionidae,640,640,622.0,341.5,212413.0,0.518586,341.5,622.0,1.8214,large,2
train,2025_0529_141539_392_JPG,Coenagrionidae,640,640,554.0,311.0,172294.0,0.42064,311.0,554.0,1.7814,large,2
train,2025_0529_141539_392_JPG,Coenagrionidae,640,640,619.0,351.5,217578.5,0.531198,351.5,619.0,1.761,large,2
train,2025_0529_141720_396_JPG,Coenagrionidae,640,640,608.19,354.47,215581.38,0.526322,354.47,608.19,1.7158,large,2
train,2025_0529_141720_396_JPG,Coenagrionidae,640,640,635.76,354.0,225060.09,0.549463,354.0,635.76,1.7959,large,2
train,2025_0529_141746_403_JPG,Coenagrionidae,640,640,571.5,321.5,183737.25,0.448577,321.5,571.5,1.7776,large,2
train,2025_0529_141746_403_JPG,Coenagrionidae,640,640,640.0,350.0,224000.0,0.546875,350.0,640.0,1.8286,large,2
train,2025_0529_141750_404_JPG,Coenagrionidae,640,640,571.5,315.5,180308.25,0.440206,315.5,571.5,1.8114,large,2
train,2025_0529_141750_404_JPG,Coenagrionidae,640,640,633.5,363.0,229960.5,0.561427,363.0,633.5,1.7452,large,2
train,2025_0529_141818_411_JPG,Coenagrionidae,640,640,554.0,305.0,168970.0,0.412524,305.0,554.0,1.8164,large,2
train,2025_0529_141818_411_JPG,Coenagrionidae,640,640,630.0,326.0,205380.0,0.501416,326.0,630.0,1.9325,large,2
train,2025_0529_141942_418_JPG,Coenagrionidae,640,640,566.5,285.5,161735.75,0.394863,285.5,566.5,1.9842,large,2
train,2025_0529_141942_418_JPG,Coenagrionidae,640,640,632.0,355.0,224360.0,0.547754,355.0,632.0,1.7803,large,2
train,2025_0529_141946_419_JPG,Coenagrionidae,640,640,560.5,317.5,177958.75,0.43447,317.5,560.5,1.7654,large,2
train,2025_0529_141946_419_JPG,Coenagrionidae,640,640,634.0,357.0,226338.0,0.552583,357.0,634.0,1.7759,large,2
train,2025_0529_141949_420_JPG,Coenagrionidae,640,640,566.5,281.5,159469.75,0.38933,281.5,566.5,2.0124,large,2
train,2025_0529_141949_420_JPG,Coenagrionidae,640,640,622.0,343.0,213346.0,0.520864,343.0,622.0,1.8134,large,2
train,2025_0529_142001_423_JPG,Coenagrionidae,640,640,562.0,290.0,162980.0,0.3979,290.0,562.0,1.9379,large,2
train,2025_0529_142001_423_JPG,Coenagrionidae,640,640,631.5,360.0,227340.0,0.555029,360.0,631.5,1.7542,large,2
train,2025_0529_143756_469_JPG,Coenagrionidae,640,640,558.0,315.0,175770.0,0.429126,315.0,558.0,1.7714,large,2
train,2025_0529_143756_469_JPG,Coenagrionidae,640,640,633.0,346.0,219018.0,0.534712,346.0,633.0,1.8295,large,2
train,2025_0529_143818_475_JPG,Coenagrionidae,640,640,325.04,622.35,202286.2,0.493863,325.04,622.35,0.5223,large,2
train,2025_0529_143818_475_JPG,Coenagrionidae,640,640,419.41,640.0,268420.74,0.655324,419.41,640.0,0.6553,large,2
train,2025_0529_143837_480_JPG,Coenagrionidae,640,640,598.6,354.0,211904.4,0.517345,354.0,598.6,1.691,large,2
train,2025_0529_143837_480_JPG,Coenagrionidae,640,640,640.0,439.67,281386.67,0.686979,439.67,640.0,1.4556,large,2
train,2025_0602_123434_534_JPG,Physidae,640,640,303.67,548.2,166474.13,0.406431,303.67,548.2,0.5539,large,1
train,2025_0602_123452_535_JPG,Physidae,640,640,308.0,442.5,136290.0,0.332739,308.0,442.5,0.696,large,1
train,2025_0602_123511_540_JPG,Physidae,640,640,303.0,427.5,129532.5,0.316241,303.0,427.5,0.7088,large,1
train,2025_0602_123518_542_JPG,Physidae,640,640,303.0,434.0,131502.0,0.32105,303.0,434.0,0.6982,large,1
train,2025_0602_123729_561_JPG,Physidae,640,640,371.5,374.5,139126.75,0.339665,371.5,374.5,0.992,large,1
train,2025_0602_123733_562_JPG,Physidae,640,640,368.5,370.5,136529.25,0.333323,368.5,370.5,0.9946,large,1
train,2025_0602_123916_572_JPG,Physidae,640,640,446.0,463.61,206768.9,0.504807,446.0,463.61,0.962,large,1
train,2025_0602_124021_581_JPG,Physidae,640,640,519.33,425.0,220716.67,0.538859,425.0,519.33,1.222,large,1
train,2025_0602_124119_593_JPG,Physidae,640,640,338.0,360.0,121680.0,0.29707,338.0,360.0,0.9389,large,1
train,2025_0602_124253_611_JPG,Physidae,640,640,366.0,480.0,175680.0,0.428906,366.0,480.0,0.7625,large,1
train,2025_0602_124301_613_JPG,Physidae,640,640,377.4,526.48,198694.11,0.485093,377.4,526.48,0.7168,large,1
train,2025_0602_124727_623_JPG,Physidae,640,640,454.0,408.5,185459.0,0.452781,408.5,454.0,1.1114,large,1
train,2025_0602_124828_634_JPG,Physidae,640,640,409.5,461.5,188984.25,0.461387,409.5,461.5,0.8873,large,1
train,2025_0602_124910_641_JPG,Physidae,640,640,433.5,381.0,165163.5,0.403231,381.0,433.5,1.1378,large,1
train,2025_0602_124922_644_JPG,Physidae,640,640,431.5,383.0,165264.5,0.403478,383.0,431.5,1.1266,large,1
train,2025_0602_125429_674_JPG,Physidae,640,640,522.0,484.5,252909.0,0.617454,484.5,522.0,1.0774,large,1
train,2025_0602_125521_681_JPG,Physidae,640,640,428.5,599.0,256671.5,0.626639,428.5,599.0,0.7154,large,1
train,2025_0602_125525_682_JPG,Physidae,640,640,428.5,597.0,255814.5,0.624547,428.5,597.0,0.7178,large,1
train,2025_0602_125529_683_JPG,Physidae,640,640,638.71,587.7,375372.89,0.916438,587.7,638.71,1.0868,large,1
train,2025_0602_125648_691_JPG,Physidae,640,640,531.5,514.5,273456.75,0.667619,514.5,531.5,1.033,large,1
train,2025_0602_125656_693_JPG,Physidae,640,640,640.0,640.0,409600.0,1.0,640.0,640.0,1.0,large,1
train,2025_0602_125832_709_JPG,Physidae,640,640,531.5,493.0,262029.5,0.63972,493.0,531.5,1.0781,large,1
train,2025_0602_125839_711_JPG,Physidae,640,640,565.0,557.48,314977.04,0.768987,557.48,565.0,1.0135,large,1
train,2025_0602_125929_721_JPG,Physidae,640,640,573.0,448.5,256990.5,0.627418,448.5,573.0,1.2776,large,1
train,2025_0602_130623_770_JPG,Physidae,640,640,528.5,506.0,267421.0,0.652883,506.0,528.5,1.0445,large,1
train,2025_0602_130648_775_JPG,Physidae,640,640,527.0,484.5,255331.5,0.623368,484.5,527.0,1.0877,large,1
train,2025_0602_130707_780_JPG,Physidae,640,640,520.5,487.0,253483.5,0.618856,487.0,520.5,1.0688,large,1
train,2025_0602_130720_783_JPG,Physidae,640,640,516.0,491.0,253356.0,0.618545,491.0,516.0,1.0509,large,1
train,2025_0602_130738_786_JPG,Physidae,640,640,490.5,503.5,246966.75,0.602946,490.5,503.5,0.9742,large,1
train,2025_0602_130749_789_JPG,Physidae,640,640,501.5,510.0,255765.0,0.624426,501.5,510.0,0.9833,large,1
train,2025_0602_130901_804_JPG,Physidae,640,640,519.0,569.38,295507.07,0.721453,519.0,569.38,0.9115,large,1
train,2025_0602_130909_806_JPG,Physidae,640,640,482.5,503.5,242938.75,0.593112,482.5,503.5,0.9583,large,1
train,2025_0602_130944_813_JPG,Physidae,640,640,585.42,634.47,371430.89,0.906814,585.42,634.47,0.9227,large,1
train,2025_0602_130955_816_JPG,Physidae,640,640,441.5,565.0,249447.5,0.609003,441.5,565.0,0.7814,large,1
train,2025_0602_131035_824_JPG,Physidae,640,640,638.64,482.19,307941.32,0.75181,482.19,638.64,1.3245,large,1
train,2025_0602_131734_866_JPG,Physidae,640,640,601.5,446.5,268569.75,0.655688,446.5,601.5,1.3471,large,1
train,2025_0602_131738_867_JPG,Physidae,640,640,601.5,431.5,259547.25,0.63366,431.5,601.5,1.394,large,1
train,2025_0602_131948_885_JPG,Physidae,640,640,576.0,419.0,241344.0,0.589219,419.0,576.0,1.3747,large,1
train,2025_0602_131956_887_JPG,Physidae,640,640,574.5,415.0,238417.5,0.582074,415.0,574.5,1.3843,large,1
train,2025_0602_132941_898_JPG,Physidae,640,640,173.0,243.5,42125.5,0.102845,173.0,243.5,0.7105,large,4
train,2025_0602_132941_898_JPG,Physidae,640,640,152.5,260.5,39726.25,0.096988,152.5,260.5,0.5854,large,4
train,2025_0602_132941_898_JPG,Physidae,640,640,151.0,194.5,29369.5,0.071703,151.0,194.5,0.7763,large,4
train,2025_0602_132941_898_JPG,Physidae,640,640,219.0,317.5,69532.5,0.169757,219.0,317.5,0.6898,large,4
train,2025_0602_133013_903_JPG,Physidae,640,640,158.5,201.0,31858.5,0.07778,158.5,201.0,0.7886,large,4
train,2025_0602_133013_903_JPG,Physidae,640,640,198.5,214.0,42479.0,0.103708,198.5,214.0,0.9276,large,4
train,2025_0602_133013_903_JPG,Physidae,640,640,265.0,269.0,71285.0,0.174036,265.0,269.0,0.9851,large,4
train,2025_0602_133013_903_JPG,Physidae,640,640,206.5,192.5,39751.25,0.097049,192.5,206.5,1.0727,large,4
train,2025_0602_140043_949_JPG,Physidae,640,640,256.25,214.82,55048.59,0.134396,214.82,256.25,1.1929,large,4
train,2025_0602_140043_949_JPG,Physidae,640,640,319.75,336.47,107584.59,0.262658,319.75,336.47,0.9503,large,4
train,2025_0602_140043_949_JPG,Physidae,640,640,316.08,382.13,120785.27,0.294886,316.08,382.13,0.8271,large,4
train,2025_0602_140043_949_JPG,Physidae,640,640,279.55,253.87,70967.96,0.173262,253.87,279.55,1.1012,large,4
train,2025_0602_140051_951_JPG,Physidae,640,640,222.92,228.89,51023.57,0.124569,222.92,228.89,0.9739,large,4
train,2025_0602_140051_951_JPG,Physidae,640,640,309.99,385.93,119633.62,0.292074,309.99,385.93,0.8032,large,4
train,2025_0602_140051_951_JPG,Physidae,640,640,322.64,348.39,112406.93,0.274431,322.64,348.39,0.9261,large,4
train,2025_0602_140051_951_JPG,Physidae,640,640,278.16,220.7,61389.96,0.149878,220.7,278.16,1.2603,large,4
train,2025_0602_140149_962_JPG,Physidae,640,640,181.0,167.0,30227.0,0.073796,167.0,181.0,1.0838,large,4
train,2025_0602_140149_962_JPG,Physidae,640,640,284.0,262.5,74550.0,0.182007,262.5,284.0,1.0819,large,4
train,2025_0602_140149_962_JPG,Physidae,640,640,293.5,313.0,91865.5,0.224281,293.5,313.0,0.9377,large,4
train,2025_0602_140149_962_JPG,Physidae,640,640,217.5,222.0,48285.0,0.117883,217.5,222.0,0.9797,large,4
train,2025_0602_140200_965_JPG,Physidae,640,640,181.0,161.0,29141.0,0.071145,161.0,181.0,1.1242,large,4
train,2025_0602_140200_965_JPG,Physidae,640,640,302.0,290.0,87580.0,0.213818,290.0,302.0,1.0414,large,4
train,2025_0602_140200_965_JPG,Physidae,640,640,220.5,218.0,48069.0,0.117356,218.0,220.5,1.0115,large,4
train,2025_0602_140200_965_JPG,Physidae,640,640,276.0,254.0,70104.0,0.171152,254.0,276.0,1.0866,large,4
train,2025_0602_140233_971_JPG,Physidae,640,640,217.5,211.5,46001.25,0.112308,211.5,217.5,1.0284,large,4
train,2025_0602_140233_971_JPG,Physidae,640,640,292.0,241.5,70518.0,0.172163,241.5,292.0,1.2091,large,4
train,2025_0602_140233_971_JPG,Physidae,640,640,331.5,277.0,91825.5,0.224183,277.0,331.5,1.1968,large,4
train,2025_0602_140233_971_JPG,Physidae,640,640,182.5,180.0,32850.0,0.0802,180.0,182.5,1.0139,large,4
train,2025_0602_140249_975_JPG,Physidae,640,640,212.5,192.5,40906.25,0.099869,192.5,212.5,1.1039,large,4
train,2025_0602_140249_975_JPG,Physidae,640,640,293.5,252.0,73962.0,0.180571,252.0,293.5,1.1647,large,4
train,2025_0602_140249_975_JPG,Physidae,640,640,308.0,264.5,81466.0,0.198892,264.5,308.0,1.1645,large,4
train,2025_0602_140249_975_JPG,Physidae,640,640,187.5,167.0,31312.5,0.076447,167.0,187.5,1.1228,large,4
train,2025_0602_140342_987_JPG,Physidae,640,640,214.5,199.0,42685.5,0.104213,199.0,214.5,1.0779,large,4
train,2025_0602_140342_987_JPG,Physidae,640,640,284.0,239.0,67876.0,0.165713,239.0,284.0,1.1883,large,4
train,2025_0602_140342_987_JPG,Physidae,640,640,301.5,266.5,80349.75,0.196166,266.5,301.5,1.1313,large,4
train,2025_0602_140342_987_JPG,Physidae,640,640,179.5,156.5,28091.75,0.068583,156.5,179.5,1.147,large,4
train,2025_0602_141250_107_JPG,Physidae,640,640,219.0,192.5,42157.5,0.102924,192.5,219.0,1.1377,large,4
train,2025_0602_141250_107_JPG,Physidae,640,640,285.5,258.0,73659.0,0.179832,258.0,285.5,1.1066,large,4
train,2025_0602_141250_107_JPG,Physidae,640,640,176.0,182.0,32032.0,0.078203,176.0,182.0,0.967,large,4
train,2025_0602_141250_107_JPG,Physidae,640,640,287.0,282.0,80934.0,0.197593,282.0,287.0,1.0177,large,4
train,2025_0602_141258_109_JPG,Physidae,640,640,219.0,211.5,46318.5,0.113082,211.5,219.0,1.0355,large,4
train,2025_0602_141258_109_JPG,Physidae,640,640,274.5,254.0,69723.0,0.170222,254.0,274.5,1.0807,large,4
train,2025_0602_141258_109_JPG,Physidae,640,640,179.5,182.0,32669.0,0.079758,179.5,182.0,0.9863,large,4
train,2025_0602_141258_109_JPG,Physidae,640,640,297.0,302.5,89842.5,0.219342,297.0,302.5,0.9818,large,4
train,2025_0602_141358_119_JPG,Physidae,640,640,183.13,208.31,38148.71,0.093136,183.13,208.31,0.8791,large,4
train,2025_0602_141358_119_JPG,Physidae,640,640,305.81,333.19,101892.76,0.248762,305.81,333.19,0.9178,large,4
train,2025_0602_141358_119_JPG,Physidae,640,640,235.29,247.69,58278.44,0.142281,235.29,247.69,0.9499,large,4
train,2025_0602_141358_119_JPG,Physidae,640,640,259.81,318.93,82863.6,0.202304,259.81,318.93,0.8146,large,4
train,2025_0602_142107_132_JPG,Physidae,640,640,403.0,448.5,180745.5,0.441273,403.0,448.5,0.8986,large,1
train,2025_0602_142134_137_JPG,Physidae,640,640,431.5,406.5,175404.75,0.428234,406.5,431.5,1.0615,large,1
train,2025_0602_142138_138_JPG,Physidae,640,640,431.5,402.0,173463.0,0.423494,402.0,431.5,1.0734,large,1
train,2025_0602_142213_145_JPG,Physidae,640,640,450.49,468.99,211272.61,0.515802,450.49,468.99,0.9606,large,1
train,2025_0602_142244_151_JPG,Physidae,640,640,376.0,467.5,175780.0,0.42915,376.0,467.5,0.8043,large,1
train,2025_0602_142248_152_JPG,Physidae,640,640,374.5,476.0,178262.0,0.43521,374.5,476.0,0.7868,large,1
train,2025_0602_142829_198_JPG,Physidae,640,640,428.5,347.0,148689.5,0.363011,347.0,428.5,1.2349,large,1
train,2025_0602_143910_223_JPG,Physidae,640,640,232.93,293.39,68338.74,0.166843,232.93,293.39,0.7939,large,2
train,2025_0602_143910_223_JPG,Physidae,640,640,338.0,394.8,133442.4,0.325787,338.0,394.8,0.8561,large,2
train,2025_0602_143914_224_JPG,Physidae,640,640,220.5,254.0,56007.0,0.136736,220.5,254.0,0.8681,large,2
train,2025_0602_143914_224_JPG,Physidae,640,640,289.0,349.0,100861.0,0.246243,289.0,349.0,0.8281,large,2
train,2025_0602_143925_227_JPG,Physidae,640,640,210.22,309.24,65010.05,0.158716,210.22,309.24,0.6798,large,2
train,2025_0602_143925_227_JPG,Physidae,640,640,316.78,388.96,123212.48,0.300812,316.78,388.96,0.8144,large,2
train,2025_0602_144002_233_JPG,Physidae,640,640,193.5,288.0,55728.0,0.136055,193.5,288.0,0.6719,large,2
train,2025_0602_144002_233_JPG,Physidae,640,640,265.0,408.5,108252.5,0.264288,265.0,408.5,0.6487,large,2
train,2025_0602_144023_238_JPG,Physidae,640,640,190.5,302.5,57626.25,0.140689,190.5,302.5,0.6298,large,2
train,2025_0602_144023_238_JPG,Physidae,640,640,260.5,396.0,103158.0,0.251851,260.5,396.0,0.6578,large,2
train,2025_0602_144124_248_JPG,Physidae,640,640,331.5,302.5,100278.75,0.244821,302.5,331.5,1.0959,large,2
train,2025_0602_144124_248_JPG,Physidae,640,640,239.5,218.0,52211.0,0.127468,218.0,239.5,1.0986,large,2
train,2025_0602_144127_249_JPG,Physidae,640,640,236.5,211.5,50019.75,0.122119,211.5,236.5,1.1182,large,2
train,2025_0602_144127_249_JPG,Physidae,640,640,339.5,315.5,107112.25,0.261505,315.5,339.5,1.0761,large,2
train,2025_0602_144143_250_JPG,Physidae,640,640,338.0,311.0,105118.0,0.256636,311.0,338.0,1.0868,large,2
train,2025_0602_144143_250_JPG,Physidae,640,640,235.0,235.0,55225.0,0.134827,235.0,235.0,1.0,large,2
train,2025_0602_144418_267_JPG,Physidae,640,640,306.5,398.0,121987.0,0.29782,306.5,398.0,0.7701,large,2
train,2025_0602_144418_267_JPG,Physidae,640,640,201.5,275.0,55412.5,0.135284,201.5,275.0,0.7327,large,2
train,2025_0602_144456_269_JPG,Physidae,640,640,352.21,199.25,70179.45,0.171337,199.25,352.21,1.7677,large,2
train,2025_0602_144456_269_JPG,Physidae,640,640,546.7,292.53,159929.06,0.390452,292.53,546.7,1.8689,large,2
train,2025_0602_144500_270_JPG,Physidae,640,640,176.0,332.5,58520.0,0.142871,176.0,332.5,0.5293,large,2
train,2025_0602_144500_270_JPG,Physidae,640,640,244.5,467.5,114303.75,0.279062,244.5,467.5,0.523,large,2
train,2025_0604_105638_344_JPG,Noteridae,640,640,339.5,336.5,114241.75,0.278911,336.5,339.5,1.0089,large,1
train,2025_0604_105948_362_JPG,Noteridae,640,640,471.5,343.0,161724.5,0.394835,343.0,471.5,1.3746,large,1
train,2025_0604_110029_369_JPG,Noteridae,640,640,542.13,553.24,299932.25,0.732256,542.13,553.24,0.9799,large,1
train,2025_0604_110048_372_JPG,Noteridae,640,640,454.0,345.0,156630.0,0.382397,345.0,454.0,1.3159,large,1
train,2025_0604_110056_374_JPG,Noteridae,640,640,457.0,349.0,159493.0,0.389387,349.0,457.0,1.3095,large,1
train,2025_0604_110156_382_JPG,Noteridae,640,640,602.3,569.84,343212.85,0.837922,569.84,602.3,1.057,large,1
train,2025_0604_110247_391_JPG,Noteridae,640,640,546.37,496.82,271448.94,0.662717,496.82,546.37,1.0997,large,1
train,2025_0604_110723_431_JPG,Noteridae,640,640,492.0,400.0,196800.0,0.480469,400.0,492.0,1.23,large,1
train,2025_0604_110851_438_JPG,Noteridae,640,640,534.81,469.86,251284.21,0.613487,469.86,534.81,1.1382,large,1
train,2025_0604_110859_440_JPG,Noteridae,640,640,470.0,415.0,195050.0,0.476196,415.0,470.0,1.1325,large,1
train,2025_0604_111339_475_JPG,Noteridae,640,640,481.0,446.5,214766.5,0.524332,446.5,481.0,1.0773,large,1
train,2025_0604_111407_481_JPG,Noteridae,640,640,487.5,451.0,219862.5,0.536774,451.0,487.5,1.0809,large,1
train,2025_0604_111418_482_JPG,Noteridae,640,640,466.5,444.5,207359.25,0.506248,444.5,466.5,1.0495,large,1
train,2025_0604_111422_483_JPG,Noteridae,640,640,547.0,564.13,308580.93,0.753371,547.0,564.13,0.9696,large,1
train,2025_0604_111428_484_JPG,Noteridae,640,640,460.5,457.0,210448.5,0.51379,457.0,460.5,1.0077,large,1
train,2025_0604_111432_485_JPG,Noteridae,640,640,462.0,448.5,207207.0,0.505876,448.5,462.0,1.0301,large,1
train,2025_0604_111441_487_JPG,Noteridae,640,640,476.0,487.0,231812.0,0.565947,476.0,487.0,0.9774,large,1
train,2025_0604_111517_493_JPG,Noteridae,640,640,463.5,434.0,201159.0,0.491111,434.0,463.5,1.068,large,1
train,2025_0604_111555_498_JPG,Noteridae,640,640,465.0,457.0,212505.0,0.518811,457.0,465.0,1.0175,large,1
train,2025_0604_111616_501_JPG,Noteridae,640,640,481.0,453.0,217893.0,0.531965,453.0,481.0,1.0618,large,1
train,2025_0604_111624_503_JPG,Noteridae,640,640,481.0,446.5,214766.5,0.524332,446.5,481.0,1.0773,large,1
train,2025_0604_111843_508_JPG,Noteridae,640,640,497.0,421.0,209237.0,0.510833,421.0,497.0,1.1805,large,1
train,2025_0604_111914_514_JPG,Noteridae,640,640,487.5,402.0,195975.0,0.478455,402.0,487.5,1.2127,large,1
train,2025_0604_111938_517_JPG,Noteridae,640,640,548.22,512.96,281213.63,0.686557,512.96,548.22,1.0688,large,1
train,2025_0604_111955_521_JPG,Noteridae,640,640,478.0,446.5,213427.0,0.521062,446.5,478.0,1.0705,large,1
train,2025_0604_112302_536_JPG,Noteridae,640,640,600.8,581.6,349425.28,0.853089,581.6,600.8,1.033,large,1
train,2025_0604_112336_542_JPG,Noteridae,640,640,495.0,429.5,212602.5,0.519049,429.5,495.0,1.1525,large,1
train,2025_0604_112340_543_JPG,Noteridae,640,640,632.1,599.78,379117.31,0.925579,599.78,632.1,1.0539,large,1
train,2025_0604_112345_544_JPG,Noteridae,640,640,503.0,427.5,215032.5,0.524982,427.5,503.0,1.1766,large,1
train,2025_0604_112405_546_JPG,Noteridae,640,640,572.8,612.46,350814.54,0.856481,572.8,612.46,0.9353,large,1
train,2025_0604_113315_565_JPG,Noteridae,640,640,516.0,412.5,212850.0,0.519653,412.5,516.0,1.2509,large,1
train,2025_0604_113500_568_JPG,Noteridae,640,640,542.04,610.41,330863.42,0.807772,542.04,610.41,0.888,large,1
train,2025_0604_113505_569_JPG,Noteridae,640,640,528.5,453.0,239410.5,0.584498,453.0,528.5,1.1667,large,1
train,2025_0604_113513_571_JPG,Noteridae,640,640,538.0,438.0,235644.0,0.575303,438.0,538.0,1.2283,large,1
train,2025_0604_113523_572_JPG,Noteridae,640,640,519.0,476.0,247044.0,0.603135,476.0,519.0,1.0903,large,1
train,2025_0604_113528_573_JPG,Noteridae,640,640,508.0,472.0,239776.0,0.585391,472.0,508.0,1.0763,large,1
train,2025_0604_113541_576_JPG,Noteridae,640,640,568.29,602.11,342173.05,0.835383,568.29,602.11,0.9438,large,1
train,2025_0604_113711_578_JPG,Noteridae,640,640,549.0,431.5,236893.5,0.578353,431.5,549.0,1.2723,large,1
train,2025_0604_113719_580_JPG,Noteridae,640,640,488.92,630.44,308235.96,0.752529,488.92,630.44,0.7755,large,1
train,2025_0604_113728_582_JPG,Noteridae,640,640,554.0,415.0,229910.0,0.561304,415.0,554.0,1.3349,large,1
train,2025_0604_113821_590_JPG,Noteridae,640,640,525.5,478.5,251451.75,0.613896,478.5,525.5,1.0982,large,1
train,2025_0604_113842_592_JPG,Noteridae,640,640,552.5,444.5,245586.25,0.599576,444.5,552.5,1.243,large,1
train,2025_0604_113904_597_JPG,Noteridae,640,640,638.53,563.0,359494.27,0.877672,563.0,638.53,1.1342,large,1
train,2025_0604_115404_660_JPG,Noteridae,640,640,618.0,635.35,392645.16,0.958606,618.0,635.35,0.9727,large,1
train,2025_0604_115431_666_JPG,Noteridae,640,640,552.5,446.5,246691.25,0.602274,446.5,552.5,1.2374,large,1
train,2025_0604_115527_668_JPG,Noteridae,640,640,551.0,431.5,237756.5,0.58046,431.5,551.0,1.2769,large,1
train,2025_0604_115554_673_JPG,Noteridae,640,640,638.34,630.96,402769.37,0.983324,630.96,638.34,1.0117,large,1
train,2025_0604_115728_674_JPG,Noteridae,640,640,531.5,465.5,247413.25,0.604036,465.5,531.5,1.1418,large,1
train,2025_0604_115733_675_JPG,Noteridae,640,640,531.5,476.0,252994.0,0.617661,476.0,531.5,1.1166,large,1
train,2025_0604_122008_700_JPG,Noteridae,640,640,509.5,472.0,240484.0,0.587119,472.0,509.5,1.0794,large,1
train,2025_0604_122012_701_JPG,Noteridae,640,640,588.1,606.61,356743.57,0.870956,588.1,606.61,0.9695,large,1
train,2025_0604_124834_724_JPG,Noteridae,640,640,400.64,328.0,131408.95,0.320823,328.0,400.64,1.2215,large,2
train,2025_0604_124834_724_JPG,Noteridae,640,640,384.07,344.81,132429.03,0.323313,344.81,384.07,1.1139,large,2
train,2025_0604_124859_730_JPG,Noteridae,640,640,365.0,264.5,96542.5,0.235699,264.5,365.0,1.38,large,2
train,2025_0604_124859_730_JPG,Noteridae,640,640,339.5,277.0,94041.5,0.229594,277.0,339.5,1.2256,large,2
train,2025_0604_124908_732_JPG,Noteridae,640,640,366.5,271.0,99321.5,0.242484,271.0,366.5,1.3524,large,2
train,2025_0604_124908_732_JPG,Noteridae,640,640,327.0,288.0,94176.0,0.229922,288.0,327.0,1.1354,large,2
train,2025_0604_125024_733_JPG,Noteridae,640,640,370.0,269.0,99530.0,0.242993,269.0,370.0,1.3755,large,2
train,2025_0604_125024_733_JPG,Noteridae,640,640,356.0,254.0,90424.0,0.220762,254.0,356.0,1.4016,large,2
train,2025_0604_130131_744_JPG,Noteridae,640,640,257.0,465.5,119633.5,0.292074,257.0,465.5,0.5521,large,2
train,2025_0604_130131_744_JPG,Noteridae,640,640,258.5,470.0,121495.0,0.296619,258.5,470.0,0.55,large,2
train,2025_0604_130537_753_JPG,Noteridae,640,640,371.5,288.0,106992.0,0.261211,288.0,371.5,1.2899,large,2
train,2025_0604_130537_753_JPG,Noteridae,640,640,395.0,281.5,111192.5,0.271466,281.5,395.0,1.4032,large,2
train,2025_0604_130855_762_JPG,Noteridae,640,640,289.8,525.71,152351.08,0.371951,289.8,525.71,0.5513,large,2
train,2025_0604_130855_762_JPG,Noteridae,640,640,292.97,548.84,160795.16,0.392566,292.97,548.84,0.5338,large,2
train,2025_0604_132806_799_JPG,Noteridae,640,640,369.22,395.56,146050.64,0.356569,369.22,395.56,0.9334,large,2
train,2025_0604_132806_799_JPG,Noteridae,640,640,350.38,456.04,159785.24,0.390101,350.38,456.04,0.7683,large,2
train,2025_0604_132819_802_JPG,Noteridae,640,640,327.0,279.5,91396.5,0.223136,279.5,327.0,1.1699,large,2
train,2025_0604_132819_802_JPG,Noteridae,640,640,324.0,381.0,123444.0,0.301377,324.0,381.0,0.8504,large,2
train,2025_0604_133210_815_JPG,Noteridae,640,640,344.5,311.0,107139.5,0.261571,311.0,344.5,1.1077,large,2
train,2025_0604_133210_815_JPG,Noteridae,640,640,364.0,275.0,100100.0,0.244385,275.0,364.0,1.3236,large,2
train,2025_0604_133215_816_JPG,Noteridae,640,640,349.57,358.61,125358.52,0.306051,349.57,358.61,0.9748,large,2
train,2025_0604_133215_816_JPG,Noteridae,640,640,396.84,320.8,127307.7,0.31081,320.8,396.84,1.237,large,2
train,2025_0604_133551_820_JPG,Noteridae,640,640,292.0,347.0,101324.0,0.247373,292.0,347.0,0.8415,large,2
train,2025_0604_133551_820_JPG,Noteridae,640,640,324.0,368.5,119394.0,0.291489,324.0,368.5,0.8792,large,2
train,2025_0604_133604_823_JPG,Noteridae,640,640,290.5,364.0,105742.0,0.258159,290.5,364.0,0.7981,large,2
train,2025_0604_133604_823_JPG,Noteridae,640,640,325.5,362.0,117831.0,0.287673,325.5,362.0,0.8992,large,2
train,2025_0604_133609_824_JPG,Noteridae,640,640,301.5,368.5,111102.75,0.271247,301.5,368.5,0.8182,large,2
train,2025_0604_133609_824_JPG,Noteridae,640,640,301.5,345.0,104017.5,0.253949,301.5,345.0,0.8739,large,2
train,2025_0604_133754_825_JPG,Noteridae,640,640,287.5,300.5,86393.75,0.210922,287.5,300.5,0.9567,large,2
train,2025_0604_133754_825_JPG,Noteridae,640,640,341.5,292.0,99718.0,0.243452,292.0,341.5,1.1695,large,2
train,2025_0604_133812_827_JPG,Noteridae,640,640,285.5,334.5,95499.75,0.233154,285.5,334.5,0.8535,large,2
train,2025_0604_133812_827_JPG,Noteridae,640,640,335.0,309.0,103515.0,0.252722,309.0,335.0,1.0841,large,2
train,2025_0604_133816_828_JPG,Noteridae,640,640,366.48,338.02,123878.88,0.302439,338.02,366.48,1.0842,large,2
train,2025_0604_133816_828_JPG,Noteridae,640,640,391.41,351.13,137436.19,0.335538,351.13,391.41,1.1147,large,2
train,2025_0604_135521_851_JPG,Noteridae,640,640,231.5,197.0,45605.5,0.111342,197.0,231.5,1.1751,large,4
train,2025_0604_135521_851_JPG,Noteridae,640,640,236.5,203.0,48009.5,0.117211,203.0,236.5,1.165,large,4
train,2025_0604_135521_851_JPG,Noteridae,640,640,266.5,235.0,62627.5,0.152899,235.0,266.5,1.134,large,4
train,2025_0604_135521_851_JPG,Noteridae,640,640,263.5,209.5,55203.25,0.134774,209.5,263.5,1.2578,large,4
train,2025_0604_135525_852_JPG,Noteridae,640,640,251.27,260.57,65473.58,0.159848,251.27,260.57,0.9643,large,4
train,2025_0604_135525_852_JPG,Noteridae,640,640,218.67,257.48,56302.62,0.137458,218.67,257.48,0.8493,large,4
train,2025_0604_135525_852_JPG,Noteridae,640,640,253.13,280.7,71055.46,0.173475,253.13,280.7,0.9018,large,4
train,2025_0604_135525_852_JPG,Noteridae,640,640,237.7,298.91,71050.29,0.173463,237.7,298.91,0.7952,large,4
train,2025_0604_135824_857_JPG,Noteridae,640,640,251.0,216.0,54216.0,0.132363,216.0,251.0,1.162,large,4
train,2025_0604_135824_857_JPG,Noteridae,640,640,257.0,224.5,57696.5,0.140861,224.5,257.0,1.1448,large,4
train,2025_0604_135824_857_JPG,Noteridae,640,640,246.0,228.5,56211.0,0.137234,228.5,246.0,1.0766,large,4
train,2025_0604_135824_857_JPG,Noteridae,640,640,216.0,211.5,45684.0,0.111533,211.5,216.0,1.0213,large,4
train,2025_0604_140213_874_JPG,Noteridae,640,640,257.0,233.0,59881.0,0.146194,233.0,257.0,1.103,large,4
train,2025_0604_140213_874_JPG,Noteridae,640,640,227.0,235.0,53345.0,0.130237,227.0,235.0,0.966,large,4
train,2025_0604_140213_874_JPG,Noteridae,640,640,241.5,190.5,46005.75,0.112319,190.5,241.5,1.2677,large,4
train,2025_0604_140213_874_JPG,Noteridae,640,640,254.0,300.5,76327.0,0.186345,254.0,300.5,0.8453,large,4
train,2025_0604_140218_875_JPG,Noteridae,640,640,281.0,245.5,68985.5,0.168422,245.5,281.0,1.1446,large,4
train,2025_0604_140218_875_JPG,Noteridae,640,640,252.5,226.5,57191.25,0.139627,226.5,252.5,1.1148,large,4
train,2025_0604_140218_875_JPG,Noteridae,640,640,249.0,192.5,47932.5,0.117023,192.5,249.0,1.2935,large,4
train,2025_0604_140218_875_JPG,Noteridae,640,640,263.5,296.5,78127.75,0.190742,263.5,296.5,0.8887,large,4
train,2025_0604_140327_884_JPG,Noteridae,640,640,251.0,254.0,63754.0,0.155649,251.0,254.0,0.9882,large,4
train,2025_0604_140327_884_JPG,Noteridae,640,640,239.5,262.5,62868.75,0.153488,239.5,262.5,0.9124,large,4
train,2025_0604_140327_884_JPG,Noteridae,640,640,266.5,224.5,59829.25,0.146068,224.5,266.5,1.1871,large,4
train,2025_0604_140327_884_JPG,Noteridae,640,640,258.5,300.5,77679.25,0.189647,258.5,300.5,0.8602,large,4
train,2025_0604_143428_912_JPG,Noteridae,640,640,254.0,267.41,67921.48,0.165824,254.0,267.41,0.9499,large,4
train,2025_0604_143428_912_JPG,Noteridae,640,640,296.0,296.15,87659.85,0.214013,296.0,296.15,0.9995,large,4
train,2025_0604_143428_912_JPG,Noteridae,640,640,225.0,271.33,61050.0,0.149048,225.0,271.33,0.8292,large,4
train,2025_0604_143428_912_JPG,Noteridae,640,640,278.0,333.3,92656.37,0.226212,278.0,333.3,0.8341,large,4
train,2025_0604_143656_920_JPG,Noteridae,640,640,193.5,362.0,70047.0,0.171013,193.5,362.0,0.5345,large,4
train,2025_0604_143656_920_JPG,Noteridae,640,640,203.0,360.0,73080.0,0.178418,203.0,360.0,0.5639,large,4
train,2025_0604_143656_920_JPG,Noteridae,640,640,254.0,235.0,59690.0,0.145728,235.0,254.0,1.0809,large,4
train,2025_0604_143656_920_JPG,Noteridae,640,640,298.5,226.5,67610.25,0.165064,226.5,298.5,1.3179,large,4
train,2025_0604_143705_922_JPG,Noteridae,640,640,212.5,347.0,73737.5,0.180023,212.5,347.0,0.6124,large,4
train,2025_0604_143705_922_JPG,Noteridae,640,640,192.0,364.0,69888.0,0.170625,192.0,364.0,0.5275,large,4
train,2025_0604_143705_922_JPG,Noteridae,640,640,235.0,228.5,53697.5,0.131097,228.5,235.0,1.0284,large,4
train,2025_0604_143705_922_JPG,Noteridae,640,640,276.0,230.0,63480.0,0.15498,230.0,276.0,1.2,large,4
train,2025_0605_104658_989_JPG,Hirudinidae,640,640,598.5,403.0,241195.5,0.588856,403.0,598.5,1.4851,large,1
train,2025_0605_105030_103_JPG,Hirudinidae,640,640,624.0,393.0,245232.0,0.598711,393.0,624.0,1.5878,large,1
train,2025_0605_105034_104_JPG,Hirudinidae,640,640,616.0,382.0,235312.0,0.574492,382.0,616.0,1.6126,large,1
train,2025_0605_105039_105_JPG,Hirudinidae,640,640,622.5,392.5,244331.25,0.596512,392.5,622.5,1.586,large,1
train,2025_0605_105044_106_JPG,Hirudinidae,640,640,615.5,375.0,230812.5,0.563507,375.0,615.5,1.6413,large,1
train,2025_0605_110009_161_JPG,Hirudinidae,640,640,622.5,348.0,216630.0,0.528882,348.0,622.5,1.7888,large,1
train,2025_0605_110338_167_JPG,Hirudinidae,640,640,636.0,192.5,122430.0,0.298901,192.5,636.0,3.3039,large,2
train,2025_0605_110338_167_JPG,Hirudinidae,640,640,502.0,200.0,100400.0,0.245117,200.0,502.0,2.51,large,2
train,2025_0605_110410_169_JPG,Hirudinidae,640,640,635.99,278.39,177055.63,0.432265,278.39,635.99,2.2845,large,2
train,2025_0605_110410_169_JPG,Hirudinidae,640,640,564.9,264.34,149325.11,0.364563,264.34,564.9,2.137,large,2
train,2025_0605_110433_173_JPG,Hirudinidae,640,640,626.13,372.87,233464.25,0.569981,372.87,626.13,1.6792,large,2
train,2025_0605_110433_173_JPG,Hirudinidae,640,640,541.89,325.27,176258.39,0.430318,325.27,541.89,1.666,large,2
train,2025_0605_110455_176_JPG,Hirudinidae,640,640,614.5,252.5,155161.25,0.378812,252.5,614.5,2.4337,large,2
train,2025_0605_110455_176_JPG,Hirudinidae,640,640,481.5,219.5,105689.25,0.25803,219.5,481.5,2.1936,large,2
train,2025_0605_110816_185_JPG,Hirudinidae,640,640,631.5,195.5,123458.25,0.301412,195.5,631.5,3.2302,large,2
train,2025_0605_110816_185_JPG,Hirudinidae,640,640,492.0,167.0,82164.0,0.200596,167.0,492.0,2.9461,large,2
train,2025_0605_110821_186_JPG,Hirudinidae,640,640,637.5,210.5,134193.75,0.327621,210.5,637.5,3.0285,large,2
train,2025_0605_110821_186_JPG,Hirudinidae,640,640,506.0,201.0,101706.0,0.248306,201.0,506.0,2.5174,large,2
train,2025_0605_110830_188_JPG,Hirudinidae,640,640,629.5,195.0,122752.5,0.299689,195.0,629.5,3.2282,large,2
train,2025_0605_110830_188_JPG,Hirudinidae,640,640,491.5,182.0,89453.0,0.218391,182.0,491.5,2.7005,large,2
train,2025_0605_110834_189_JPG,Hirudinidae,640,640,631.5,200.5,126615.75,0.30912,200.5,631.5,3.1496,large,2
train,2025_0605_110834_189_JPG,Hirudinidae,640,640,497.0,175.0,86975.0,0.212341,175.0,497.0,2.84,large,2
train,2025_0605_110839_190_JPG,Hirudinidae,640,640,631.5,208.0,131352.0,0.320684,208.0,631.5,3.0361,large,2
train,2025_0605_110839_190_JPG,Hirudinidae,640,640,495.0,170.5,84397.5,0.206049,170.5,495.0,2.9032,large,2
train,2025_0605_110848_192_JPG,Hirudinidae,640,640,337.4,635.47,214408.95,0.523459,337.4,635.47,0.5309,large,2
train,2025_0605_110848_192_JPG,Hirudinidae,640,640,255.64,585.38,149648.58,0.365353,255.64,585.38,0.4367,large,2
train,2025_0605_110853_193_JPG,Hirudinidae,640,640,635.0,194.0,123190.0,0.300757,194.0,635.0,3.2732,large,2
train,2025_0605_110853_193_JPG,Hirudinidae,640,640,495.0,178.0,88110.0,0.215112,178.0,495.0,2.7809,large,2
train,2025_0605_110906_195_JPG,Hirudinidae,640,640,628.0,196.5,123402.0,0.301274,196.5,628.0,3.1959,large,2
train,2025_0605_110906_195_JPG,Hirudinidae,640,640,500.5,168.0,84084.0,0.205283,168.0,500.5,2.9792,large,2
train,2025_0605_110920_196_JPG,Hirudinidae,640,640,601.0,325.0,195325.0,0.476868,325.0,601.0,1.8492,large,2
train,2025_0605_110920_196_JPG,Hirudinidae,640,640,461.0,306.0,141066.0,0.344399,306.0,461.0,1.5065,large,2
train,2025_0605_110929_198_JPG,Hirudinidae,640,640,618.0,326.5,201777.0,0.49262,326.5,618.0,1.8928,large,2
train,2025_0605_110929_198_JPG,Hirudinidae,640,640,471.0,289.5,136354.5,0.332897,289.5,471.0,1.6269,large,2
train,2025_0605_110938_200_JPG,Hirudinidae,640,640,611.0,316.5,193381.5,0.472123,316.5,611.0,1.9305,large,2
train,2025_0605_110938_200_JPG,Hirudinidae,640,640,468.5,288.0,134928.0,0.329414,288.0,468.5,1.6267,large,2
train,2025_0605_111133_203_JPG,Hirudinidae,640,640,625.24,212.2,132676.87,0.323918,212.2,625.24,2.9465,large,2
train,2025_0605_111133_203_JPG,Hirudinidae,640,640,522.96,190.44,99593.98,0.243149,190.44,522.96,2.746,large,2
train,2025_0605_111221_210_JPG,Hirudinidae,640,640,626.0,229.5,143667.0,0.35075,229.5,626.0,2.7277,large,2
train,2025_0605_111221_210_JPG,Hirudinidae,640,640,479.0,217.0,103943.0,0.253767,217.0,479.0,2.2074,large,2
train,2025_0605_111344_213_JPG,Hirudinidae,640,640,210.0,631.89,132695.89,0.323965,210.0,631.89,0.3323,large,2
train,2025_0605_111344_213_JPG,Hirudinidae,640,640,188.0,539.0,101332.7,0.247394,188.0,539.0,0.3488,large,2
train,2025_0605_111403_216_JPG,Hirudinidae,640,640,637.5,187.5,119531.25,0.291824,187.5,637.5,3.4,large,2
train,2025_0605_111403_216_JPG,Hirudinidae,640,640,500.5,172.5,86336.25,0.210782,172.5,500.5,2.9014,large,2
train,2025_0605_111430_221_JPG,Hirudinidae,640,640,619.0,228.0,141132.0,0.344561,228.0,619.0,2.7149,large,2
train,2025_0605_111430_221_JPG,Hirudinidae,640,640,482.5,211.5,102048.75,0.249142,211.5,482.5,2.2813,large,2
train,2025_0605_112548_243_JPG,Hirudinidae,640,640,630.5,176.5,111283.25,0.271688,176.5,630.5,3.5722,large,1
train,2025_0605_112557_245_JPG,Hirudinidae,640,640,632.0,179.0,113128.0,0.276191,179.0,632.0,3.5307,large,1
train,2025_0605_112606_247_JPG,Hirudinidae,640,640,632.11,321.44,203188.6,0.496066,321.44,632.11,1.9665,large,1
train,2025_0605_112625_250_JPG,Hirudinidae,640,640,593.0,339.0,201027.0,0.490789,339.0,593.0,1.7493,large,1
train,2025_0605_112634_252_JPG,Hirudinidae,640,640,598.0,356.5,213187.0,0.520476,356.5,598.0,1.6774,large,1
train,2025_0605_112718_258_JPG,Hirudinidae,640,640,619.0,379.5,234910.5,0.573512,379.5,619.0,1.6311,large,1
train,2025_0605_112907_264_JPG,Hirudinidae,640,640,635.5,185.5,117885.25,0.287806,185.5,635.5,3.4259,large,1
train,2025_0605_112934_269_JPG,Hirudinidae,640,640,597.0,408.0,243576.0,0.594668,408.0,597.0,1.4632,large,1
train,2025_0605_112943_271_JPG,Hirudinidae,640,640,595.5,405.5,241475.25,0.589539,405.5,595.5,1.4686,large,1
train,2025_0605_113005_275_JPG,Hirudinidae,640,640,607.5,372.0,225990.0,0.551733,372.0,607.5,1.6331,large,1
train,2025_0605_113258_283_JPG,Hirudinidae,640,640,610.0,161.5,98515.0,0.240515,161.5,610.0,3.7771,large,3
train,2025_0605_113258_283_JPG,Hirudinidae,640,640,619.0,166.0,102754.0,0.250864,166.0,619.0,3.7289,large,3
train,2025_0605_113258_283_JPG,Hirudinidae,640,640,478.5,158.0,75603.0,0.184578,158.0,478.5,3.0285,large,3
train,2025_0605_113303_284_JPG,Hirudinidae,640,640,187.0,609.0,113883.0,0.278035,187.0,609.0,0.3071,large,3
train,2025_0605_113303_284_JPG,Hirudinidae,640,640,236.61,623.84,147610.84,0.360378,236.61,623.84,0.3793,large,3
train,2025_0605_113303_284_JPG,Hirudinidae,640,640,190.29,510.64,97169.96,0.237231,190.29,510.64,0.3726,large,3
train,2025_0605_113308_285_JPG,Hirudinidae,640,640,241.77,600.61,145210.87,0.354519,241.77,600.61,0.4025,large,3
train,2025_0605_113308_285_JPG,Hirudinidae,640,640,328.77,629.64,207008.44,0.505392,328.77,629.64,0.5222,large,3
train,2025_0605_113308_285_JPG,Hirudinidae,640,640,242.7,518.2,125769.06,0.307053,242.7,518.2,0.4684,large,3
train,2025_0605_113522_288_JPG,Hirudinidae,640,640,597.5,166.0,99185.0,0.242151,166.0,597.5,3.5994,large,3
train,2025_0605_113522_288_JPG,Hirudinidae,640,640,614.5,158.5,97398.25,0.237789,158.5,614.5,3.877,large,3
train,2025_0605_113522_288_JPG,Hirudinidae,640,640,479.0,141.0,67539.0,0.16489,141.0,479.0,3.3972,large,3
train,2025_0605_113745_303_JPG,Hirudinidae,640,640,598.5,157.0,93964.5,0.229406,157.0,598.5,3.8121,large,3
train,2025_0605_113745_303_JPG,Hirudinidae,640,640,616.0,156.0,96096.0,0.234609,156.0,616.0,3.9487,large,3
train,2025_0605_113745_303_JPG,Hirudinidae,640,640,478.5,144.5,69143.25,0.168807,144.5,478.5,3.3114,large,3
train,2025_0605_114517_338_JPG,Hirudinidae,640,640,608.0,378.0,229824.0,0.561094,378.0,608.0,1.6085,large,1
train,2025_0605_114527_340_JPG,Hirudinidae,640,640,640.0,568.0,363520.0,0.8875,568.0,640.0,1.1268,large,1
train,2025_0605_114532_341_JPG,Hirudinidae,640,640,621.0,385.0,239085.0,0.583704,385.0,621.0,1.613,large,1
train,2025_0605_114537_342_JPG,Hirudinidae,640,640,615.5,386.5,237890.75,0.580788,386.5,615.5,1.5925,large,1
train,2025_0605_114658_344_JPG,Hirudinidae,640,640,621.17,262.16,162844.23,0.397569,262.16,621.17,2.3695,large,1
train,2025_0605_114823_353_JPG,Hirudinidae,640,640,607.0,461.0,279827.0,0.683171,461.0,607.0,1.3167,large,1
train,2025_0606_095802_422_JPG,Libellulidae,640,640,640.0,640.0,409600.0,1.0,640.0,640.0,1.0,large,1
train,2025_0606_095806_423_JPG,Libellulidae,640,640,542.0,611.0,331162.0,0.808501,542.0,611.0,0.8871,large,1
train,2025_0606_095845_426_JPG,Libellulidae,640,640,557.5,527.5,294081.25,0.717972,527.5,557.5,1.0569,large,1
train,2025_0606_095850_427_JPG,Libellulidae,640,640,544.0,508.5,276624.0,0.675352,508.5,544.0,1.0698,large,1
train,2025_0606_095934_431_JPG,Libellulidae,640,640,556.5,511.5,284649.75,0.694946,511.5,556.5,1.088,large,1
train,2025_0606_095939_432_JPG,Libellulidae,640,640,557.5,515.5,287391.25,0.701639,515.5,557.5,1.0815,large,1
train,2025_0606_100007_435_JPG,Libellulidae,640,640,584.0,507.5,296380.0,0.723584,507.5,584.0,1.1507,large,1
train,2025_0606_100016_437_JPG,Libellulidae,640,640,559.5,492.0,275274.0,0.672056,492.0,559.5,1.1372,large,1
train,2025_0606_100109_443_JPG,Libellulidae,640,640,559.39,624.11,349122.89,0.852351,559.39,624.11,0.8963,large,1
train,2025_0606_100200_447_JPG,Libellulidae,640,640,639.84,627.48,401485.89,0.98019,627.48,639.84,1.0197,large,1
train,2025_0606_100225_449_JPG,Libellulidae,640,640,640.0,616.0,394240.0,0.9625,616.0,640.0,1.039,large,1
train,2025_0606_100230_450_JPG,Libellulidae,640,640,631.0,640.0,403840.0,0.985938,631.0,640.0,0.9859,large,1
train,2025_0606_100235_451_JPG,Libellulidae,640,640,610.5,529.0,322954.5,0.788463,529.0,610.5,1.1541,large,1
train,2025_0606_100241_452_JPG,Libellulidae,640,640,640.0,610.0,390400.0,0.953125,610.0,640.0,1.0492,large,1
train,2025_0606_100246_453_JPG,Libellulidae,640,640,639.39,599.0,382996.16,0.935049,599.0,639.39,1.0674,large,1
train,2025_0606_100355_462_JPG,Libellulidae,640,640,618.5,562.5,347906.25,0.84938,562.5,618.5,1.0996,large,1
train,2025_0606_100608_478_JPG,Libellulidae,640,640,562.5,588.5,331031.25,0.808182,562.5,588.5,0.9558,large,1
train,2025_0606_100619_479_JPG,Libellulidae,640,640,625.0,639.0,399375.0,0.975037,625.0,639.0,0.9781,large,1
train,2025_0606_100925_481_JPG,Libellulidae,640,640,543.5,575.0,312512.5,0.76297,543.5,575.0,0.9452,large,1
train,2025_0606_100929_482_JPG,Libellulidae,640,640,552.0,573.5,316572.0,0.772881,552.0,573.5,0.9625,large,1
train,2025_0606_101036_489_JPG,Libellulidae,640,640,574.5,569.5,327177.75,0.798774,569.5,574.5,1.0088,large,1
train,2025_0606_101124_492_JPG,Libellulidae,640,640,598.5,507.5,303738.75,0.74155,507.5,598.5,1.1793,large,1
train,2025_0606_101133_494_JPG,Libellulidae,640,640,524.8,611.87,321107.63,0.783954,524.8,611.87,0.8577,large,1
train,2025_0606_101203_496_JPG,Libellulidae,640,640,624.5,548.0,342226.0,0.835513,548.0,624.5,1.1396,large,1
train,2025_0606_101208_497_JPG,Libellulidae,640,640,617.5,550.0,339625.0,0.829163,550.0,617.5,1.1227,large,1
train,2025_0606_101217_499_JPG,Libellulidae,640,640,638.89,627.93,401174.9,0.979431,627.93,638.89,1.0175,large,1
train,2025_0606_101241_504_JPG,Libellulidae,640,640,632.5,551.0,348507.5,0.850848,551.0,632.5,1.1479,large,1
train,2025_0606_101251_505_JPG,Libellulidae,640,640,640.0,640.0,409600.0,1.0,640.0,640.0,1.0,large,1
train,2025_0606_101422_514_JPG,Libellulidae,640,640,611.0,517.5,316192.5,0.771954,517.5,611.0,1.1807,large,1
train,2025_0606_101517_520_JPG,Libellulidae,640,640,640.0,640.0,409600.0,1.0,640.0,640.0,1.0,large,1
train,2025_0606_102915_544_JPG,Libellulidae,640,640,632.5,578.5,365901.25,0.893314,578.5,632.5,1.0933,large,1
train,2025_0606_102956_549_JPG,Libellulidae,640,640,634.0,603.0,382302.0,0.933354,603.0,634.0,1.0514,large,1
train,2025_0606_103005_551_JPG,Libellulidae,640,640,635.0,590.0,374650.0,0.914673,590.0,635.0,1.0763,large,1
train,2025_0606_103027_552_JPG,Libellulidae,640,640,583.5,590.5,344556.75,0.841203,583.5,590.5,0.9881,large,1
train,2025_0606_103049_557_JPG,Libellulidae,640,640,589.5,595.5,351047.25,0.857049,589.5,595.5,0.9899,large,1
train,2025_0606_103146_562_JPG,Libellulidae,640,640,592.5,591.0,350167.5,0.854901,591.0,592.5,1.0025,large,1
train,2025_0606_103526_576_JPG,Libellulidae,640,640,640.0,640.0,409600.0,1.0,640.0,640.0,1.0,large,1
train,2025_0606_103537_578_JPG,Libellulidae,640,640,616.0,619.5,381612.0,0.93167,616.0,619.5,0.9944,large,1
train,2025_0606_103546_580_JPG,Libellulidae,640,640,620.0,609.5,377890.0,0.922583,609.5,620.0,1.0172,large,1
train,2025_0606_103624_583_JPG,Libellulidae,640,640,627.5,616.5,386853.75,0.944467,616.5,627.5,1.0178,large,1
train,2025_0606_103657_589_JPG,Libellulidae,640,640,640.0,640.0,409600.0,1.0,640.0,640.0,1.0,large,1
train,2025_0606_103804_593_JPG,Libellulidae,640,640,588.5,617.5,363398.75,0.887204,588.5,617.5,0.953,large,1
train,2025_0606_103808_594_JPG,Libellulidae,640,640,580.0,610.0,353800.0,0.86377,580.0,610.0,0.9508,large,1
train,2025_0606_103945_599_JPG,Libellulidae,640,640,614.0,584.5,358883.0,0.876179,584.5,614.0,1.0505,large,1
train,2025_0606_104001_600_JPG,Libellulidae,640,640,640.0,640.0,409600.0,1.0,640.0,640.0,1.0,large,1
train,2025_0606_104006_601_JPG,Libellulidae,640,640,618.0,604.0,373272.0,0.911309,604.0,618.0,1.0232,large,1
train,2025_0606_104015_603_JPG,Libellulidae,640,640,615.0,596.0,366540.0,0.894873,596.0,615.0,1.0319,large,1
train,2025_0606_104326_627_JPG,Libellulidae,640,640,639.59,640.0,409334.52,0.999352,639.59,640.0,0.9994,large,1
train,2025_0606_104417_631_JPG,Libellulidae,640,640,518.5,582.0,301767.0,0.736736,518.5,582.0,0.8909,large,1
train,2025_0606_104421_632_JPG,Libellulidae,640,640,527.0,574.0,302498.0,0.738521,527.0,574.0,0.9181,large,1
train,2025_0606_104440_636_JPG,Libellulidae,640,640,544.5,588.5,320438.25,0.78232,544.5,588.5,0.9252,large,1
train,2025_0606_104609_646_JPG,Libellulidae,640,640,582.5,610.5,355616.25,0.868204,582.5,610.5,0.9541,large,1
train,2025_0606_104705_656_JPG,Libellulidae,640,640,569.0,623.0,354487.0,0.865447,569.0,623.0,0.9133,large,1
train,2025_0606_104710_657_JPG,Libellulidae,640,640,640.0,640.0,409600.0,1.0,640.0,640.0,1.0,large,1
train,2025_0606_110043_666_JPG,Libellulidae,640,640,558.5,587.0,327839.5,0.800389,558.5,587.0,0.9514,large,1
train,2025_0606_110651_695_JPG,Libellulidae,640,640,621.5,619.0,384708.5,0.93923,619.0,621.5,1.004,large,1
train,2025_0606_110656_696_JPG,Libellulidae,640,640,616.5,617.5,380688.75,0.929416,616.5,617.5,0.9984,large,1
train,2025_0606_110709_698_JPG,Libellulidae,640,640,618.0,618.0,381924.0,0.932432,618.0,618.0,1.0,large,1
train,2025_0606_110844_706_JPG,Libellulidae,640,640,640.0,640.0,409600.0,1.0,640.0,640.0,1.0,large,1
train,2025_0606_111236_729_JPG,Libellulidae,640,640,634.5,601.5,381651.75,0.931767,601.5,634.5,1.0549,large,1
train,2025_0606_111430_743_JPG,Libellulidae,640,640,602.5,601.5,362403.75,0.884775,601.5,602.5,1.0017,large,1
train,2025_0606_111435_744_JPG,Libellulidae,640,640,605.0,598.0,361790.0,0.883276,598.0,605.0,1.0117,large,1
train,2025_0606_111439_745_JPG,Libellulidae,640,640,604.0,595.0,359380.0,0.877393,595.0,604.0,1.0151,large,1
train,2025_0606_111444_746_JPG,Libellulidae,640,640,595.5,589.5,351047.25,0.857049,589.5,595.5,1.0102,large,1
train,2025_0606_111453_748_JPG,Libellulidae,640,640,617.0,584.5,360636.5,0.88046,584.5,617.0,1.0556,large,1
train,2025_0606_111458_749_JPG,Libellulidae,640,640,598.5,596.0,356706.0,0.870864,596.0,598.5,1.0042,large,1
train,2025_0606_111656_758_JPG,Libellulidae,640,640,610.89,623.71,381018.19,0.93022,610.89,623.71,0.9794,large,1
train,2025_0606_111701_759_JPG,Libellulidae,640,640,603.0,591.5,356674.5,0.870787,591.5,603.0,1.0194,large,1
train,2025_0606_111714_762_JPG,Libellulidae,640,640,596.0,576.5,343594.0,0.838853,576.5,596.0,1.0338,large,1
train,2025_0606_113443_798_JPG,Libellulidae,640,640,640.0,640.0,409600.0,1.0,640.0,640.0,1.0,large,1
train,2025_0606_113457_801_JPG,Libellulidae,640,640,552.5,608.0,335920.0,0.820117,552.5,608.0,0.9087,large,1
train,2025_0606_113502_802_JPG,Libellulidae,640,640,553.5,604.0,334314.0,0.816196,553.5,604.0,0.9164,large,1
train,2025_0606_114015_807_JPG,Libellulidae,640,640,633.56,624.0,395338.67,0.965182,624.0,633.56,1.0153,large,1
train,2025_0606_114029_810_JPG,Libellulidae,640,640,563.0,566.5,318939.5,0.778661,563.0,566.5,0.9938,large,1
train,2025_0606_114038_812_JPG,Libellulidae,640,640,527.5,568.0,299620.0,0.731494,527.5,568.0,0.9287,large,1
train,2025_0606_114057_816_JPG,Libellulidae,640,640,531.0,560.0,297360.0,0.725977,531.0,560.0,0.9482,large,1
train,2025_0606_114140_820_JPG,Libellulidae,640,640,549.5,594.5,326677.75,0.797553,549.5,594.5,0.9243,large,1
train,2025_0606_114144_821_JPG,Libellulidae,640,640,637.0,639.96,407651.69,0.995243,637.0,639.96,0.9954,large,1
train,2025_0606_114228_825_JPG,Libellulidae,640,640,567.5,607.0,344472.5,0.840997,567.5,607.0,0.9349,large,1
train,2025_0606_114308_831_JPG,Libellulidae,640,640,640.0,640.0,409600.0,1.0,640.0,640.0,1.0,large,1
train,2025_0606_114433_840_JPG,Libellulidae,640,640,588.0,620.0,364560.0,0.890039,588.0,620.0,0.9484,large,1
train,2025_0606_114505_841_JPG,Libellulidae,640,640,589.0,593.0,349277.0,0.852727,589.0,593.0,0.9933,large,1
train,2025_0606_114515_843_JPG,Libellulidae,640,640,591.0,596.0,352236.0,0.859951,591.0,596.0,0.9916,large,1
train,2025_0606_114525_845_JPG,Libellulidae,640,640,587.0,589.5,346036.5,0.844816,587.0,589.5,0.9958,large,1
train,2025_0606_114529_846_JPG,Libellulidae,640,640,639.0,639.93,408917.4,0.998333,639.0,639.93,0.9985,large,1
train,2025_0606_114919_856_JPG,Libellulidae,640,640,538.5,575.0,309637.5,0.755951,538.5,575.0,0.9365,large,1
train,2025_0606_114940_860_JPG,Libellulidae,640,640,555.0,575.0,319125.0,0.779114,555.0,575.0,0.9652,large,1
train,2025_0606_115135_861_JPG,Libellulidae,640,640,557.0,583.5,325009.5,0.79348,557.0,583.5,0.9546,large,1
train,2025_0606_120921_871_JPG,Libellulidae,640,640,570.0,573.5,326895.0,0.798083,570.0,573.5,0.9939,large,1
train,2025_0606_120925_872_JPG,Libellulidae,640,640,574.5,593.0,340678.5,0.831735,574.5,593.0,0.9688,large,1
train,2025_0606_121057_875_JPG,Libellulidae,640,640,640.0,640.0,409600.0,1.0,640.0,640.0,1.0,large,1
train,2025_0609_100953_893_JPG,Notonectidae,640,640,419.0,546.0,228774.0,0.55853,419.0,546.0,0.7674,large,1
train,2025_0609_100957_894_JPG,Notonectidae,640,640,412.5,535.5,220893.75,0.539291,412.5,535.5,0.7703,large,1
train,2025_0609_101016_898_JPG,Notonectidae,640,640,424.0,550.5,233412.0,0.569854,424.0,550.5,0.7702,large,1
train,2025_0609_101055_902_JPG,Notonectidae,640,640,573.58,625.24,358626.32,0.875553,573.58,625.24,0.9174,large,1
train,2025_0609_101202_910_JPG,Notonectidae,640,640,497.0,508.0,252476.0,0.616396,497.0,508.0,0.9783,large,1
train,2025_0609_101301_912_JPG,Notonectidae,640,640,487.5,539.5,263006.25,0.642105,487.5,539.5,0.9036,large,1
train,2025_0609_101319_915_JPG,Notonectidae,640,640,481.0,537.5,258537.5,0.631195,481.0,537.5,0.8949,large,1
train,2025_0609_101328_917_JPG,Notonectidae,640,640,485.5,525.0,254887.5,0.622284,485.5,525.0,0.9248,large,1
train,2025_0609_101404_919_JPG,Notonectidae,640,640,471.5,539.5,254374.25,0.621031,471.5,539.5,0.874,large,1
train,2025_0609_101521_929_JPG,Notonectidae,640,640,478.0,588.5,281303.0,0.686775,478.0,588.5,0.8122,large,1
train,2025_0609_101546_931_JPG,Notonectidae,640,640,471.5,544.0,256496.0,0.626211,471.5,544.0,0.8667,large,1
train,2025_0609_101654_941_JPG,Notonectidae,640,640,558.38,618.15,345160.19,0.842676,558.38,618.15,0.9033,large,1
train,2025_0609_101659_942_JPG,Notonectidae,640,640,617.44,586.16,361923.07,0.883601,586.16,617.44,1.0534,large,1
train,2025_0609_101713_943_JPG,Notonectidae,640,640,478.0,575.5,275089.0,0.671604,478.0,575.5,0.8306,large,1
train,2025_0609_102134_971_JPG,Notonectidae,640,640,452.5,525.0,237562.5,0.579987,452.5,525.0,0.8619,large,1
train,2025_0609_102220_978_JPG,Notonectidae,640,640,424.0,554.5,235108.0,0.573994,424.0,554.5,0.7647,large,1
train,2025_0609_102845_108_JPG,Notonectidae,640,640,557.0,626.5,348960.5,0.851954,557.0,626.5,0.8891,large,1
train,2025_0609_102929_115_JPG,Notonectidae,640,640,497.0,565.0,280805.0,0.685559,497.0,565.0,0.8796,large,1
train,2025_0609_102940_116_JPG,Notonectidae,640,640,505.0,605.5,305777.5,0.746527,505.0,605.5,0.834,large,1
train,2025_0609_102945_117_JPG,Notonectidae,640,640,501.5,603.0,302404.5,0.738292,501.5,603.0,0.8317,large,1
train,2025_0609_103149_128_JPG,Notonectidae,640,640,476.0,561.0,267036.0,0.651943,476.0,561.0,0.8485,large,1
train,2025_0609_103159_129_JPG,Notonectidae,640,640,495.0,578.0,286110.0,0.698511,495.0,578.0,0.8564,large,1
train,2025_0609_103220_132_JPG,Notonectidae,640,640,485.5,531.0,257800.5,0.629396,485.5,531.0,0.9143,large,1
train,2025_0609_103229_134_JPG,Notonectidae,640,640,489.0,533.5,260881.5,0.636918,489.0,533.5,0.9166,large,1
train,2025_0609_103428_136_JPG,Notonectidae,640,640,479.5,535.5,256772.25,0.626885,479.5,535.5,0.8954,large,1
train,2025_0609_103452_141_JPG,Notonectidae,640,640,478.0,529.0,252862.0,0.617339,478.0,529.0,0.9036,large,1
train,2025_0609_103515_144_JPG,Notonectidae,640,640,497.0,588.5,292484.5,0.714073,497.0,588.5,0.8445,large,1
train,2025_0609_103542_148_JPG,Notonectidae,640,640,582.22,635.89,370228.64,0.903879,582.22,635.89,0.9156,large,1
train,2025_0609_103547_149_JPG,Notonectidae,640,640,470.0,554.5,260615.0,0.636267,470.0,554.5,0.8476,large,1
train,2025_0609_103613_152_JPG,Notonectidae,640,640,473.0,535.5,253291.5,0.618387,473.0,535.5,0.8833,large,1
train,2025_0609_103623_154_JPG,Notonectidae,640,640,473.0,550.5,260386.5,0.635709,473.0,550.5,0.8592,large,1
train,2025_0609_104029_165_JPG,Notonectidae,640,640,474.5,558.5,265008.25,0.646993,474.5,558.5,0.8496,large,1
train,2025_0609_104100_168_JPG,Notonectidae,640,640,566.5,582.0,329703.0,0.804939,566.5,582.0,0.9734,large,1
train,2025_0609_104109_170_JPG,Notonectidae,640,640,563.5,588.5,331619.75,0.809619,563.5,588.5,0.9575,large,1
train,2025_0609_104134_173_JPG,Notonectidae,640,640,420.5,603.0,253561.5,0.619047,420.5,603.0,0.6973,large,1
train,2025_0609_104148_174_JPG,Notonectidae,640,640,636.37,566.93,360779.58,0.88081,566.93,636.37,1.1225,large,1
train,2025_0609_104218_179_JPG,Notonectidae,640,640,416.0,611.5,254384.0,0.621055,416.0,611.5,0.6803,large,1
train,2025_0609_112131_209_JPG,Notonectidae,640,640,528.5,525.0,277462.5,0.677399,525.0,528.5,1.0067,large,1
train,2025_0609_112135_210_JPG,Notonectidae,640,640,568.8,594.77,338305.39,0.825941,568.8,594.77,0.9563,large,1
train,2025_0609_112203_215_JPG,Notonectidae,640,640,625.0,640.0,400000.0,0.976562,625.0,640.0,0.9766,large,1
train,2025_0609_112828_220_JPG,Notonectidae,640,640,577.55,585.43,338113.8,0.825473,577.55,585.43,0.9865,large,1
train,2025_0609_112832_221_JPG,Notonectidae,640,640,516.0,546.0,281736.0,0.687832,516.0,546.0,0.9451,large,1
train,2025_0609_113230_243_JPG,Notonectidae,640,640,516.0,503.5,259806.0,0.634292,503.5,516.0,1.0248,large,1
train,2025_0609_113516_250_JPG,Notonectidae,640,640,485.5,529.0,256829.5,0.627025,485.5,529.0,0.9178,large,1
train,2025_0609_113521_251_JPG,Notonectidae,640,640,482.5,518.5,250176.25,0.610782,482.5,518.5,0.9306,large,1
train,2025_0609_113547_256_JPG,Notonectidae,640,640,601.83,636.11,382832.87,0.934651,601.83,636.11,0.9461,large,1
train,2025_0609_113835_265_JPG,Notonectidae,640,640,489.0,558.5,273106.5,0.666764,489.0,558.5,0.8756,large,1
train,2025_0609_114215_284_JPG,Notonectidae,640,640,482.5,550.5,265616.25,0.648477,482.5,550.5,0.8765,large,1
train,2025_0609_114220_285_JPG,Notonectidae,640,640,487.5,546.0,266175.0,0.649841,487.5,546.0,0.8929,large,1
train,2025_0609_114225_286_JPG,Notonectidae,640,640,482.5,542.0,261515.0,0.638464,482.5,542.0,0.8902,large,1
train,2025_0609_114303_289_JPG,Notonectidae,640,640,606.0,639.84,387745.73,0.946645,606.0,639.84,0.9471,large,1
train,2025_0609_114317_292_JPG,Notonectidae,640,640,444.5,531.0,236029.5,0.576244,444.5,531.0,0.8371,large,1
train,2025_0609_114339_294_JPG,Notonectidae,640,640,446.0,554.5,247307.0,0.603777,446.0,554.5,0.8043,large,1
train,2025_0609_114343_295_JPG,Notonectidae,640,640,638.22,620.13,395782.87,0.966267,620.13,638.22,1.0292,large,1
train,2025_0609_114952_339_JPG,Notonectidae,640,640,438.0,563.0,246594.0,0.602036,438.0,563.0,0.778,large,1
train,2025_0609_114957_340_JPG,Notonectidae,640,640,454.0,554.5,251743.0,0.614607,454.0,554.5,0.8188,large,1
train,2025_0609_115109_347_JPG,Notonectidae,640,640,466.5,569.5,265671.75,0.648613,466.5,569.5,0.8191,large,1
train,2025_0609_115119_349_JPG,Notonectidae,640,640,470.0,588.5,276595.0,0.675281,470.0,588.5,0.7986,large,1
train,2025_0609_115135_350_JPG,Notonectidae,640,640,623.0,640.0,398720.0,0.973437,623.0,640.0,0.9734,large,1
train,2025_0609_115139_351_JPG,Notonectidae,640,640,466.5,563.0,262639.5,0.64121,466.5,563.0,0.8286,large,1
train,2025_0609_115144_352_JPG,Notonectidae,640,640,468.5,578.0,270793.0,0.661116,468.5,578.0,0.8106,large,1
train,2025_0609_115214_354_JPG,Notonectidae,640,640,605.61,531.59,321936.41,0.785978,531.59,605.61,1.1392,large,1
train,2025_0609_115224_356_JPG,Notonectidae,640,640,471.5,571.5,269462.25,0.657867,471.5,571.5,0.825,large,1
train,2025_0609_115933_383_JPG,Notonectidae,640,640,570.0,637.93,363617.78,0.887739,570.0,637.93,0.8935,large,1
train,2025_0609_115938_384_JPG,Notonectidae,640,640,435.0,558.5,242947.5,0.593134,435.0,558.5,0.7789,large,1
train,2025_0609_115944_385_JPG,Notonectidae,640,640,581.37,489.25,284436.53,0.694425,489.25,581.37,1.1883,large,1
train,2025_0609_120026_387_JPG,Notonectidae,640,640,462.0,603.0,278586.0,0.680142,462.0,603.0,0.7662,large,1
train,2025_0609_120031_388_JPG,Notonectidae,640,640,468.5,605.5,283676.75,0.69257,468.5,605.5,0.7737,large,1
train,2025_0609_120036_389_JPG,Notonectidae,640,640,618.0,638.86,394815.02,0.963904,618.0,638.86,0.9673,large,1
train,2025_0609_120040_390_JPG,Notonectidae,640,640,470.0,609.5,286465.0,0.699377,470.0,609.5,0.7711,large,1
train,2025_0609_120057_392_JPG,Notonectidae,640,640,463.5,609.5,282503.25,0.689705,463.5,609.5,0.7605,large,1
train,2025_0609_120102_393_JPG,Notonectidae,640,640,639.45,565.22,361432.4,0.882403,565.22,639.45,1.1313,large,1
train,2025_0609_120111_395_JPG,Notonectidae,640,640,473.0,594.5,281198.5,0.68652,473.0,594.5,0.7956,large,1
train,2025_0609_120116_396_JPG,Notonectidae,640,640,640.0,548.96,351336.3,0.857755,548.96,640.0,1.1658,large,1
train,2025_0609_120316_406_JPG,Notonectidae,640,640,438.0,616.0,269808.0,0.658711,438.0,616.0,0.711,large,1
train,2025_0611_102211_409_JPG,Glossiphoniidae,640,640,512.5,366.0,187575.0,0.457947,366.0,512.5,1.4003,large,1
train,2025_0611_102221_411_JPG,Glossiphoniidae,640,640,520.5,372.5,193886.25,0.473355,372.5,520.5,1.3973,large,1
train,2025_0611_102240_415_JPG,Glossiphoniidae,640,640,525.36,593.0,311535.84,0.760586,525.36,593.0,0.8859,large,1
train,2025_0611_102311_419_JPG,Glossiphoniidae,640,640,471.5,410.5,193550.75,0.472536,410.5,471.5,1.1486,large,1
train,2025_0611_102335_424_JPG,Glossiphoniidae,640,640,452.5,406.5,183941.25,0.449075,406.5,452.5,1.1132,large,1
train,2025_0611_102400_428_JPG,Glossiphoniidae,640,640,465.0,393.5,182977.5,0.446722,393.5,465.0,1.1817,large,1
train,2025_0611_102513_433_JPG,Glossiphoniidae,640,640,512.5,370.5,189881.25,0.463577,370.5,512.5,1.3833,large,1
train,2025_0611_102546_440_JPG,Glossiphoniidae,640,640,501.5,362.0,181543.0,0.44322,362.0,501.5,1.3854,large,1
train,2025_0611_102556_442_JPG,Glossiphoniidae,640,640,508.0,391.5,198882.0,0.485552,391.5,508.0,1.2976,large,1
train,2025_0611_102618_445_JPG,Glossiphoniidae,640,640,484.0,406.5,196746.0,0.480337,406.5,484.0,1.1907,large,1
train,2025_0611_102622_446_JPG,Glossiphoniidae,640,640,608.53,563.31,342795.84,0.836904,563.31,608.53,1.0803,large,1
train,2025_0611_102651_452_JPG,Glossiphoniidae,640,640,479.5,402.0,192759.0,0.470603,402.0,479.5,1.1928,large,1
train,2025_0611_102707_454_JPG,Glossiphoniidae,640,640,519.0,601.22,312034.33,0.761803,519.0,601.22,0.8632,large,1
train,2025_0611_102730_459_JPG,Glossiphoniidae,640,640,578.95,571.33,330772.38,0.80755,571.33,578.95,1.0133,large,1
train,2025_0611_103306_483_JPG,Glossiphoniidae,640,640,516.0,391.5,202014.0,0.493198,391.5,516.0,1.318,large,1
train,2025_0611_103320_486_JPG,Glossiphoniidae,640,640,516.0,385.0,198660.0,0.48501,385.0,516.0,1.3403,large,1
train,2025_0611_103422_497_JPG,Glossiphoniidae,640,640,489.0,410.5,200734.5,0.490074,410.5,489.0,1.1912,large,1
train,2025_0611_103436_500_JPG,Glossiphoniidae,640,640,495.0,412.5,204187.5,0.498505,412.5,495.0,1.2,large,1
train,2025_0611_103448_502_JPG,Glossiphoniidae,640,640,566.52,625.99,354632.2,0.865801,566.52,625.99,0.905,large,1
train,2025_0611_103700_510_JPG,Glossiphoniidae,640,640,503.0,374.5,188373.5,0.459896,374.5,503.0,1.3431,large,1
train,2025_0611_103759_518_JPG,Glossiphoniidae,640,640,563.31,493.2,277825.04,0.678284,493.2,563.31,1.1422,large,1
train,2025_0611_103803_519_JPG,Glossiphoniidae,640,640,489.0,404.0,197556.0,0.482314,404.0,489.0,1.2104,large,1
train,2025_0611_103808_520_JPG,Glossiphoniidae,640,640,484.0,393.5,190454.0,0.464976,393.5,484.0,1.23,large,1
train,2025_0611_103817_521_JPG,Glossiphoniidae,640,640,579.7,630.82,365689.98,0.892798,579.7,630.82,0.919,large,1
train,2025_0611_103836_525_JPG,Glossiphoniidae,640,640,553.6,459.53,254393.55,0.621078,459.53,553.6,1.2047,large,1
train,2025_0611_103914_530_JPG,Glossiphoniidae,640,640,417.05,547.0,228127.36,0.556952,417.05,547.0,0.7624,large,1
train,2025_0611_103923_532_JPG,Glossiphoniidae,640,640,516.0,379.0,195564.0,0.477451,379.0,516.0,1.3615,large,1
train,2025_0611_103933_534_JPG,Glossiphoniidae,640,640,509.5,368.5,187750.75,0.458376,368.5,509.5,1.3826,large,1
train,2025_0611_104005_538_JPG,Glossiphoniidae,640,640,500.0,410.5,205250.0,0.501099,410.5,500.0,1.218,large,1
train,2025_0611_104019_541_JPG,Glossiphoniidae,640,640,492.0,410.5,201966.0,0.493081,410.5,492.0,1.1985,large,1
train,2025_0611_104024_542_JPG,Glossiphoniidae,640,640,509.5,415.0,211442.5,0.516217,415.0,509.5,1.2277,large,1
train,2025_0611_104537_553_JPG,Glossiphoniidae,640,640,638.97,542.85,346864.24,0.846837,542.85,638.97,1.1771,large,1
train,2025_0611_104615_559_JPG,Glossiphoniidae,640,640,493.5,381.0,188023.5,0.459042,381.0,493.5,1.2953,large,1
train,2025_0611_104620_560_JPG,Glossiphoniidae,640,640,487.5,396.0,193050.0,0.471313,396.0,487.5,1.2311,large,1
train,2025_0611_105331_572_JPG,Glossiphoniidae,640,640,605.9,529.98,321115.5,0.783973,529.98,605.9,1.1433,large,1
train,2025_0611_105411_579_JPG,Glossiphoniidae,640,640,403.42,596.58,240672.73,0.58758,403.42,596.58,0.6762,large,1
train,2025_0611_105441_582_JPG,Glossiphoniidae,640,640,533.99,427.79,228434.91,0.557702,427.79,533.99,1.2482,large,1
train,2025_0611_105453_583_JPG,Glossiphoniidae,640,640,492.0,385.0,189420.0,0.462451,385.0,492.0,1.2779,large,1
train,2025_0611_105457_584_JPG,Glossiphoniidae,640,640,525.5,381.0,200215.5,0.488807,381.0,525.5,1.3793,large,1
train,2025_0611_115659_741_JPG,Glossiphoniidae,640,640,476.0,317.5,151130.0,0.36897,317.5,476.0,1.4992,large,2
train,2025_0611_115659_741_JPG,Glossiphoniidae,640,640,509.5,254.0,129413.0,0.31595,254.0,509.5,2.0059,large,2
train,2025_0611_115719_745_JPG,Glossiphoniidae,640,640,463.5,317.5,147161.25,0.35928,317.5,463.5,1.4598,large,2
train,2025_0611_115719_745_JPG,Glossiphoniidae,640,640,512.5,264.5,135556.25,0.330948,264.5,512.5,1.9376,large,2
train,2025_0611_115804_747_JPG,Glossiphoniidae,640,640,468.5,307.0,143829.5,0.351146,307.0,468.5,1.5261,large,2
train,2025_0611_115804_747_JPG,Glossiphoniidae,640,640,500.0,269.0,134500.0,0.328369,269.0,500.0,1.8587,large,2
train,2025_0611_115823_751_JPG,Glossiphoniidae,640,640,489.0,305.0,149145.0,0.364124,305.0,489.0,1.6033,large,2
train,2025_0611_115823_751_JPG,Glossiphoniidae,640,640,506.5,279.5,141566.75,0.345622,279.5,506.5,1.8122,large,2
train,2025_0611_115828_752_JPG,Glossiphoniidae,640,640,489.0,311.0,152079.0,0.371287,311.0,489.0,1.5723,large,2
train,2025_0611_115828_752_JPG,Glossiphoniidae,640,640,516.0,249.5,128742.0,0.314312,249.5,516.0,2.0681,large,2
train,2025_0611_115848_756_JPG,Glossiphoniidae,640,640,490.5,311.0,152545.5,0.372426,311.0,490.5,1.5772,large,2
train,2025_0611_115848_756_JPG,Glossiphoniidae,640,640,516.0,256.0,132096.0,0.3225,256.0,516.0,2.0156,large,2
train,2025_0611_115945_757_JPG,Glossiphoniidae,640,640,516.0,258.0,133128.0,0.32502,258.0,516.0,2.0,large,2
train,2025_0611_115945_757_JPG,Glossiphoniidae,640,640,470.0,305.0,143350.0,0.349976,305.0,470.0,1.541,large,2
train,2025_0611_120014_763_JPG,Glossiphoniidae,640,640,520.5,277.0,144178.5,0.351998,277.0,520.5,1.8791,large,2
train,2025_0611_120014_763_JPG,Glossiphoniidae,640,640,465.0,305.0,141825.0,0.346252,305.0,465.0,1.5246,large,2
train,2025_0611_120019_764_JPG,Glossiphoniidae,640,640,520.5,266.5,138713.25,0.338655,266.5,520.5,1.9531,large,2
train,2025_0611_120019_764_JPG,Glossiphoniidae,640,640,479.5,328.0,157276.0,0.383975,328.0,479.5,1.4619,large,2
train,2025_0611_120113_768_JPG,Glossiphoniidae,640,640,463.5,305.0,141367.5,0.345135,305.0,463.5,1.5197,large,2
train,2025_0611_120113_768_JPG,Glossiphoniidae,640,640,501.5,275.0,137912.5,0.3367,275.0,501.5,1.8236,large,2
train,2025_0611_120128_771_JPG,Glossiphoniidae,640,640,549.26,368.0,202127.41,0.493475,368.0,549.26,1.4926,large,2
train,2025_0611_120128_771_JPG,Glossiphoniidae,640,640,575.0,338.0,194350.0,0.474487,338.0,575.0,1.7012,large,2
train,2025_0611_120138_773_JPG,Glossiphoniidae,640,640,337.76,507.57,171434.71,0.418542,337.76,507.57,0.6654,large,2
train,2025_0611_120138_773_JPG,Glossiphoniidae,640,640,292.32,556.68,162728.31,0.397286,292.32,556.68,0.5251,large,2
train,2025_0611_120148_775_JPG,Glossiphoniidae,640,640,509.87,379.65,193571.82,0.472587,379.65,509.87,1.343,large,2
train,2025_0611_120148_775_JPG,Glossiphoniidae,640,640,569.67,341.24,194391.37,0.474588,341.24,569.67,1.6694,large,2
train,2025_0611_120326_778_JPG,Glossiphoniidae,640,640,458.5,298.5,136862.25,0.334136,298.5,458.5,1.536,large,2
train,2025_0611_120326_778_JPG,Glossiphoniidae,640,640,505.0,256.0,129280.0,0.315625,256.0,505.0,1.9727,large,2
train,2025_0611_120410_787_JPG,Glossiphoniidae,640,640,478.0,298.5,142683.0,0.348347,298.5,478.0,1.6013,large,2
train,2025_0611_120410_787_JPG,Glossiphoniidae,640,640,522.0,266.5,139113.0,0.339631,266.5,522.0,1.9587,large,2
train,2025_0611_120531_791_JPG,Glossiphoniidae,640,640,511.0,252.0,128772.0,0.314385,252.0,511.0,2.0278,large,2
train,2025_0611_120531_791_JPG,Glossiphoniidae,640,640,454.0,309.0,140286.0,0.342495,309.0,454.0,1.4693,large,2
train,2025_0611_120604_796_JPG,Glossiphoniidae,640,640,528.5,271.0,143223.5,0.349667,271.0,528.5,1.9502,large,2
train,2025_0611_120604_796_JPG,Glossiphoniidae,640,640,462.0,296.5,136983.0,0.334431,296.5,462.0,1.5582,large,2
train,2025_0611_120623_799_JPG,Glossiphoniidae,640,640,517.5,243.5,126011.25,0.307645,243.5,517.5,2.1253,large,2
train,2025_0611_120623_799_JPG,Glossiphoniidae,640,640,458.5,283.5,129984.75,0.317346,283.5,458.5,1.6173,large,2
train,2025_0611_120644_803_JPG,Glossiphoniidae,640,640,562.79,345.21,194277.61,0.474311,345.21,562.79,1.6303,large,2
train,2025_0611_120644_803_JPG,Glossiphoniidae,640,640,531.03,335.93,178386.62,0.435514,335.93,531.03,1.5808,large,2
train,2025_0611_120648_804_JPG,Glossiphoniidae,640,640,589.87,411.07,242478.89,0.591989,411.07,589.87,1.4349,large,2
train,2025_0611_120648_804_JPG,Glossiphoniidae,640,640,525.81,342.81,180257.11,0.440081,342.81,525.81,1.5338,large,2
train,2025_0611_122749_858_JPG,Glossiphoniidae,640,640,592.0,355.5,210456.0,0.513809,355.5,592.0,1.6653,large,1
train,2025_0611_122754_859_JPG,Glossiphoniidae,640,640,600.0,336.5,201900.0,0.49292,336.5,600.0,1.7831,large,1
train,2025_0611_122814_863_JPG,Glossiphoniidae,640,640,589.0,326.0,192014.0,0.468784,326.0,589.0,1.8067,large,1
train,2025_0611_122824_865_JPG,Glossiphoniidae,640,640,630.48,370.0,233278.15,0.569527,370.0,630.48,1.704,large,1
train,2025_0611_122854_870_JPG,Glossiphoniidae,640,640,547.5,372.5,203943.75,0.49791,372.5,547.5,1.4698,large,1
train,2025_0611_122904_872_JPG,Glossiphoniidae,640,640,558.5,391.5,218652.75,0.53382,391.5,558.5,1.4266,large,1
train,2025_0611_123013_879_JPG,Glossiphoniidae,640,640,458.19,638.61,292600.45,0.714357,458.19,638.61,0.7175,large,1
train,2025_0611_123023_881_JPG,Glossiphoniidae,640,640,593.5,360.0,213660.0,0.521631,360.0,593.5,1.6486,large,1
train,2025_0611_123032_883_JPG,Glossiphoniidae,640,640,590.5,311.0,183645.5,0.448353,311.0,590.5,1.8987,large,1
train,2025_0611_123037_884_JPG,Glossiphoniidae,640,640,601.5,319.5,192179.25,0.469188,319.5,601.5,1.8826,large,1
train,2025_0611_123042_885_JPG,Glossiphoniidae,640,640,491.22,637.47,313137.79,0.764497,491.22,637.47,0.7706,large,1
train,2025_0611_123109_889_JPG,Glossiphoniidae,640,640,584.0,389.5,227468.0,0.555342,389.5,584.0,1.4994,large,1
train,2025_0611_123114_890_JPG,Glossiphoniidae,640,640,573.0,383.0,219459.0,0.535789,383.0,573.0,1.4961,large,1
train,2025_0611_123144_894_JPG,Glossiphoniidae,640,640,563.5,391.5,220610.25,0.538599,391.5,563.5,1.4393,large,1
train,2025_0611_123159_897_JPG,Glossiphoniidae,640,640,638.87,550.44,351664.68,0.858556,550.44,638.87,1.1607,large,1
train,2025_0611_123532_905_JPG,Glossiphoniidae,640,640,487.5,203.0,98962.5,0.241608,203.0,487.5,2.4015,large,2
train,2025_0611_123532_905_JPG,Glossiphoniidae,640,640,616.0,336.5,207284.0,0.506064,336.5,616.0,1.8306,large,2
train,2025_0708_101050_919_JPG,Ampullariidae,640,640,446.0,501.5,223669.0,0.546067,446.0,501.5,0.8893,large,1
train,2025_0708_101501_942_JPG,Ampullariidae,640,640,412.5,580.0,239250.0,0.584106,412.5,580.0,0.7112,large,1
train,2025_0708_101553_946_JPG,Ampullariidae,640,640,373.0,588.5,219510.5,0.535914,373.0,588.5,0.6338,large,1
train,2025_0708_101558_947_JPG,Ampullariidae,640,640,374.5,582.0,217959.0,0.532126,374.5,582.0,0.6435,large,1
train,2025_0708_101612_949_JPG,Ampullariidae,640,640,366.5,588.5,215685.25,0.526575,366.5,588.5,0.6228,large,1
train,2025_0708_101617_950_JPG,Ampullariidae,640,640,374.5,599.0,224325.5,0.54767,374.5,599.0,0.6252,large,1
train,2025_0708_101714_960_JPG,Ampullariidae,640,640,424.0,578.0,245072.0,0.59832,424.0,578.0,0.7336,large,1
train,2025_0708_101719_961_JPG,Ampullariidae,640,640,417.5,563.0,235052.5,0.573859,417.5,563.0,0.7416,large,1
train,2025_0708_101808_968_JPG,Ampullariidae,640,640,603.74,639.14,385875.3,0.942078,603.74,639.14,0.9446,large,1
train,2025_0708_101818_970_JPG,Ampullariidae,640,640,411.0,586.0,240846.0,0.588003,411.0,586.0,0.7014,large,1
train,2025_0708_101838_974_JPG,Ampullariidae,640,640,420.5,580.0,243890.0,0.595435,420.5,580.0,0.725,large,1
train,2025_0708_101907_978_JPG,Ampullariidae,640,640,638.67,449.74,287234.42,0.701256,449.74,638.67,1.4201,large,1
train,2025_0708_101927_982_JPG,Ampullariidae,640,640,385.5,603.0,232456.5,0.567521,385.5,603.0,0.6393,large,1
train,2025_0708_102057_995_JPG,Ampullariidae,640,640,564.51,619.27,349582.91,0.853474,564.51,619.27,0.9116,large,1
train,2025_0708_102102_996_JPG,Ampullariidae,640,640,433.5,506.0,219351.0,0.535525,433.5,506.0,0.8567,large,1
train,2025_0708_102140_102_JPG,Ampullariidae,640,640,446.0,550.5,245523.0,0.599421,446.0,550.5,0.8102,large,1
train,2025_0708_102611_114_JPG,Ampullariidae,640,640,368.5,586.0,215941.0,0.5272,368.5,586.0,0.6288,large,1
train,2025_0708_102626_117_JPG,Ampullariidae,640,640,370.0,592.5,219225.0,0.535217,370.0,592.5,0.6245,large,1
train,2025_0708_102631_118_JPG,Ampullariidae,640,640,362.0,592.5,214485.0,0.523645,362.0,592.5,0.611,large,1
train,2025_0708_103109_127_JPG,Ampullariidae,640,640,414.5,548.0,227146.0,0.554556,414.5,548.0,0.7564,large,1
train,2025_0708_103119_129_JPG,Ampullariidae,640,640,422.0,539.5,227669.0,0.555833,422.0,539.5,0.7822,large,1
train,2025_0708_103129_131_JPG,Ampullariidae,640,640,427.0,542.0,231434.0,0.565024,427.0,542.0,0.7878,large,1
train,2025_0708_103139_133_JPG,Ampullariidae,640,640,409.5,544.0,222768.0,0.543867,409.5,544.0,0.7528,large,1
train,2025_0708_103225_139_JPG,Ampullariidae,640,640,392.0,575.5,225596.0,0.550771,392.0,575.5,0.6811,large,1
train,2025_0708_103254_142_JPG,Ampullariidae,640,640,416.0,533.5,221936.0,0.541836,416.0,533.5,0.7798,large,1
train,2025_0708_103323_147_JPG,Ampullariidae,640,640,554.25,617.76,342394.21,0.835923,554.25,617.76,0.8972,large,1
train,2025_0708_103328_148_JPG,Ampullariidae,640,640,424.0,548.0,232352.0,0.567266,424.0,548.0,0.7737,large,1
train,2025_0708_103333_149_JPG,Ampullariidae,640,640,424.0,542.0,229808.0,0.561055,424.0,542.0,0.7823,large,1
train,2025_0708_103415_153_JPG,Ampullariidae,640,640,392.0,582.0,228144.0,0.556992,392.0,582.0,0.6735,large,1
train,2025_0708_103640_168_JPG,Ampullariidae,640,640,620.88,562.89,349487.29,0.85324,562.89,620.88,1.103,large,1
train,2025_0708_103649_170_JPG,Ampullariidae,640,640,425.5,518.5,220621.75,0.538627,425.5,518.5,0.8206,large,1
train,2025_0708_103654_171_JPG,Ampullariidae,640,640,430.0,518.5,222955.0,0.544324,430.0,518.5,0.8293,large,1
train,2025_0708_103705_173_JPG,Ampullariidae,640,640,424.0,506.0,214544.0,0.523789,424.0,506.0,0.8379,large,1
train,2025_0708_103926_187_JPG,Ampullariidae,640,640,405.0,569.5,230647.5,0.563104,405.0,569.5,0.7112,large,1
train,2025_0708_103958_190_JPG,Ampullariidae,640,640,358.5,597.0,214024.5,0.522521,358.5,597.0,0.6005,large,1
train,2025_0708_104008_192_JPG,Ampullariidae,640,640,505.67,635.28,321240.67,0.784279,505.67,635.28,0.796,large,1
train,2025_0708_104013_193_JPG,Ampullariidae,640,640,420.33,625.52,262926.28,0.64191,420.33,625.52,0.672,large,1
train,2025_0708_104057_200_JPG,Ampullariidae,640,640,562.44,639.11,359459.76,0.877587,562.44,639.11,0.88,large,1
train,2025_0708_104102_201_JPG,Ampullariidae,640,640,419.0,550.5,230659.5,0.563134,419.0,550.5,0.7611,large,1
train,2025_0708_104112_203_JPG,Ampullariidae,640,640,583.48,639.02,372857.63,0.910297,583.48,639.02,0.9131,large,1
train,2025_0708_104213_208_JPG,Ampullariidae,640,640,449.0,520.5,233704.5,0.570568,449.0,520.5,0.8626,large,1
train,2025_0708_104218_209_JPG,Ampullariidae,640,640,441.5,512.0,226048.0,0.551875,441.5,512.0,0.8623,large,1
train,2025_0708_104223_210_JPG,Ampullariidae,640,640,441.5,506.0,223399.0,0.545408,441.5,506.0,0.8725,large,1
train,2025_0708_110312_227_JPG,Ampullariidae,640,640,195.0,228.5,44557.5,0.108783,195.0,228.5,0.8534,large,3
train,2025_0708_110312_227_JPG,Ampullariidae,640,640,205.0,241.5,49507.5,0.120868,205.0,241.5,0.8489,large,3
train,2025_0708_110312_227_JPG,Ampullariidae,640,640,241.5,292.0,70518.0,0.172163,241.5,292.0,0.8271,large,3
train,2025_0708_110317_228_JPG,Ampullariidae,640,640,187.5,216.0,40500.0,0.098877,187.5,216.0,0.8681,large,3
train,2025_0708_110317_228_JPG,Ampullariidae,640,640,203.0,247.5,50242.5,0.122662,203.0,247.5,0.8202,large,3
train,2025_0708_110317_228_JPG,Ampullariidae,640,640,241.5,281.5,67982.25,0.165972,241.5,281.5,0.8579,large,3
train,2025_0708_110322_229_JPG,Ampullariidae,640,640,269.8,252.05,68003.59,0.166024,252.05,269.8,1.0704,large,3
train,2025_0708_110322_229_JPG,Ampullariidae,640,640,290.73,267.24,77694.71,0.189684,267.24,290.73,1.0879,large,3
train,2025_0708_110322_229_JPG,Ampullariidae,640,640,302.13,314.67,95071.29,0.232108,302.13,314.67,0.9602,large,3
train,2025_0708_110410_237_JPG,Ampullariidae,640,640,178.0,211.5,37647.0,0.091912,178.0,211.5,0.8416,large,3
train,2025_0708_110410_237_JPG,Ampullariidae,640,640,198.5,252.0,50022.0,0.122124,198.5,252.0,0.7877,large,3
train,2025_0708_110410_237_JPG,Ampullariidae,640,640,224.0,285.5,63952.0,0.156133,224.0,285.5,0.7846,large,3
train,2025_0708_110430_241_JPG,Ampullariidae,640,640,230.0,292.0,67160.0,0.163965,230.0,292.0,0.7877,large,3
train,2025_0708_110430_241_JPG,Ampullariidae,640,640,189.0,252.0,47628.0,0.116279,189.0,252.0,0.75,large,3
train,2025_0708_110430_241_JPG,Ampullariidae,640,640,185.5,222.0,41181.0,0.10054,185.5,222.0,0.8356,large,3
train,2025_0708_110502_246_JPG,Ampullariidae,640,640,189.0,214.0,40446.0,0.098745,189.0,214.0,0.8832,large,3
train,2025_0708_110502_246_JPG,Ampullariidae,640,640,211.0,220.0,46420.0,0.11333,211.0,220.0,0.9591,large,3
train,2025_0708_110502_246_JPG,Ampullariidae,640,640,233.5,273.0,63745.5,0.155629,233.5,273.0,0.8553,large,3
train,2025_0708_110549_252_JPG,Ampullariidae,640,640,284.11,349.1,99184.24,0.242149,284.11,349.1,0.8138,large,3
train,2025_0708_110549_252_JPG,Ampullariidae,640,640,236.85,239.65,56761.98,0.138579,236.85,239.65,0.9883,large,3
train,2025_0708_110549_252_JPG,Ampullariidae,640,640,286.67,282.94,81109.68,0.198022,282.94,286.67,1.0132,large,3
train,2025_0708_110553_253_JPG,Ampullariidae,640,640,328.31,281.68,92479.16,0.225779,281.68,328.31,1.1655,large,3
train,2025_0708_110553_253_JPG,Ampullariidae,640,640,298.64,221.28,66084.49,0.161339,221.28,298.64,1.3496,large,3
train,2025_0708_110553_253_JPG,Ampullariidae,640,640,279.07,240.24,67042.15,0.163677,240.24,279.07,1.1616,large,3
train,2025_0708_110618_258_JPG,Ampullariidae,640,640,190.5,245.5,46767.75,0.114179,190.5,245.5,0.776,large,3
train,2025_0708_110618_258_JPG,Ampullariidae,640,640,219.0,292.0,63948.0,0.156123,219.0,292.0,0.75,large,3
train,2025_0708_110618_258_JPG,Ampullariidae,640,640,168.5,243.5,41029.75,0.10017,168.5,243.5,0.692,large,3
train,2025_0708_110633_261_JPG,Ampullariidae,640,640,220.5,298.5,65819.25,0.160692,220.5,298.5,0.7387,large,3
train,2025_0708_110633_261_JPG,Ampullariidae,640,640,165.0,254.0,41910.0,0.102319,165.0,254.0,0.6496,large,3
train,2025_0708_110633_261_JPG,Ampullariidae,640,640,192.0,249.5,47904.0,0.116953,192.0,249.5,0.7695,large,3
train,2025_0708_110906_263_JPG,Ampullariidae,640,640,306.0,356.87,109201.2,0.266604,306.0,356.87,0.8575,large,3
train,2025_0708_110906_263_JPG,Ampullariidae,640,640,251.0,281.61,70685.32,0.172572,251.0,281.61,0.8913,large,3
train,2025_0708_110906_263_JPG,Ampullariidae,640,640,238.0,228.79,54450.87,0.132937,228.79,238.0,1.0403,large,3
train,2025_0708_110916_265_JPG,Ampullariidae,640,640,193.5,207.5,40151.25,0.098026,193.5,207.5,0.9325,large,3
train,2025_0708_110916_265_JPG,Ampullariidae,640,640,208.0,254.0,52832.0,0.128984,208.0,254.0,0.8189,large,3
train,2025_0708_110916_265_JPG,Ampullariidae,640,640,228.5,294.0,67179.0,0.164011,228.5,294.0,0.7772,large,3
train,2025_0708_111018_275_JPG,Ampullariidae,640,640,231.5,305.0,70607.5,0.172382,231.5,305.0,0.759,large,3
train,2025_0708_111018_275_JPG,Ampullariidae,640,640,190.5,258.0,49149.0,0.119993,190.5,258.0,0.7384,large,3
train,2025_0708_111018_275_JPG,Ampullariidae,640,640,184.0,230.5,42412.0,0.103545,184.0,230.5,0.7983,large,3
train,2025_0708_111028_277_JPG,Ampullariidae,640,640,236.53,214.31,50691.72,0.123759,214.31,236.53,1.1037,large,3
train,2025_0708_111028_277_JPG,Ampullariidae,640,640,265.78,316.51,84121.62,0.205375,265.78,316.51,0.8397,large,3
train,2025_0708_111028_277_JPG,Ampullariidae,640,640,321.24,371.07,119203.11,0.291023,321.24,371.07,0.8657,large,3
train,2025_0708_111033_278_JPG,Ampullariidae,640,640,230.0,296.5,68195.0,0.166492,230.0,296.5,0.7757,large,3
train,2025_0708_111033_278_JPG,Ampullariidae,640,640,197.0,273.0,53781.0,0.131301,197.0,273.0,0.7216,large,3
train,2025_0708_111033_278_JPG,Ampullariidae,640,640,187.5,220.0,41250.0,0.100708,187.5,220.0,0.8523,large,3
train,2025_0708_111043_280_JPG,Ampullariidae,640,640,233.5,300.5,70166.75,0.171306,233.5,300.5,0.777,large,3
train,2025_0708_111043_280_JPG,Ampullariidae,640,640,190.5,252.0,48006.0,0.117202,190.5,252.0,0.756,large,3
train,2025_0708_111043_280_JPG,Ampullariidae,640,640,179.5,226.5,40656.75,0.09926,179.5,226.5,0.7925,large,3
train,2025_0708_111306_282_JPG,Ampullariidae,640,640,246.0,288.0,70848.0,0.172969,246.0,288.0,0.8542,large,3
train,2025_0708_111306_282_JPG,Ampullariidae,640,640,212.5,237.0,50362.5,0.122955,212.5,237.0,0.8966,large,3
train,2025_0708_111306_282_JPG,Ampullariidae,640,640,190.5,228.5,43529.25,0.106273,190.5,228.5,0.8337,large,3
train,2025_0708_111333_287_JPG,Ampullariidae,640,640,342.93,293.44,100631.88,0.245683,293.44,342.93,1.1686,large,3
train,2025_0708_111333_287_JPG,Ampullariidae,640,640,273.49,237.95,65076.17,0.158877,237.95,273.49,1.1494,large,3
train,2025_0708_111333_287_JPG,Ampullariidae,640,640,229.82,261.81,60169.16,0.146897,229.82,261.81,0.8778,large,3
train,2025_0708_111353_291_JPG,Ampullariidae,640,640,316.11,332.21,105016.79,0.256389,316.11,332.21,0.9515,large,3
train,2025_0708_111353_291_JPG,Ampullariidae,640,640,285.81,246.61,70482.22,0.172076,246.61,285.81,1.159,large,3
train,2025_0708_111353_291_JPG,Ampullariidae,640,640,260.41,279.82,72869.85,0.177905,260.41,279.82,0.9306,large,3
train,2025_0708_111408_294_JPG,Ampullariidae,640,640,197.0,233.0,45901.0,0.112063,197.0,233.0,0.8455,large,3
train,2025_0708_111408_294_JPG,Ampullariidae,640,640,216.0,241.5,52164.0,0.127354,216.0,241.5,0.8944,large,3
train,2025_0708_111408_294_JPG,Ampullariidae,640,640,246.0,281.5,69249.0,0.169065,246.0,281.5,0.8739,large,3
train,2025_0708_112616_316_JPG,Ampullariidae,640,640,197.0,226.5,44620.5,0.108937,197.0,226.5,0.8698,large,3
train,2025_0708_112616_316_JPG,Ampullariidae,640,640,209.5,260.5,54574.75,0.133239,209.5,260.5,0.8042,large,3
train,2025_0708_112616_316_JPG,Ampullariidae,640,640,236.5,298.5,70595.25,0.172352,236.5,298.5,0.7923,large,3
train,2025_0708_112621_317_JPG,Ampullariidae,640,640,216.0,288.0,62208.0,0.151875,216.0,288.0,0.75,large,3
train,2025_0708_112621_317_JPG,Ampullariidae,640,640,195.0,239.0,46605.0,0.113782,195.0,239.0,0.8159,large,3
train,2025_0708_112621_317_JPG,Ampullariidae,640,640,197.0,207.5,40877.5,0.099799,197.0,207.5,0.9494,large,3
train,2025_0708_114633_363_JPG,Ampullariidae,640,640,249.0,267.5,66607.5,0.162616,249.0,267.5,0.9308,large,3
train,2025_0708_114633_363_JPG,Ampullariidae,640,640,182.5,214.0,39055.0,0.095349,182.5,214.0,0.8528,large,3
train,2025_0708_114633_363_JPG,Ampullariidae,640,640,203.0,235.0,47705.0,0.116467,203.0,235.0,0.8638,large,3
train,2025_0814_105830_741_JPG,Hydrophilidae,640,640,571.5,285.5,163163.25,0.398348,285.5,571.5,2.0018,large,1
train,2025_0814_105836_742_JPG,Hydrophilidae,640,640,568.5,262.5,149231.25,0.364334,262.5,568.5,2.1657,large,1
train,2025_0814_105843_743_JPG,Hydrophilidae,640,640,603.0,281.5,169744.5,0.414415,281.5,603.0,2.1421,large,1
train,2025_0814_105930_752_JPG,Hydrophilidae,640,640,593.5,271.0,160838.5,0.392672,271.0,593.5,2.19,large,1
train,2025_0814_110239_765_JPG,Hydrophilidae,640,640,601.5,347.0,208720.5,0.509572,347.0,601.5,1.7334,large,1
train,2025_0814_110338_766_JPG,Hydrophilidae,640,640,621.87,326.89,203281.3,0.496292,326.89,621.87,1.9024,large,1
train,2025_0814_110353_767_JPG,Hydrophilidae,640,640,603.0,311.0,187533.0,0.457844,311.0,603.0,1.9389,large,1
train,2025_0814_110433_771_JPG,Hydrophilidae,640,640,595.0,290.0,172550.0,0.421265,290.0,595.0,2.0517,large,1
train,2025_0814_110458_776_JPG,Hydrophilidae,640,640,595.0,294.0,174930.0,0.427075,294.0,595.0,2.0238,large,1
train,2025_0814_111611_785_JPG,Hydrophilidae,640,640,620.5,340.5,211280.25,0.515821,340.5,620.5,1.8223,large,1
train,2025_0814_111633_789_JPG,Hydrophilidae,640,640,612.5,324.0,198450.0,0.484497,324.0,612.5,1.8904,large,1
train,2025_0814_111638_790_JPG,Hydrophilidae,640,640,617.5,326.0,201305.0,0.491467,326.0,617.5,1.8942,large,1
train,2025_0814_111644_791_JPG,Hydrophilidae,640,640,616.0,324.0,199584.0,0.487266,324.0,616.0,1.9012,large,1
train,2025_0814_111700_794_JPG,Hydrophilidae,640,640,612.5,317.5,194468.75,0.474777,317.5,612.5,1.9291,large,1
train,2025_0814_111907_801_JPG,Hydrophilidae,640,640,632.67,500.67,316755.11,0.773328,500.67,632.67,1.2636,large,1
train,2025_0814_111917_803_JPG,Hydrophilidae,640,640,546.67,640.0,349866.67,0.854167,546.67,640.0,0.8542,large,1
train,2025_0814_112143_810_JPG,Hydrophilidae,640,640,480.96,634.73,305279.66,0.745312,480.96,634.73,0.7577,large,1
train,2025_0814_112153_812_JPG,Hydrophilidae,640,640,611.0,309.0,188799.0,0.460935,309.0,611.0,1.9773,large,1
train,2025_0814_113113_818_JPG,Hydrophilidae,640,640,611.0,315.5,192770.5,0.470631,315.5,611.0,1.9366,large,1
train,2025_0814_113118_819_JPG,Hydrophilidae,640,640,624.0,309.0,192816.0,0.470742,309.0,624.0,2.0194,large,1
train,2025_0814_113144_824_JPG,Hydrophilidae,640,640,622.0,305.0,189710.0,0.463159,305.0,622.0,2.0393,large,1
train,2025_0814_113237_828_JPG,Hydrophilidae,640,640,609.5,324.0,197478.0,0.482124,324.0,609.5,1.8812,large,1
train,2025_0814_113242_829_JPG,Hydrophilidae,640,640,608.0,307.0,186656.0,0.455703,307.0,608.0,1.9805,large,1
train,2025_0814_113312_834_JPG,Hydrophilidae,640,640,639.21,503.41,321785.47,0.785609,503.41,639.21,1.2698,large,1
train,2025_0814_113328_837_JPG,Hydrophilidae,640,640,606.5,302.5,183466.25,0.447916,302.5,606.5,2.005,large,1
train,2025_0814_113338_839_JPG,Hydrophilidae,640,640,620.5,313.0,194216.5,0.474161,313.0,620.5,1.9824,large,1
train,2025_0814_113459_842_JPG,Hydrophilidae,640,640,617.5,353.5,218286.25,0.532925,353.5,617.5,1.7468,large,1
train,2025_0814_113504_843_JPG,Hydrophilidae,640,640,614.5,343.0,210773.5,0.514584,343.0,614.5,1.7915,large,1
train,2025_0814_113514_845_JPG,Hydrophilidae,640,640,636.93,510.67,325260.62,0.794093,510.67,636.93,1.2473,large,1
train,2025_0814_113653_847_JPG,Hydrophilidae,640,640,636.89,527.22,335781.98,0.81978,527.22,636.89,1.208,large,1
train,2025_0814_113706_849_JPG,Hydrophilidae,640,640,614.5,389.5,239347.75,0.584345,389.5,614.5,1.5777,large,1
train,2025_0814_113717_851_JPG,Hydrophilidae,640,640,609.5,383.0,233438.5,0.569918,383.0,609.5,1.5914,large,1
train,2025_0814_113722_852_JPG,Hydrophilidae,640,640,608.0,362.0,220096.0,0.537344,362.0,608.0,1.6796,large,1
train,2025_0814_113908_857_JPG,Hydrophilidae,640,640,625.5,370.5,231747.75,0.56579,370.5,625.5,1.6883,large,1
train,2025_0814_113918_859_JPG,Hydrophilidae,640,640,638.79,507.7,324313.6,0.791781,507.7,638.79,1.2582,large,1
train,2025_0814_113944_864_JPG,Hydrophilidae,640,640,637.29,492.48,313852.98,0.766243,492.48,637.29,1.294,large,1
train,2025_0814_121653_932_JPG,Hydrophilidae,640,640,637.0,336.5,214350.5,0.523317,336.5,637.0,1.893,large,1
train,2025_0814_121703_934_JPG,Hydrophilidae,640,640,340.0,633.54,215402.59,0.525885,340.0,633.54,0.5367,large,1
train,2025_0814_121708_935_JPG,Hydrophilidae,640,640,635.0,321.5,204152.5,0.498419,321.5,635.0,1.9751,large,1
train,2025_0814_121724_938_JPG,Hydrophilidae,640,640,639.0,326.0,208314.0,0.508579,326.0,639.0,1.9601,large,1
train,2025_0814_121912_946_JPG,Hydrophilidae,640,640,625.5,345.0,215797.5,0.526849,345.0,625.5,1.813,large,1
train,2025_0814_121917_947_JPG,Hydrophilidae,640,640,525.7,639.66,336271.24,0.820975,525.7,639.66,0.8218,large,1
train,2025_0814_121922_948_JPG,Hydrophilidae,640,640,616.0,302.5,186340.0,0.454932,302.5,616.0,2.0364,large,1
train,2025_0814_121927_949_JPG,Hydrophilidae,640,640,617.5,332.5,205318.75,0.501266,332.5,617.5,1.8571,large,1
train,2025_0814_121933_950_JPG,Hydrophilidae,640,640,622.5,311.0,193597.5,0.47265,311.0,622.5,2.0016,large,1
train,2025_0814_122316_958_JPG,Hydrophilidae,640,640,609.5,336.5,205096.75,0.500724,336.5,609.5,1.8113,large,1
train,2025_0814_122634_967_JPG,Hydrophilidae,640,640,637.24,578.0,368327.29,0.899237,578.0,637.24,1.1025,large,1
train,2025_0814_122650_970_JPG,Hydrophilidae,640,640,408.87,617.82,252606.91,0.616716,408.87,617.82,0.6618,large,1
train,2025_0814_122843_976_JPG,Hydrophilidae,640,640,609.5,379.0,231000.5,0.563966,379.0,609.5,1.6082,large,1
train,2025_0814_122849_977_JPG,Hydrophilidae,640,640,606.5,370.5,224708.25,0.548604,370.5,606.5,1.637,large,1
train,2025_0814_123323_990_JPG,Hydrophilidae,640,640,631.5,355.5,224498.25,0.548091,355.5,631.5,1.7764,large,1
train,2025_0814_123356_996_JPG,Hydrophilidae,640,640,628.5,360.0,226260.0,0.552393,360.0,628.5,1.7458,large,1
train,2025_0814_123731_999_JPG,Hydrophilidae,640,640,629.0,347.0,218263.0,0.532869,347.0,629.0,1.8127,large,1
train,2025_0814_123757_104_JPG,Hydrophilidae,640,640,638.8,532.19,339959.9,0.82998,532.19,638.8,1.2003,large,1
train,2025_0814_123802_105_JPG,Hydrophilidae,640,640,625.5,362.0,226431.0,0.55281,362.0,625.5,1.7279,large,1
train,2025_0814_123808_106_JPG,Hydrophilidae,640,640,507.7,639.63,324742.33,0.792828,507.7,639.63,0.7937,large,1
train,2025_0814_123828_110_JPG,Hydrophilidae,640,640,622.0,351.5,218633.0,0.533772,351.5,622.0,1.7696,large,1
train,2025_0814_124210_118_JPG,Hydrophilidae,640,640,281.33,496.07,139560.09,0.340723,281.33,496.07,0.5671,large,2
train,2025_0814_124210_118_JPG,Hydrophilidae,640,640,485.0,640.0,310400.0,0.757812,485.0,640.0,0.7578,large,2
train,2025_0814_124359_130_JPG,Hydrophilidae,640,640,419.0,230.5,96579.5,0.23579,230.5,419.0,1.8178,large,2
train,2025_0814_124359_130_JPG,Hydrophilidae,640,640,625.5,328.0,205164.0,0.500889,328.0,625.5,1.907,large,2
train,2025_0814_124431_134_JPG,Hydrophilidae,640,640,405.0,220.0,89100.0,0.217529,220.0,405.0,1.8409,large,2
train,2025_0814_124431_134_JPG,Hydrophilidae,640,640,632.0,372.5,235420.0,0.574756,372.5,632.0,1.6966,large,2
train,2025_0814_125016_151_JPG,Hydrophilidae,640,640,419.0,230.5,96579.5,0.23579,230.5,419.0,1.8178,large,2
train,2025_0814_125016_151_JPG,Hydrophilidae,640,640,611.0,321.5,196436.5,0.479581,321.5,611.0,1.9005,large,2
train,2025_0814_125048_157_JPG,Hydrophilidae,640,640,411.0,252.0,103572.0,0.252861,252.0,411.0,1.631,large,2
train,2025_0814_125048_157_JPG,Hydrophilidae,640,640,625.5,330.0,206415.0,0.503943,330.0,625.5,1.8955,large,2
train,2025_0814_131009_192_JPG,Hydrophilidae,640,640,635.0,357.5,227012.5,0.55423,357.5,635.0,1.7762,large,1
train,2025_0827_132040_571_JPG,Gerridae,640,640,637.4,549.33,350145.07,0.854846,549.33,637.4,1.1603,large,1
train,2025_0827_132056_574_JPG,Gerridae,640,640,573.0,379.0,217167.0,0.530193,379.0,573.0,1.5119,large,1
train,2025_0827_132106_576_JPG,Gerridae,640,640,554.0,366.0,202764.0,0.495029,366.0,554.0,1.5137,large,1
train,2025_0827_133446_616_JPG,Gerridae,640,640,611.87,606.53,371122.02,0.90606,606.53,611.87,1.0088,large,1
train,2025_0827_133456_618_JPG,Gerridae,640,640,527.0,495.0,260865.0,0.636877,495.0,527.0,1.0646,large,1
train,2025_0827_133543_624_JPG,Gerridae,640,640,512.5,474.0,242925.0,0.593079,474.0,512.5,1.0812,large,1
train,2025_0827_133554_626_JPG,Gerridae,640,640,591.22,521.36,308235.06,0.752527,521.36,591.22,1.134,large,1
train,2025_0827_133606_628_JPG,Gerridae,640,640,517.5,499.5,258491.25,0.631082,499.5,517.5,1.036,large,1
train,2025_0827_133650_633_JPG,Gerridae,640,640,519.0,463.5,240556.5,0.587296,463.5,519.0,1.1197,large,1
train,2025_0827_133655_634_JPG,Gerridae,640,640,640.0,629.7,403010.37,0.983912,629.7,640.0,1.0164,large,1
train,2025_0827_133716_638_JPG,Gerridae,640,640,527.0,489.0,257703.0,0.629158,489.0,527.0,1.0777,large,1
train,2025_0827_134714_641_JPG,Gerridae,640,640,457.0,605.5,276713.5,0.67557,457.0,605.5,0.7547,large,1
train,2025_0827_134837_653_JPG,Gerridae,640,640,500.0,506.0,253000.0,0.617676,500.0,506.0,0.9881,large,1
train,2025_0827_134848_655_JPG,Gerridae,640,640,498.5,499.5,249000.75,0.607912,498.5,499.5,0.998,large,1
train,2025_0827_134854_656_JPG,Gerridae,640,640,509.5,508.0,258826.0,0.631899,508.0,509.5,1.003,large,1
train,2025_0827_134859_657_JPG,Gerridae,640,640,639.89,628.0,401850.22,0.98108,628.0,639.89,1.0189,large,1
train,2025_0827_135220_662_JPG,Gerridae,640,640,512.5,474.0,242925.0,0.593079,474.0,512.5,1.0812,large,1
train,2025_0827_135325_669_JPG,Gerridae,640,640,604.0,561.47,339130.34,0.827955,561.47,604.0,1.0757,large,1
train,2025_0827_135430_673_JPG,Gerridae,640,640,514.5,415.0,213517.5,0.521283,415.0,514.5,1.2398,large,1
train,2025_0827_135451_677_JPG,Gerridae,640,640,505.0,415.0,209575.0,0.511658,415.0,505.0,1.2169,large,1
train,2025_0827_140437_680_JPG,Gerridae,640,640,503.0,427.5,215032.5,0.524982,427.5,503.0,1.1766,large,1
train,2025_0827_140448_682_JPG,Gerridae,640,640,497.0,415.0,206255.0,0.503552,415.0,497.0,1.1976,large,1
train,2025_0827_140455_683_JPG,Gerridae,640,640,500.41,575.29,287883.08,0.70284,500.41,575.29,0.8698,large,1
train,2025_0827_140612_687_JPG,Gerridae,640,640,505.0,431.5,217907.5,0.532001,431.5,505.0,1.1703,large,1
train,2025_0827_140743_691_JPG,Gerridae,640,640,470.0,554.5,260615.0,0.636267,470.0,554.5,0.8476,large,1
train,2025_0827_140818_695_JPG,Gerridae,640,640,476.0,554.5,263942.0,0.64439,476.0,554.5,0.8584,large,1
train,2025_0827_141022_697_JPG,Gerridae,640,640,430.0,528.37,227199.26,0.554686,430.0,528.37,0.8138,large,1
train,2025_0827_141032_699_JPG,Gerridae,640,640,604.31,540.8,326811.45,0.79788,540.8,604.31,1.1174,large,1
train,2025_0827_141038_700_JPG,Gerridae,640,640,519.0,415.0,215385.0,0.525842,415.0,519.0,1.2506,large,1
train,2025_0827_141049_702_JPG,Gerridae,640,640,514.5,423.5,217890.75,0.53196,423.5,514.5,1.2149,large,1
train,2025_0827_141100_704_JPG,Gerridae,640,640,530.0,421.0,223130.0,0.544751,421.0,530.0,1.2589,large,1
train,2025_0827_141116_707_JPG,Gerridae,640,640,508.0,398.0,202184.0,0.493613,398.0,508.0,1.2764,large,1
train,2025_0827_142048_712_JPG,Gerridae,640,640,547.5,393.5,215441.25,0.52598,393.5,547.5,1.3914,large,1
train,2025_0827_142104_715_JPG,Gerridae,640,640,544.5,410.5,223517.25,0.545696,410.5,544.5,1.3264,large,1
train,2025_0827_142109_716_JPG,Gerridae,640,640,555.5,393.5,218589.25,0.533665,393.5,555.5,1.4117,large,1
train,2025_0827_142743_724_JPG,Gerridae,640,640,500.0,330.0,165000.0,0.402832,330.0,500.0,1.5152,large,1
train,2025_0827_143344_732_JPG,Gerridae,640,640,519.0,533.5,276886.5,0.675992,519.0,533.5,0.9728,large,1
train,2025_0827_143627_738_JPG,Gerridae,640,640,640.0,635.19,406518.52,0.992477,635.19,640.0,1.0076,large,1
train,2025_0827_143642_741_JPG,Gerridae,640,640,516.0,558.5,288186.0,0.703579,516.0,558.5,0.9239,large,1
train,2025_0827_144806_755_JPG,Gerridae,640,640,584.0,599.0,349816.0,0.854043,584.0,599.0,0.975,large,1
train,2025_0827_144822_758_JPG,Gerridae,640,640,585.5,599.0,350714.5,0.856237,585.5,599.0,0.9775,large,1
train,2025_0827_144833_760_JPG,Gerridae,640,640,593.5,584.0,346604.0,0.846201,584.0,593.5,1.0163,large,1
train,2025_0827_144838_761_JPG,Gerridae,640,640,598.5,586.0,350721.0,0.856252,586.0,598.5,1.0213,large,1
train,2025_0827_144849_763_JPG,Gerridae,640,640,587.5,580.0,340750.0,0.831909,580.0,587.5,1.0129,large,1
train,2025_0827_145416_783_JPG,Gerridae,640,640,640.0,640.0,409600.0,1.0,640.0,640.0,1.0,large,1
train,2025_0827_145421_784_JPG,Gerridae,640,640,640.0,640.0,409600.0,1.0,640.0,640.0,1.0,large,1
train,2025_0827_145636_786_JPG,Gerridae,640,640,640.0,639.44,409244.44,0.999132,639.44,640.0,1.0009,large,1
train,2025_0827_145646_788_JPG,Gerridae,640,640,601.5,548.0,329622.0,0.804741,548.0,601.5,1.0976,large,1
train,2025_0827_145652_789_JPG,Gerridae,640,640,605.0,561.0,339405.0,0.828625,561.0,605.0,1.0784,large,1
train,2025_0827_145713_793_JPG,Gerridae,640,640,592.0,632.0,374144.0,0.913438,592.0,632.0,0.9367,large,1
train,2025_0827_145747_797_JPG,Gerridae,640,640,640.0,640.0,409600.0,1.0,640.0,640.0,1.0,large,1
train,2025_0827_145933_801_JPG,Gerridae,640,640,612.5,582.0,356475.0,0.8703,582.0,612.5,1.0524,large,1
train,2025_0827_150400_810_JPG,Gerridae,640,640,614.5,567.0,348421.5,0.850638,567.0,614.5,1.0838,large,1
train,2025_0827_150416_813_JPG,Gerridae,640,640,639.35,629.0,402149.99,0.981811,629.0,639.35,1.0165,large,1
train,2025_0827_150427_815_JPG,Gerridae,640,640,640.0,618.0,395520.0,0.965625,618.0,640.0,1.0356,large,1
train,2025_0901_105251_859_JPG,Gerridae,640,640,640.0,640.0,409600.0,1.0,640.0,640.0,1.0,large,1
train,2025_0901_105643_879_JPG,Gerridae,640,640,589.0,590.5,347804.5,0.849132,589.0,590.5,0.9975,large,1
train,2025_0901_105648_880_JPG,Gerridae,640,640,640.0,640.0,409600.0,1.0,640.0,640.0,1.0,large,1
train,2025_0901_105710_884_JPG,Gerridae,640,640,589.0,594.5,350160.5,0.854884,589.0,594.5,0.9907,large,1
train,2025_0901_105715_885_JPG,Gerridae,640,640,589.0,586.0,345154.0,0.842661,586.0,589.0,1.0051,large,1
train,2025_0901_105726_887_JPG,Gerridae,640,640,589.0,582.0,342798.0,0.836909,582.0,589.0,1.012,large,1
train,2025_0901_105958_890_JPG,Gerridae,640,640,601.5,531.0,319396.5,0.779777,531.0,601.5,1.1328,large,1
train,2025_0901_110015_893_JPG,Gerridae,640,640,595.0,535.5,318622.5,0.777887,535.5,595.0,1.1111,large,1
train,2025_0901_110521_900_JPG,Gerridae,640,640,625.0,573.0,358125.0,0.874329,573.0,625.0,1.0908,large,1
train,2025_0901_110548_905_JPG,Gerridae,640,640,595.0,580.0,345100.0,0.842529,580.0,595.0,1.0259,large,1
train,2025_0901_110700_911_JPG,Gerridae,640,640,622.0,582.0,362004.0,0.883799,582.0,622.0,1.0687,large,1
train,2025_0901_110707_912_JPG,Gerridae,640,640,622.0,588.5,366047.0,0.893669,588.5,622.0,1.0569,large,1
train,2025_0901_110733_917_JPG,Gerridae,640,640,640.0,640.0,409600.0,1.0,640.0,640.0,1.0,large,1
train,2025_0901_110930_922_JPG,Gerridae,640,640,587.5,539.5,316956.25,0.773819,539.5,587.5,1.089,large,1
train,2025_0901_110946_923_JPG,Gerridae,640,640,581.0,537.5,312287.5,0.762421,537.5,581.0,1.0809,large,1
train,2025_0901_111154_926_JPG,Gerridae,640,640,582.5,548.0,319210.0,0.779321,548.0,582.5,1.063,large,1
train,2025_0901_111202_927_JPG,Gerridae,640,640,582.5,535.5,311928.75,0.761545,535.5,582.5,1.0878,large,1
train,2025_0901_111722_938_JPG,Gerridae,640,640,640.0,640.0,409600.0,1.0,640.0,640.0,1.0,large,1
train,2025_0901_111727_939_JPG,Gerridae,640,640,605.0,601.0,363605.0,0.887708,601.0,605.0,1.0067,large,1
train,2025_0901_111738_941_JPG,Gerridae,640,640,601.5,603.0,362704.5,0.885509,601.5,603.0,0.9975,large,1
train,2025_0901_112550_961_JPG,Gerridae,640,640,587.5,525.0,308437.5,0.753021,525.0,587.5,1.119,large,1
train,2025_0901_112600_963_JPG,Gerridae,640,640,595.0,520.5,309697.5,0.756097,520.5,595.0,1.1431,large,1
train,2025_0901_112622_967_JPG,Gerridae,640,640,585.5,508.0,297434.0,0.726157,508.0,585.5,1.1526,large,1
train,2025_0901_113915_991_JPG,Gerridae,640,640,640.0,640.0,409600.0,1.0,640.0,640.0,1.0,large,1
train,2025_0901_114036_996_JPG,Gerridae,640,640,473.74,634.37,300527.09,0.733709,473.74,634.37,0.7468,large,1
train,2025_0901_114041_997_JPG,Gerridae,640,640,639.0,407.0,260073.0,0.634944,407.0,639.0,1.57,large,1
train,2025_0901_114046_998_JPG,Gerridae,640,640,524.44,638.96,335100.58,0.818117,524.44,638.96,0.8208,large,1
train,2025_0901_114257_106_JPG,Gerridae,640,640,585.5,542.0,317341.0,0.774758,542.0,585.5,1.0803,large,1
train,2025_0901_114313_109_JPG,Gerridae,640,640,582.5,542.0,315715.0,0.770789,542.0,582.5,1.0747,large,1
train,2025_0901_115519_156_JPG,Gerridae,640,640,635.0,592.5,376237.5,0.918549,592.5,635.0,1.0717,large,1
train,2025_0901_115530_158_JPG,Gerridae,640,640,633.0,611.0,386763.0,0.944246,611.0,633.0,1.036,large,1
train,2025_0901_115612_164_JPG,Gerridae,640,640,635.0,601.0,381635.0,0.931726,601.0,635.0,1.0566,large,1
train,2025_0901_115811_165_JPG,Gerridae,640,640,617.5,539.5,333141.25,0.813333,539.5,617.5,1.1446,large,1
train,2025_0901_115816_166_JPG,Gerridae,640,640,617.5,548.0,338390.0,0.826147,548.0,617.5,1.1268,large,1
train,2025_0901_115838_170_JPG,Gerridae,640,640,622.0,531.0,330282.0,0.806353,531.0,622.0,1.1714,large,1
train,2025_0901_115843_171_JPG,Gerridae,640,640,612.5,529.0,324012.5,0.791046,529.0,612.5,1.1578,large,1
train,2025_0901_120421_186_JPG,Gerridae,640,640,557.0,561.0,312477.0,0.762883,557.0,561.0,0.9929,large,1
train,2025_0901_120427_187_JPG,Gerridae,640,640,554.0,550.5,304977.0,0.744573,550.5,554.0,1.0064,large,1
train,2025_0909_110952_210_JPG,Miridae,640,640,446.0,501.5,223669.0,0.546067,446.0,501.5,0.8893,large,1
train,2025_0909_111115_217_JPG,Miridae,640,640,566.5,506.0,286649.0,0.699827,506.0,566.5,1.1196,large,1
train,2025_0909_111132_220_JPG,Miridae,640,640,633.96,638.0,404463.64,0.98746,633.96,638.0,0.9937,large,1
train,2025_0909_111143_222_JPG,Miridae,640,640,568.5,480.5,273164.25,0.666905,480.5,568.5,1.1831,large,1
train,2025_0909_111148_223_JPG,Miridae,640,640,621.87,638.0,396750.93,0.96863,621.87,638.0,0.9747,large,1
train,2025_0909_111309_224_JPG,Miridae,640,640,585.5,442.5,259083.75,0.632529,442.5,585.5,1.3232,large,1
train,2025_0909_111353_232_JPG,Miridae,640,640,573.0,444.5,254698.5,0.621823,444.5,573.0,1.2891,large,1
train,2025_0909_111828_248_JPG,Miridae,640,640,601.5,459.5,276389.25,0.674778,459.5,601.5,1.309,large,1
train,2025_0909_111839_250_JPG,Miridae,640,640,612.5,472.0,289100.0,0.705811,472.0,612.5,1.2977,large,1
train,2025_0909_111850_252_JPG,Miridae,640,640,612.5,459.5,281443.75,0.687119,459.5,612.5,1.333,large,1
train,2025_0909_112056_259_JPG,Miridae,640,640,595.61,620.55,369603.07,0.902351,595.61,620.55,0.9598,large,1
train,2025_0909_112112_262_JPG,Miridae,640,640,541.5,539.5,292139.25,0.713231,539.5,541.5,1.0037,large,1
train,2025_0909_112227_266_JPG,Miridae,640,640,471.5,535.5,252488.25,0.616426,471.5,535.5,0.8805,large,1
train,2025_0909_112622_283_JPG,Miridae,640,640,503.0,567.0,285201.0,0.696292,503.0,567.0,0.8871,large,1
train,2025_0909_112644_287_JPG,Miridae,640,640,501.5,571.5,286607.25,0.699725,501.5,571.5,0.8775,large,1
train,2025_0909_114148_291_JPG,Miridae,640,640,517.73,522.04,270272.11,0.659844,517.73,522.04,0.9917,large,1
train,2025_0909_114158_293_JPG,Miridae,640,640,508.0,480.5,244094.0,0.595933,480.5,508.0,1.0572,large,1
train,2025_0909_114210_295_JPG,Miridae,640,640,511.0,480.5,245535.5,0.599452,480.5,511.0,1.0635,large,1
train,2025_0909_114257_298_JPG,Miridae,640,640,571.44,582.51,332872.74,0.812678,571.44,582.51,0.981,large,1
train,2025_0909_115807_305_JPG,Miridae,640,640,525.5,514.5,270369.75,0.660082,514.5,525.5,1.0214,large,1
train,2025_0909_115835_309_JPG,Miridae,640,640,528.5,514.5,271913.25,0.663851,514.5,528.5,1.0272,large,1
train,2025_0909_120322_313_JPG,Miridae,640,640,519.0,506.0,262614.0,0.641147,506.0,519.0,1.0257,large,1
train,2025_0909_120339_316_JPG,Miridae,640,640,512.5,512.0,262400.0,0.640625,512.0,512.5,1.001,large,1
train,2025_0909_120344_317_JPG,Miridae,640,640,547.49,589.74,322876.5,0.788273,547.49,589.74,0.9284,large,1
train,2025_0909_120356_319_JPG,Miridae,640,640,517.5,503.5,260561.25,0.636136,503.5,517.5,1.0278,large,1
train,2025_0909_120500_326_JPG,Miridae,640,640,527.0,520.5,274303.5,0.669686,520.5,527.0,1.0125,large,1
train,2025_0909_120505_327_JPG,Miridae,640,640,530.0,501.5,265795.0,0.648914,501.5,530.0,1.0568,large,1
train,2025_0909_120516_329_JPG,Miridae,640,640,531.5,512.0,272128.0,0.664375,512.0,531.5,1.0381,large,1
train,2025_0909_120538_333_JPG,Miridae,640,640,525.5,518.5,272471.75,0.665214,518.5,525.5,1.0135,large,1
train,2025_0909_120612_335_JPG,Miridae,640,640,489.0,512.0,250368.0,0.61125,489.0,512.0,0.9551,large,1
train,2025_0909_120617_336_JPG,Miridae,640,640,581.44,588.97,342453.55,0.836068,581.44,588.97,0.9872,large,1
train,2025_0909_120639_340_JPG,Miridae,640,640,565.8,541.16,306185.81,0.747524,541.16,565.8,1.0455,large,1
train,2025_0909_120650_342_JPG,Miridae,640,640,479.5,503.5,241428.25,0.589424,479.5,503.5,0.9523,large,1
train,2025_0909_120724_345_JPG,Miridae,640,640,542.56,582.38,315976.61,0.771427,542.56,582.38,0.9316,large,1
train,2025_0909_120744_348_JPG,Miridae,640,640,533.0,576.84,307458.09,0.75063,533.0,576.84,0.924,large,1
train,2025_0909_120755_350_JPG,Miridae,640,640,482.5,508.0,245110.0,0.598413,482.5,508.0,0.9498,large,1
train,2025_0909_120800_351_JPG,Miridae,640,640,562.58,545.49,306879.93,0.749219,545.49,562.58,1.0313,large,1
train,2025_0909_120806_352_JPG,Miridae,640,640,478.0,512.0,244736.0,0.5975,478.0,512.0,0.9336,large,1
train,2025_0909_120839_358_JPG,Miridae,640,640,484.0,499.5,241758.0,0.590229,484.0,499.5,0.969,large,1
train,2025_0909_120850_360_JPG,Miridae,640,640,490.5,503.5,246966.75,0.602946,490.5,503.5,0.9742,large,1
train,2025_0909_120856_360_JPG,Miridae,640,640,487.5,523.0,254962.5,0.622467,487.5,523.0,0.9321,large,1
train,2025_0909_120953_360_JPG,Miridae,640,640,522.93,560.76,293233.62,0.715902,522.93,560.76,0.9325,large,1
train,2025_0909_121026_360_JPG,Miridae,640,640,493.5,478.5,236139.75,0.576513,478.5,493.5,1.0313,large,1
train,2025_0909_121054_360_JPG,Miridae,640,640,478.0,478.5,228723.0,0.558406,478.0,478.5,0.999,large,1
train,2025_0909_121059_360_JPG,Miridae,640,640,481.0,499.5,240259.5,0.586571,481.0,499.5,0.963,large,1
train,2025_0909_121656_360_JPG,Miridae,640,640,489.0,478.5,233986.5,0.571256,478.5,489.0,1.0219,large,1
train,2025_0909_121718_360_JPG,Miridae,640,640,505.0,478.5,241642.5,0.589948,478.5,505.0,1.0554,large,1
train,2025_0909_121729_360_JPG,Miridae,640,640,506.5,487.0,246665.5,0.602211,487.0,506.5,1.04,large,1
train,2025_0909_122512_360_JPG,Miridae,640,640,530.0,467.5,247775.0,0.604919,467.5,530.0,1.1337,large,1
train,2025_0909_122529_360_JPG,Miridae,640,640,592.37,637.96,377905.97,0.922622,592.37,637.96,0.9285,large,1
train,2025_0909_122607_360_JPG,Miridae,640,640,597.0,633.0,377901.0,0.92261,597.0,633.0,0.9431,large,1
train,2025_0909_123538_360_JPG,Miridae,640,640,520.5,508.0,264414.0,0.645542,508.0,520.5,1.0246,large,1
train,2025_0909_123544_360_JPG,Miridae,640,640,527.0,518.5,273249.5,0.667113,518.5,527.0,1.0164,large,1
train,2025_0909_123624_360_JPG,Miridae,640,640,524.0,525.0,275100.0,0.671631,524.0,525.0,0.9981,large,1
train,2025_0909_123701_360_JPG,Miridae,640,640,516.0,516.5,266514.0,0.650669,516.0,516.5,0.999,large,1
train,2025_0909_123921_360_JPG,Miridae,640,640,512.5,523.0,268037.5,0.654388,512.5,523.0,0.9799,large,1
train,2025_0909_123926_360_JPG,Miridae,640,640,506.5,516.5,261607.25,0.63869,506.5,516.5,0.9806,large,1
train,2025_0909_123936_360_JPG,Miridae,640,640,524.0,523.0,274052.0,0.669072,523.0,524.0,1.0019,large,1
train,2025_0909_124252_360_JPG,Miridae,640,640,592.44,627.11,371528.49,0.907052,592.44,627.11,0.9447,large,1
train,2025_0909_124258_360_JPG,Miridae,640,640,525.5,558.5,293491.75,0.716533,525.5,558.5,0.9409,large,1
train,2025_0909_125230_360_JPG,Miridae,640,640,519.0,448.5,232771.5,0.56829,448.5,519.0,1.1572,large,1
train,2025_0909_125242_360_JPG,Miridae,640,640,514.5,427.5,219948.75,0.536984,427.5,514.5,1.2035,large,1
train,2025_0909_125304_360_JPG,Miridae,640,640,639.57,611.0,390777.5,0.954047,611.0,639.57,1.0468,large,1
train,2025_0909_125316_360_JPG,Miridae,640,640,511.0,440.0,224840.0,0.548926,440.0,511.0,1.1614,large,1
train,2025_0909_125322_360_JPG,Miridae,640,640,525.5,423.5,222549.25,0.543333,423.5,525.5,1.2409,large,1
train,2025_0909_125443_360_JPG,Miridae,640,640,581.0,419.0,243439.0,0.594333,419.0,581.0,1.3866,large,1
train,2025_0909_125451_360_JPG,Miridae,640,640,589.0,440.0,259160.0,0.632715,440.0,589.0,1.3386,large,1
train,2025_0909_125520_360_JPG,Miridae,640,640,589.0,425.5,250619.5,0.611864,425.5,589.0,1.3843,large,1
train,2025_0909_125525_360_JPG,Miridae,640,640,587.5,431.5,253506.25,0.618912,431.5,587.5,1.3615,large,1
train,2025_0909_125540_360_JPG,Miridae,640,640,589.0,415.0,244435.0,0.596765,415.0,589.0,1.4193,large,1
train,2025_0909_125546_360_JPG,Miridae,640,640,587.5,419.0,246162.5,0.600983,419.0,587.5,1.4021,large,1
train,2025_0909_125558_360_JPG,Miridae,640,640,636.8,561.74,357716.5,0.873331,561.74,636.8,1.1336,large,1
train,2025_0909_125906_360_JPG,Miridae,640,640,501.85,496.34,249089.52,0.608129,496.34,501.85,1.0111,large,1
train,2025_0909_125923_360_JPG,Miridae,640,640,465.0,461.5,214597.5,0.52392,461.5,465.0,1.0076,large,1
train,2025_0909_125943_360_JPG,Miridae,640,640,470.0,476.0,223720.0,0.546191,470.0,476.0,0.9874,large,1
train,2025_0909_125954_360_JPG,Miridae,640,640,576.0,626.07,360614.4,0.880406,576.0,626.07,0.92,large,1
train,2025_0909_130024_360_JPG,Miridae,640,640,553.93,553.06,306357.96,0.747944,553.06,553.93,1.0016,large,1
train,2025_0909_134613_360_JPG,Hydrophilidae,640,640,640.0,640.0,409600.0,1.0,640.0,640.0,1.0,large,1
train,2025_0911_125301_360_JPG,Ancylidae,640,640,489.0,490.16,239686.07,0.585171,489.0,490.16,0.9976,large,1
train,2025_0911_125306_360_JPG,Ancylidae,640,640,481.0,444.5,213804.5,0.521984,444.5,481.0,1.0821,large,1
train,2025_0911_125452_360_JPG,Ancylidae,640,640,455.5,417.0,189943.5,0.463729,417.0,455.5,1.0923,large,1
train,2025_0911_125458_360_JPG,Ancylidae,640,640,460.5,446.5,205613.25,0.501985,446.5,460.5,1.0314,large,1
train,2025_0911_125503_360_JPG,Ancylidae,640,640,444.5,438.0,194691.0,0.47532,438.0,444.5,1.0148,large,1
train,2025_0911_125531_360_JPG,Ancylidae,640,640,468.5,446.5,209185.25,0.510706,446.5,468.5,1.0493,large,1
train,2025_0911_125547_360_JPG,Ancylidae,640,640,550.37,581.06,319797.8,0.780756,550.37,581.06,0.9472,large,1
train,2025_0911_125559_360_JPG,Ancylidae,640,640,455.5,442.5,201558.75,0.492087,442.5,455.5,1.0294,large,1
train,2025_0911_125604_360_JPG,Ancylidae,640,640,571.02,570.44,325732.23,0.795245,570.44,571.02,1.001,large,1
train,2025_0911_125615_360_JPG,Ancylidae,640,640,454.0,425.5,193177.0,0.471624,425.5,454.0,1.067,large,1
train,2025_0911_125621_360_JPG,Ancylidae,640,640,452.5,429.5,194348.75,0.474484,429.5,452.5,1.0536,large,1
train,2025_0911_125632_360_JPG,Ancylidae,640,640,506.15,494.96,250524.59,0.611632,494.96,506.15,1.0226,large,1
train,2025_0911_125651_360_JPG,Ancylidae,640,640,449.0,417.0,187233.0,0.457112,417.0,449.0,1.0767,large,1
train,2025_0911_125705_360_JPG,Ancylidae,640,640,447.5,506.0,226435.0,0.55282,447.5,506.0,0.8844,large,1
train,2025_0911_125940_360_JPG,Ancylidae,640,640,417.5,491.0,204992.5,0.50047,417.5,491.0,0.8503,large,1
train,2025_0911_130011_360_JPG,Ancylidae,640,640,424.0,474.0,200976.0,0.490664,424.0,474.0,0.8945,large,1
train,2025_0911_130231_360_JPG,Ancylidae,640,640,441.5,482.5,213023.75,0.520078,441.5,482.5,0.915,large,1
train,2025_0911_130242_360_JPG,Ancylidae,640,640,441.5,489.0,215893.5,0.527084,441.5,489.0,0.9029,large,1
train,2025_0911_130303_360_JPG,Ancylidae,640,640,424.0,480.5,203732.0,0.497393,424.0,480.5,0.8824,large,1
train,2025_0911_130435_360_JPG,Ancylidae,640,640,553.0,513.39,283902.01,0.69312,513.39,553.0,1.0772,large,1
train,2025_0911_130540_360_JPG,Ancylidae,640,640,474.5,385.0,182682.5,0.446002,385.0,474.5,1.2325,large,1
train,2025_0911_130605_360_JPG,Ancylidae,640,640,457.0,364.0,166348.0,0.406123,364.0,457.0,1.2555,large,1
train,2025_0911_130616_360_JPG,Ancylidae,640,640,474.5,412.5,195731.25,0.477859,412.5,474.5,1.1503,large,1
train,2025_0911_130621_360_JPG,Ancylidae,640,640,460.5,391.5,180285.75,0.440151,391.5,460.5,1.1762,large,1
train,2025_0911_130627_360_JPG,Ancylidae,640,640,607.83,538.41,327261.97,0.798979,538.41,607.83,1.1289,large,1
train,2025_0911_130645_360_JPG,Ancylidae,640,640,468.5,404.0,189274.0,0.462095,404.0,468.5,1.1597,large,1
train,2025_0911_130657_360_JPG,Ancylidae,640,640,505.86,572.62,289666.25,0.707193,505.86,572.62,0.8834,large,1
train,2025_0911_130720_360_JPG,Ancylidae,640,640,474.5,374.5,177700.25,0.433839,374.5,474.5,1.267,large,1
train,2025_0911_130820_360_JPG,Ancylidae,640,640,487.5,376.5,183543.75,0.448105,376.5,487.5,1.2948,large,1
train,2025_0911_130831_360_JPG,Ancylidae,640,640,490.5,372.5,182711.25,0.446072,372.5,490.5,1.3168,large,1
train,2025_0911_130906_360_JPG,Ancylidae,640,640,482.5,385.0,185762.5,0.453522,385.0,482.5,1.2532,large,1
train,2025_0911_131010_360_JPG,Ancylidae,640,640,562.91,532.14,299547.94,0.731318,532.14,562.91,1.0578,large,1
train,2025_0911_131026_360_JPG,Ancylidae,640,640,455.5,438.0,199509.0,0.487083,438.0,455.5,1.04,large,1
train,2025_0911_131031_360_JPG,Ancylidae,640,640,559.87,504.0,282172.8,0.688898,504.0,559.87,1.1108,large,1
train,2025_0911_131053_360_JPG,Ancylidae,640,640,446.0,423.5,188881.0,0.461135,423.5,446.0,1.0531,large,1
train,2025_0911_131105_360_JPG,Ancylidae,640,640,463.5,417.0,193279.5,0.471874,417.0,463.5,1.1115,large,1
train,2025_0911_131116_360_JPG,Ancylidae,640,640,444.5,412.5,183356.25,0.447647,412.5,444.5,1.0776,large,1
train,2025_0916_105428_360_JPG,Ancylidae,640,640,625.5,368.5,230496.75,0.562736,368.5,625.5,1.6974,large,1
train,2025_0916_105524_360_JPG,Ancylidae,640,640,573.19,638.16,365785.56,0.893031,573.19,638.16,0.8982,large,1
train,2025_0916_105849_360_JPG,Ancylidae,640,640,609.5,406.5,247761.75,0.604887,406.5,609.5,1.4994,large,1
train,2025_0916_105943_360_JPG,Ancylidae,640,640,597.0,440.0,262680.0,0.641309,440.0,597.0,1.3568,large,1
train,2025_0916_110037_360_JPG,Ancylidae,640,640,584.0,421.0,245864.0,0.600254,421.0,584.0,1.3872,large,1
train,2025_0916_110043_360_JPG,Ancylidae,640,640,545.69,637.56,347906.98,0.849382,545.69,637.56,0.8559,large,1
train,2025_0916_110059_360_JPG,Ancylidae,640,640,595.0,421.0,250495.0,0.61156,421.0,595.0,1.4133,large,1
train,2025_0916_110104_360_JPG,Ancylidae,640,640,640.0,576.74,369114.07,0.901157,576.74,640.0,1.1097,large,1
train,2025_0916_110452_360_JPG,Ancylidae,640,640,578.0,438.0,253164.0,0.618076,438.0,578.0,1.3196,large,1
train,2025_0916_110714_360_JPG,Ancylidae,640,640,624.37,524.65,327577.07,0.799749,524.65,624.37,1.1901,large,1
train,2025_0916_110725_360_JPG,Ancylidae,640,640,589.0,440.0,259160.0,0.632715,440.0,589.0,1.3386,large,1
train,2025_0916_112511_360_JPG,Ancylidae,640,640,640.0,596.0,381440.0,0.93125,596.0,640.0,1.0738,large,1
train,2025_0916_112517_360_JPG,Ancylidae,640,640,558.5,484.5,270593.25,0.660628,484.5,558.5,1.1527,large,1
train,2025_0916_113841_360_JPG,Ancylidae,640,640,513.67,357.93,183858.42,0.448873,357.93,513.67,1.4351,large,2
train,2025_0916_113841_360_JPG,Ancylidae,640,640,631.64,400.33,252868.33,0.617354,400.33,631.64,1.5778,large,2
train,2025_0916_113857_360_JPG,Ancylidae,640,640,453.62,311.24,141187.4,0.344696,311.24,453.62,1.4574,large,2
train,2025_0916_113857_360_JPG,Ancylidae,640,640,629.89,310.0,195265.56,0.476723,310.0,629.89,2.0319,large,2
train,2025_0916_114024_360_JPG,Ancylidae,640,640,350.96,483.7,169762.09,0.414458,350.96,483.7,0.7256,large,2
train,2025_0916_114024_360_JPG,Ancylidae,640,640,336.0,633.0,212688.0,0.519258,336.0,633.0,0.5308,large,2
train,2025_0916_114030_360_JPG,Ancylidae,640,640,449.0,283.5,127291.5,0.31077,283.5,449.0,1.5838,large,2
train,2025_0916_114030_360_JPG,Ancylidae,640,640,601.5,300.5,180750.75,0.441286,300.5,601.5,2.0017,large,2
train,2025_0916_114059_360_JPG,Ancylidae,640,640,529.0,365.0,193085.0,0.471399,365.0,529.0,1.4493,large,2
train,2025_0916_114059_360_JPG,Ancylidae,640,640,630.0,430.33,271110.0,0.66189,430.33,630.0,1.464,large,2
train,2025_0916_114110_360_JPG,Ancylidae,640,640,438.0,296.0,129648.0,0.316523,296.0,438.0,1.4797,large,2
train,2025_0916_114110_360_JPG,Ancylidae,640,640,598.5,283.5,169674.75,0.414245,283.5,598.5,2.1111,large,2
train,2025_0916_114116_360_JPG,Ancylidae,640,640,433.5,300.5,130266.75,0.318034,300.5,433.5,1.4426,large,2
train,2025_0916_114116_360_JPG,Ancylidae,640,640,598.5,300.5,179849.25,0.439085,300.5,598.5,1.9917,large,2
train,2025_0916_114143_360_JPG,Ancylidae,640,640,508.63,351.33,178698.54,0.436276,351.33,508.63,1.4477,large,2
train,2025_0916_114143_360_JPG,Ancylidae,640,640,639.0,334.0,213426.0,0.52106,334.0,639.0,1.9132,large,2
train,2025_0916_114220_360_JPG,Ancylidae,640,640,433.0,298.0,129034.0,0.315024,298.0,433.0,1.453,large,2
train,2025_0916_114220_360_JPG,Ancylidae,640,640,600.0,285.5,171300.0,0.418213,285.5,600.0,2.1016,large,2
train,2025_0916_114836_360_JPG,Ancylidae,640,640,419.0,285.5,119624.5,0.292052,285.5,419.0,1.4676,large,2
train,2025_0916_114836_360_JPG,Ancylidae,640,640,606.5,296.5,179827.25,0.439031,296.5,606.5,2.0455,large,2
train,2025_0916_114853_360_JPG,Ancylidae,640,640,438.0,288.0,126144.0,0.307969,288.0,438.0,1.5208,large,2
train,2025_0916_114853_360_JPG,Ancylidae,640,640,590.5,296.5,175083.25,0.427449,296.5,590.5,1.9916,large,2
train,2025_0916_114900_360_JPG,Ancylidae,640,640,420.5,294.0,123627.0,0.301824,294.0,420.5,1.4303,large,2
train,2025_0916_114900_360_JPG,Ancylidae,640,640,592.0,311.0,184112.0,0.449492,311.0,592.0,1.9035,large,2
train,2025_0916_120320_360_JPG,Ancylidae,640,640,428.5,283.5,121479.75,0.296581,283.5,428.5,1.5115,large,2
train,2025_0916_120320_360_JPG,Ancylidae,640,640,605.0,294.0,177870.0,0.434253,294.0,605.0,2.0578,large,2
train,2025_0916_120331_360_JPG,Ancylidae,640,640,378.0,614.3,232204.0,0.566904,378.0,614.3,0.6153,large,2
train,2025_0916_120331_360_JPG,Ancylidae,640,640,339.0,495.56,167993.33,0.41014,339.0,495.56,0.6841,large,2
train,2025_0916_120554_360_JPG,Ancylidae,640,640,369.0,640.0,236160.0,0.576562,369.0,640.0,0.5766,large,2
train,2025_0916_120554_360_JPG,Ancylidae,640,640,348.07,443.84,154488.17,0.377168,348.07,443.84,0.7842,large,2
train,2025_0916_120605_360_JPG,Ancylidae,640,640,406.5,285.5,116055.75,0.283339,285.5,406.5,1.4238,large,2
train,2025_0916_120605_360_JPG,Ancylidae,640,640,590.5,313.0,184826.5,0.451237,313.0,590.5,1.8866,large,2
train,2025_0916_120622_360_JPG,Ancylidae,640,640,512.56,343.38,176000.19,0.429688,343.38,512.56,1.4927,large,2
train,2025_0916_120622_360_JPG,Ancylidae,640,640,602.2,410.42,247156.26,0.603409,410.42,602.2,1.4673,large,2
train,2025_0916_120633_360_JPG,Ancylidae,640,640,416.0,269.0,111904.0,0.273203,269.0,416.0,1.5465,large,2
train,2025_0916_120633_360_JPG,Ancylidae,640,640,598.5,305.0,182542.5,0.44566,305.0,598.5,1.9623,large,2
train,2025_0916_121915_360_JPG,Ancylidae,640,640,343.0,425.5,145946.5,0.356315,343.0,425.5,0.8061,large,1
train,2025_0916_121921_360_JPG,Ancylidae,640,640,338.0,453.0,153114.0,0.373813,338.0,453.0,0.7461,large,1
train,2025_0916_121927_360_JPG,Ancylidae,640,640,546.33,465.2,254154.27,0.620494,465.2,546.33,1.1744,large,1
train,2025_0916_122020_360_JPG,Ancylidae,640,640,344.5,436.0,150202.0,0.366704,344.5,436.0,0.7901,large,1
train,2025_0916_122042_360_JPG,Ancylidae,640,640,341.5,427.5,145991.25,0.356424,341.5,427.5,0.7988,large,1
train,2025_0916_122048_360_JPG,Ancylidae,640,640,343.0,446.5,153149.5,0.3739,343.0,446.5,0.7682,large,1
train,2025_0916_122100_360_JPG,Ancylidae,640,640,351.0,429.5,150754.5,0.368053,351.0,429.5,0.8172,large,1
train,2025_0916_122234_360_JPG,Ancylidae,640,640,268.5,525.0,140962.5,0.344147,268.5,525.0,0.5114,large,1
train,2025_0916_122257_360_JPG,Ancylidae,640,640,278.0,508.0,141224.0,0.344785,278.0,508.0,0.5472,large,1
train,2025_0916_122314_360_JPG,Ancylidae,640,640,355.5,472.0,167796.0,0.409658,355.5,472.0,0.7532,large,1
train,2025_0916_122319_360_JPG,Ancylidae,640,640,344.5,434.0,149513.0,0.365022,344.5,434.0,0.7938,large,1
train,2025_0916_122331_360_JPG,Ancylidae,640,640,438.6,501.44,219933.53,0.536947,438.6,501.44,0.8747,large,1
train,2025_0916_122803_360_JPG,Ancylidae,640,640,368.5,381.0,140398.5,0.34277,368.5,381.0,0.9672,large,1
train,2025_0916_123026_360_JPG,Ancylidae,640,640,361.4,488.8,176652.32,0.43128,361.4,488.8,0.7394,large,1
train,2025_0916_123046_360_JPG,Ancylidae,640,640,333.5,499.5,166583.25,0.406697,333.5,499.5,0.6677,large,1
train,2025_0916_123058_360_JPG,Ancylidae,640,640,335.0,480.5,160967.5,0.392987,335.0,480.5,0.6972,large,1
train,2025_0916_123116_360_JPG,Ancylidae,640,640,300.0,451.0,135300.0,0.330322,300.0,451.0,0.6652,large,1
train,2025_0916_123216_360_JPG,Ancylidae,640,640,265.0,495.0,131175.0,0.320251,265.0,495.0,0.5354,large,1
train,2025_0916_123540_360_JPG,Ancylidae,640,640,352.5,368.5,129896.25,0.31713,352.5,368.5,0.9566,large,1
train,2025_0916_123552_360_JPG,Ancylidae,640,640,349.0,351.5,122673.5,0.299496,349.0,351.5,0.9929,large,1
train,2025_0916_123557_360_JPG,Ancylidae,640,640,371.5,368.5,136897.75,0.334223,368.5,371.5,1.0081,large,1
train,2025_0916_123653_360_JPG,Ancylidae,640,640,268.5,497.5,133578.75,0.32612,268.5,497.5,0.5397,large,1
train,2025_0916_123659_360_JPG,Ancylidae,640,640,273.0,499.5,136363.5,0.332919,273.0,499.5,0.5465,large,1
train,2025_0916_123717_360_JPG,Ancylidae,640,640,255.5,482.5,123278.75,0.300974,255.5,482.5,0.5295,large,1
train,2025_0916_123837_360_JPG,Ancylidae,640,640,270.0,465.5,125685.0,0.306848,270.0,465.5,0.58,large,1
train,2025_0916_124129_360_JPG,Ancylidae,640,640,395.0,345.0,136275.0,0.332703,345.0,395.0,1.1449,large,1
train,2025_0917_122252_360_JPG,Psychodidae,640,640,571.5,269.0,153733.5,0.375326,269.0,571.5,2.1245,large,1
train,2025_0917_122258_360_JPG,Psychodidae,640,640,565.0,254.0,143510.0,0.350366,254.0,565.0,2.2244,large,1
train,2025_0917_122303_360_JPG,Psychodidae,640,640,554.0,275.0,152350.0,0.371948,275.0,554.0,2.0145,large,1
train,2025_0917_122342_360_JPG,Psychodidae,640,640,547.5,247.5,135506.25,0.330826,247.5,547.5,2.2121,large,1
train,2025_0917_122502_360_JPG,Psychodidae,640,640,547.5,262.5,143718.75,0.350876,262.5,547.5,2.0857,large,1
train,2025_0917_122508_360_JPG,Psychodidae,640,640,544.5,254.0,138303.0,0.337654,254.0,544.5,2.1437,large,1
train,2025_0917_122937_360_JPG,Psychodidae,640,640,557.0,273.0,152061.0,0.371243,273.0,557.0,2.0403,large,1
train,2025_0917_123000_360_JPG,Psychodidae,640,640,546.0,264.5,144417.0,0.352581,264.5,546.0,2.0643,large,1
train,2025_0917_123006_360_JPG,Psychodidae,640,640,349.14,562.0,196217.1,0.479046,349.14,562.0,0.6212,large,1
train,2025_0917_123516_360_JPG,Psychodidae,640,640,388.4,614.11,238520.76,0.582326,388.4,614.11,0.6325,large,1
train,2025_0917_123634_360_JPG,Psychodidae,640,640,327.46,608.9,199389.94,0.486792,327.46,608.9,0.5378,large,1
train,2025_0917_124039_360_JPG,Psychodidae,640,640,557.0,275.0,153175.0,0.373962,275.0,557.0,2.0255,large,1
train,2025_0917_124057_360_JPG,Psychodidae,640,640,390.78,630.58,246415.78,0.601601,390.78,630.58,0.6197,large,1
train,2025_0917_124108_360_JPG,Psychodidae,640,640,539.5,264.5,142697.75,0.348383,264.5,539.5,2.0397,large,1
train,2025_0917_124151_360_JPG,Psychodidae,640,640,551.0,245.5,135270.5,0.33025,245.5,551.0,2.2444,large,1
train,2025_0917_124325_360_JPG,Psychodidae,640,640,600.52,315.36,189381.3,0.462357,315.36,600.52,1.9042,large,1
train,2025_0917_124331_360_JPG,Psychodidae,640,640,552.5,245.5,135638.75,0.331149,245.5,552.5,2.2505,large,1
train,2025_0917_124348_360_JPG,Psychodidae,640,640,555.5,207.5,115266.25,0.281412,207.5,555.5,2.6771,large,1
train,2025_0917_124400_360_JPG,Psychodidae,640,640,546.0,247.5,135135.0,0.329919,247.5,546.0,2.2061,large,1
train,2025_0917_124446_360_JPG,Psychodidae,640,640,282.65,592.12,167363.4,0.408602,282.65,592.12,0.4774,large,1
train,2025_0917_124452_360_JPG,Psychodidae,640,640,557.0,235.0,130895.0,0.319568,235.0,557.0,2.3702,large,1
train,2025_0917_124642_360_JPG,Psychodidae,640,640,565.0,230.5,130232.5,0.31795,230.5,565.0,2.4512,large,1
train,2025_0917_124759_360_JPG,Psychodidae,640,640,585.23,399.8,233974.81,0.571228,399.8,585.23,1.4638,large,1
train,2025_0917_124818_360_JPG,Psychodidae,640,640,557.0,220.0,122540.0,0.29917,220.0,557.0,2.5318,large,1
train,2025_0917_125714_360_JPG,Psychodidae,640,640,495.0,467.5,231412.5,0.564972,467.5,495.0,1.0588,large,1
train,2025_0917_125749_360_JPG,Psychodidae,640,640,476.0,446.5,212534.0,0.518882,446.5,476.0,1.0661,large,1
train,2025_0917_125802_360_JPG,Psychodidae,640,640,589.35,592.48,349177.86,0.852485,589.35,592.48,0.9947,large,1
train,2025_0917_125808_360_JPG,Psychodidae,640,640,466.5,451.0,210391.5,0.513651,451.0,466.5,1.0344,large,1
train,2025_0917_125825_360_JPG,Psychodidae,640,640,473.0,451.0,213323.0,0.520808,451.0,473.0,1.0488,large,1
train,2025_0917_125928_360_JPG,Psychodidae,640,640,528.5,385.0,203472.5,0.496759,385.0,528.5,1.3727,large,1
train,2025_0917_130420_360_JPG,Psychodidae,640,640,409.16,552.88,226214.53,0.552282,409.16,552.88,0.74,large,1
train,2025_0917_130504_360_JPG,Psychodidae,640,640,528.5,360.0,190260.0,0.464502,360.0,528.5,1.4681,large,1
train,2025_0917_130509_360_JPG,Psychodidae,640,640,539.5,355.5,191792.25,0.468243,355.5,539.5,1.5176,large,1
train,2025_0917_130515_360_JPG,Psychodidae,640,640,538.0,366.0,196908.0,0.480732,366.0,538.0,1.4699,large,1
train,2025_0917_130542_360_JPG,Psychodidae,640,640,527.0,345.0,181815.0,0.443884,345.0,527.0,1.5275,large,1
train,2025_0917_131553_360_JPG,Psychodidae,640,640,524.0,368.5,193094.0,0.471421,368.5,524.0,1.422,large,1
train,2025_0917_131604_360_JPG,Psychodidae,640,640,520.5,370.5,192845.25,0.470814,370.5,520.5,1.4049,large,1
train,2025_0917_131615_360_JPG,Psychodidae,640,640,629.2,550.07,346101.95,0.844975,550.07,629.2,1.1439,large,1
train,2025_0917_131821_360_JPG,Psychodidae,640,640,509.5,427.5,217811.25,0.531766,427.5,509.5,1.1918,large,1
train,2025_0917_131848_360_JPG,Psychodidae,640,640,505.0,396.0,199980.0,0.488232,396.0,505.0,1.2753,large,1
train,2025_0917_131905_360_JPG,Psychodidae,640,640,584.06,533.81,311777.51,0.761176,533.81,584.06,1.0941,large,1
train,2025_0917_131932_360_JPG,Psychodidae,640,640,512.5,349.0,178862.5,0.436676,349.0,512.5,1.4685,large,1
train,2025_0917_131948_360_JPG,Psychodidae,640,640,531.5,336.5,178849.75,0.436645,336.5,531.5,1.5795,large,1
train,2025_0917_132004_360_JPG,Psychodidae,640,640,531.5,321.5,170877.25,0.417181,321.5,531.5,1.6532,large,1
train,2025_0917_132009_360_JPG,Psychodidae,640,640,530.0,332.5,176225.0,0.430237,332.5,530.0,1.594,large,1
train,2025_0917_132103_360_JPG,Psychodidae,640,640,511.0,402.0,205422.0,0.501519,402.0,511.0,1.2711,large,1
train,2025_0917_132228_360_JPG,Psychodidae,640,640,503.0,412.5,207487.5,0.506561,412.5,503.0,1.2194,large,1
train,2025_0917_132242_360_JPG,Psychodidae,640,640,493.5,406.5,200607.75,0.489765,406.5,493.5,1.214,large,1
train,2025_0917_132310_360_JPG,Psychodidae,640,640,495.0,404.0,199980.0,0.488232,404.0,495.0,1.2252,large,1
train,2025_0917_132407_360_JPG,Psychodidae,640,640,511.0,379.0,193669.0,0.472825,379.0,511.0,1.3483,large,1
train,2025_0917_132430_360_JPG,Psychodidae,640,640,528.5,224.5,118648.25,0.289669,224.5,528.5,2.3541,large,1
train,2025_0917_132441_360_JPG,Psychodidae,640,640,535.0,243.5,130272.5,0.318048,243.5,535.0,2.1971,large,1
train,2025_0917_132520_360_JPG,Psychodidae,640,640,522.0,235.0,122670.0,0.299487,235.0,522.0,2.2213,large,1
train,2025_0917_132525_360_JPG,Psychodidae,640,640,531.5,228.5,121447.75,0.296503,228.5,531.5,2.326,large,1
train,2025_0917_132540_360_JPG,Psychodidae,640,640,497.0,368.5,183144.5,0.44713,368.5,497.0,1.3487,large,1
train,2025_0917_132546_360_JPG,Psychodidae,640,640,503.0,372.5,187367.5,0.45744,372.5,503.0,1.3503,large,1
train,2025_0917_132604_360_JPG,Psychodidae,640,640,568.52,477.47,271448.64,0.662716,477.47,568.52,1.1907,large,1
train,2025_0917_132625_360_JPG,Psychodidae,640,640,509.5,360.0,183420.0,0.447803,360.0,509.5,1.4153,large,1
train,2025_0917_132631_360_JPG,Psychodidae,640,640,509.5,353.5,180108.25,0.439717,353.5,509.5,1.4413,large,1
train,2025_0917_132649_360_JPG,Psychodidae,640,640,636.87,593.0,377661.93,0.922026,593.0,636.87,1.074,large,1
train,2025_0917_132700_360_JPG,Psychodidae,640,640,489.0,434.0,212226.0,0.51813,434.0,489.0,1.1267,large,1
train,2025_0917_132724_360_JPG,Psychodidae,640,640,482.5,455.0,219537.5,0.53598,455.0,482.5,1.0604,large,1
train,2025_0917_132736_360_JPG,Psychodidae,640,640,608.15,625.7,380518.3,0.929,608.15,625.7,0.9719,large,1
train,2025_0917_132756_360_JPG,Psychodidae,640,640,495.03,529.79,262263.03,0.640291,495.03,529.79,0.9344,large,1
train,2025_0917_132811_360_JPG,Psychodidae,640,640,506.5,406.5,205892.25,0.502667,406.5,506.5,1.246,large,1
train,2025_0917_132858_360_JPG,Psychodidae,640,640,497.0,421.0,209237.0,0.510833,421.0,497.0,1.1805,large,1
train,2025_0917_132922_360_JPG,Psychodidae,640,640,543.0,233.0,126519.0,0.308884,233.0,543.0,2.3305,large,1
train,2025_0917_132933_360_JPG,Psychodidae,640,640,535.0,235.0,125725.0,0.306946,235.0,535.0,2.2766,large,1
train,2025_0917_132953_360_JPG,Psychodidae,640,640,536.5,243.5,130637.75,0.31894,243.5,536.5,2.2033,large,1
train,2025_0917_133004_360_JPG,Psychodidae,640,640,541.5,230.5,124815.75,0.304726,230.5,541.5,2.3492,large,1
train,2025_0917_133010_360_JPG,Psychodidae,640,640,530.0,233.0,123490.0,0.301489,233.0,530.0,2.2747,large,1
train,2025_0917_133813_360_JPG,Psychodidae,640,640,493.5,387.5,191231.25,0.466873,387.5,493.5,1.2735,large,1
train,2025_0917_133830_360_JPG,Psychodidae,640,640,498.5,385.0,191922.5,0.468561,385.0,498.5,1.2948,large,1
train,2025_0917_133847_360_JPG,Psychodidae,640,640,553.28,447.07,247357.81,0.603901,447.07,553.28,1.2376,large,1
train,2025_0917_133909_360_JPG,Psychodidae,640,640,520.5,285.5,148602.75,0.3628,285.5,520.5,1.8231,large,1
train,2025_0917_133921_360_JPG,Psychodidae,640,640,524.0,281.5,147506.0,0.360122,281.5,524.0,1.8615,large,1
train,2025_0917_134839_360_JPG,Psychodidae,640,640,481.0,376.5,181096.5,0.44213,376.5,481.0,1.2776,large,1
train,2025_0917_134903_360_JPG,Psychodidae,640,640,471.5,379.0,178698.5,0.436276,379.0,471.5,1.2441,large,1
train,2025_0917_134914_360_JPG,Psychodidae,640,640,482.5,370.5,178766.25,0.436441,370.5,482.5,1.3023,large,1
train,2025_0917_134950_360_JPG,Psychodidae,640,640,508.0,300.5,152654.0,0.37269,300.5,508.0,1.6905,large,1
train,2025_0917_135045_360_JPG,Psychodidae,640,640,492.0,334.5,164574.0,0.401792,334.5,492.0,1.4709,large,1
train,2025_0917_135609_360_JPG,Psychodidae,640,640,295.0,620.3,182987.41,0.446747,295.0,620.3,0.4756,large,1
train,2025_0917_135955_360_JPG,Psychodidae,640,640,571.5,243.5,139160.25,0.339747,243.5,571.5,2.347,large,1
train,2025_0917_140012_360_JPG,Psychodidae,640,640,570.0,247.5,141075.0,0.344421,247.5,570.0,2.303,large,1
train,2025_0917_140031_360_JPG,Psychodidae,640,640,616.0,432.24,266262.58,0.650055,432.24,616.0,1.4251,large,1
train,2025_0917_140043_360_JPG,Psychodidae,640,640,573.0,254.0,145542.0,0.355327,254.0,573.0,2.2559,large,1
train,2025_0917_140056_360_JPG,Psychodidae,640,640,560.5,249.5,139844.75,0.341418,249.5,560.5,2.2465,large,1
train,2025_0917_140120_360_JPG,Psychodidae,640,640,509.5,440.0,224180.0,0.547314,440.0,509.5,1.158,large,1
train,2025_0917_140143_360_JPG,Psychodidae,640,640,572.0,624.0,356928.0,0.871406,572.0,624.0,0.9167,large,1
train,2025_0917_140356_360_JPG,Psychodidae,640,640,558.5,252.0,140742.0,0.343608,252.0,558.5,2.2163,large,1
train,2025_0917_140401_360_JPG,Psychodidae,640,640,563.5,256.0,144256.0,0.352187,256.0,563.5,2.2012,large,1
train,2025_0917_140407_360_JPG,Psychodidae,640,640,560.5,239.0,133959.5,0.32705,239.0,560.5,2.3452,large,1
train,2025_0917_140412_360_JPG,Psychodidae,640,640,570.0,258.0,147060.0,0.359033,258.0,570.0,2.2093,large,1
train,2025_0917_140456_360_JPG,Psychodidae,640,640,541.5,364.0,197106.0,0.481216,364.0,541.5,1.4876,large,1
train,2025_0917_140508_360_JPG,Psychodidae,640,640,541.5,347.0,187900.5,0.458741,347.0,541.5,1.5605,large,1
train,2025_0917_140550_360_JPG,Psychodidae,640,640,547.5,330.0,180675.0,0.441101,330.0,547.5,1.6591,large,1
train,2025_0923_110639_360_JPG,Ceratopogonidae,640,640,541.5,205.5,111278.25,0.271675,205.5,541.5,2.635,large,1
train,2025_0923_111444_360_JPG,Ceratopogonidae,640,640,557.0,199.0,110843.0,0.270613,199.0,557.0,2.799,large,1
train,2025_0923_111451_360_JPG,Ceratopogonidae,640,640,551.0,224.5,123699.5,0.302001,224.5,551.0,2.4543,large,1
train,2025_0923_111730_360_JPG,Ceratopogonidae,640,640,261.36,571.5,149363.73,0.364658,261.36,571.5,0.4573,large,1
train,2025_0923_111754_360_JPG,Ceratopogonidae,640,640,491.41,636.27,312666.15,0.763345,491.41,636.27,0.7723,large,1
train,2025_0923_111800_360_JPG,Ceratopogonidae,640,640,527.0,294.0,154938.0,0.378267,294.0,527.0,1.7925,large,1
train,2025_0923_111828_360_JPG,Ceratopogonidae,640,640,598.33,364.39,218028.23,0.532295,364.39,598.33,1.642,large,1
train,2025_0923_111857_360_JPG,Ceratopogonidae,640,640,539.5,186.0,100347.0,0.244988,186.0,539.5,2.9005,large,1
train,2025_0923_113053_360_JPG,Ceratopogonidae,640,640,524.0,283.5,148554.0,0.362681,283.5,524.0,1.8483,large,1
train,2025_0923_113059_360_JPG,Ceratopogonidae,640,640,525.5,264.5,138994.75,0.339343,264.5,525.5,1.9868,large,1
train,2025_0923_113124_360_JPG,Ceratopogonidae,640,640,528.5,260.5,137674.25,0.336119,260.5,528.5,2.0288,large,1
train,2025_0923_113213_360_JPG,Ceratopogonidae,640,640,516.0,324.0,167184.0,0.408164,324.0,516.0,1.5926,large,1
train,2025_0923_113259_360_JPG,Ceratopogonidae,640,640,456.04,601.01,274085.02,0.669153,456.04,601.01,0.7588,large,1
train,2025_0923_113333_360_JPG,Ceratopogonidae,640,640,503.0,302.5,152157.5,0.371478,302.5,503.0,1.6628,large,1
train,2025_0923_113501_360_JPG,Ceratopogonidae,640,640,522.0,271.0,141462.0,0.345366,271.0,522.0,1.9262,large,1
train,2025_0923_113524_360_JPG,Ceratopogonidae,640,640,528.5,235.0,124197.5,0.303217,235.0,528.5,2.2489,large,1
train,2025_0923_113549_360_JPG,Ceratopogonidae,640,640,525.5,262.5,137943.75,0.336777,262.5,525.5,2.0019,large,1
train,2025_0923_113636_360_JPG,Ceratopogonidae,640,640,547.5,260.5,142623.75,0.348203,260.5,547.5,2.1017,large,1
train,2025_0923_113654_360_JPG,Ceratopogonidae,640,640,544.5,266.5,145109.25,0.354271,266.5,544.5,2.0432,large,1
train,2025_0923_114306_360_JPG,Ceratopogonidae,640,640,336.07,633.18,212789.95,0.519507,336.07,633.18,0.5308,large,1
train,2025_0923_114515_360_JPG,Ceratopogonidae,640,640,579.5,205.5,119087.25,0.29074,205.5,579.5,2.82,large,1
train,2025_0923_114647_360_JPG,Ceratopogonidae,640,640,530.0,368.5,195305.0,0.476819,368.5,530.0,1.4383,large,1
train,2025_0923_114728_360_JPG,Ceratopogonidae,640,640,520.5,387.5,201693.75,0.492416,387.5,520.5,1.3432,large,1
train,2025_0923_114737_360_JPG,Ceratopogonidae,640,640,563.5,211.5,119180.25,0.290967,211.5,563.5,2.6643,large,1
train,2025_0923_115240_360_JPG,Ceratopogonidae,640,640,560.24,285.1,159727.77,0.38996,285.1,560.24,1.9651,large,2
train,2025_0923_115240_360_JPG,Ceratopogonidae,640,640,572.53,263.3,150750.15,0.368042,263.3,572.53,2.1744,large,2
train,2025_0923_115248_360_JPG,Ceratopogonidae,640,640,505.0,228.5,115392.5,0.28172,228.5,505.0,2.2101,large,2
train,2025_0923_115248_360_JPG,Ceratopogonidae,640,640,547.5,216.0,118260.0,0.288721,216.0,547.5,2.5347,large,2
train,2025_0923_115254_360_JPG,Ceratopogonidae,640,640,498.5,218.0,108673.0,0.265315,218.0,498.5,2.2867,large,2
train,2025_0923_115254_360_JPG,Ceratopogonidae,640,640,516.0,190.5,98298.0,0.239985,190.5,516.0,2.7087,large,2
train,2025_0923_115313_360_JPG,Ceratopogonidae,640,640,556.36,310.36,172668.04,0.421553,310.36,556.36,1.7926,large,2
train,2025_0923_115313_360_JPG,Ceratopogonidae,640,640,535.12,293.73,157182.15,0.383745,293.73,535.12,1.8218,large,2
train,2025_0923_115349_360_JPG,Ceratopogonidae,640,640,501.5,180.0,90270.0,0.220386,180.0,501.5,2.7861,large,2
train,2025_0923_115349_360_JPG,Ceratopogonidae,640,640,508.0,175.5,89154.0,0.217661,175.5,508.0,2.8946,large,2
train,2025_0923_115513_360_JPG,Ceratopogonidae,640,640,463.5,175.5,81344.25,0.198594,175.5,463.5,2.641,large,2
train,2025_0923_115513_360_JPG,Ceratopogonidae,640,640,520.5,201.0,104620.5,0.255421,201.0,520.5,2.5896,large,2
train,2025_0923_115601_360_JPG,Ceratopogonidae,640,640,479.5,199.0,95420.5,0.23296,199.0,479.5,2.4095,large,2
train,2025_0923_115601_360_JPG,Ceratopogonidae,640,640,508.0,178.0,90424.0,0.220762,178.0,508.0,2.8539,large,2
train,2025_0923_115656_360_JPG,Ceratopogonidae,640,640,522.0,197.0,102834.0,0.25106,197.0,522.0,2.6497,large,2
train,2025_0923_115656_360_JPG,Ceratopogonidae,640,640,484.0,180.0,87120.0,0.212695,180.0,484.0,2.6889,large,2
train,2025_0923_115702_360_JPG,Ceratopogonidae,640,640,424.53,613.69,260531.39,0.636063,424.53,613.69,0.6918,large,2
train,2025_0923_115702_360_JPG,Ceratopogonidae,640,640,331.0,557.9,184666.13,0.450845,331.0,557.9,0.5933,large,2
train,2025_0923_115720_360_JPG,Ceratopogonidae,640,640,514.5,188.5,96983.25,0.236776,188.5,514.5,2.7294,large,2
train,2025_0923_115720_360_JPG,Ceratopogonidae,640,640,501.5,190.5,95535.75,0.233242,190.5,501.5,2.6325,large,2
train,2025_0923_120246_360_JPG,Ceratopogonidae,640,640,435.0,163.0,70905.0,0.173108,163.0,435.0,2.6687,large,3
train,2025_0923_120246_360_JPG,Ceratopogonidae,640,640,455.5,148.0,67414.0,0.164585,148.0,455.5,3.0777,large,3
train,2025_0923_120246_360_JPG,Ceratopogonidae,640,640,508.0,152.5,77470.0,0.189136,152.5,508.0,3.3311,large,3
train,2025_0923_120258_360_JPG,Ceratopogonidae,640,640,462.0,165.0,76230.0,0.186108,165.0,462.0,2.8,large,3
train,2025_0923_120258_360_JPG,Ceratopogonidae,640,640,431.5,135.5,58468.25,0.142745,135.5,431.5,3.1845,large,3
train,2025_0923_120258_360_JPG,Ceratopogonidae,640,640,487.5,156.5,76293.75,0.186264,156.5,487.5,3.115,large,3
train,2025_0923_120327_360_JPG,Ceratopogonidae,640,640,425.5,167.0,71058.5,0.173483,167.0,425.5,2.5479,large,3
train,2025_0923_120327_360_JPG,Ceratopogonidae,640,640,422.0,156.5,66043.0,0.161238,156.5,422.0,2.6965,large,3
train,2025_0923_120327_360_JPG,Ceratopogonidae,640,640,498.5,171.5,85492.75,0.208723,171.5,498.5,2.9067,large,3
train,2025_0923_120338_360_JPG,Ceratopogonidae,640,640,266.89,525.0,140116.67,0.342082,266.89,525.0,0.5084,large,3
train,2025_0923_120338_360_JPG,Ceratopogonidae,640,640,319.0,552.4,176215.6,0.430214,319.0,552.4,0.5775,large,3
train,2025_0923_120338_360_JPG,Ceratopogonidae,640,640,257.63,595.47,153409.86,0.374536,257.63,595.47,0.4327,large,3
train,2025_0923_120404_360_JPG,Ceratopogonidae,640,640,579.0,311.87,180570.8,0.440847,311.87,579.0,1.8566,large,3
train,2025_0923_120404_360_JPG,Ceratopogonidae,640,640,562.3,326.29,183473.45,0.447933,326.29,562.3,1.7233,large,3
train,2025_0923_120404_360_JPG,Ceratopogonidae,640,640,508.9,229.93,117013.92,0.285679,229.93,508.9,2.2133,large,3
train,2025_0923_120439_360_JPG,Ceratopogonidae,640,640,575.51,210.68,121249.53,0.296019,210.68,575.51,2.7317,large,3
train,2025_0923_120439_360_JPG,Ceratopogonidae,640,640,508.82,246.87,125615.01,0.306677,246.87,508.82,2.0611,large,3
train,2025_0923_120439_360_JPG,Ceratopogonidae,640,640,505.0,205.77,103914.04,0.253696,205.77,505.0,2.4542,large,3
train,2025_0923_120513_360_JPG,Ceratopogonidae,640,640,538.0,274.96,147926.09,0.361148,274.96,538.0,1.9567,large,3
train,2025_0923_120513_360_JPG,Ceratopogonidae,640,640,511.08,311.16,159029.63,0.388256,311.16,511.08,1.6425,large,3
train,2025_0923_120513_360_JPG,Ceratopogonidae,640,640,497.81,274.39,136596.7,0.333488,274.39,497.81,1.8142,large,3
train,2025_0925_122814_360_JPG,Ceratopogonidae,640,640,512.5,319.5,163743.75,0.399765,319.5,512.5,1.6041,large,1
train,2025_0925_122828_360_JPG,Ceratopogonidae,640,640,465.0,415.0,192975.0,0.47113,415.0,465.0,1.1205,large,1
train,2025_0925_122846_360_JPG,Ceratopogonidae,640,640,455.5,417.0,189943.5,0.463729,417.0,455.5,1.0923,large,1
train,2025_0925_122920_360_JPG,Ceratopogonidae,640,640,535.05,511.2,273518.51,0.66777,511.2,535.05,1.0467,large,1
train,2025_0925_123035_360_JPG,Ceratopogonidae,640,640,547.5,216.0,118260.0,0.288721,216.0,547.5,2.5347,large,1
train,2025_0925_123117_360_JPG,Ceratopogonidae,640,640,554.0,190.5,105537.0,0.257659,190.5,554.0,2.9081,large,1
train,2025_1020_104958_360_JPG,Ceratopogonidae,640,640,630.87,311.0,196201.84,0.479008,311.0,630.87,2.0285,large,1
train,2025_1020_110353_360_JPG,Ceratopogonidae,640,640,640.0,182.0,116480.0,0.284375,182.0,640.0,3.5165,large,1
train,2025_1020_110554_360_JPG,Ceratopogonidae,640,640,631.0,212.0,133772.0,0.326592,212.0,631.0,2.9764,large,1
train,2025_1020_110614_360_JPG,Ceratopogonidae,640,640,628.0,239.0,150092.0,0.366436,239.0,628.0,2.6276,large,1
train,2025_1020_110626_360_JPG,Ceratopogonidae,640,640,621.0,224.5,139414.5,0.340367,224.5,621.0,2.7661,large,1
train,2025_1020_111326_360_JPG,Ceratopogonidae,640,640,560.5,197.0,110418.5,0.269576,197.0,560.5,2.8452,large,2
train,2025_1020_111326_360_JPG,Ceratopogonidae,640,640,590.5,194.5,114852.25,0.280401,194.5,590.5,3.036,large,2
train,2025_1020_111333_360_JPG,Ceratopogonidae,640,640,253.24,593.24,150235.86,0.366787,253.24,593.24,0.4269,large,2
train,2025_1020_111333_360_JPG,Ceratopogonidae,640,640,280.49,618.87,173585.22,0.423792,280.49,618.87,0.4532,large,2
train,2025_1020_111344_360_JPG,Ceratopogonidae,640,640,587.5,209.5,123081.25,0.300491,209.5,587.5,2.8043,large,2
train,2025_1020_111344_360_JPG,Ceratopogonidae,640,640,597.0,237.0,141489.0,0.345432,237.0,597.0,2.519,large,2
train,2025_1020_111409_360_JPG,Ceratopogonidae,640,640,618.0,192.5,118965.0,0.290442,192.5,618.0,3.2104,large,2
train,2025_1020_111409_360_JPG,Ceratopogonidae,640,640,574.5,211.5,121506.75,0.296647,211.5,574.5,2.7163,large,2
train,2025_1020_111415_360_JPG,Ceratopogonidae,640,640,320.69,605.98,194330.34,0.474439,320.69,605.98,0.5292,large,2
train,2025_1020_111415_360_JPG,Ceratopogonidae,640,640,330.0,593.81,195958.89,0.478415,330.0,593.81,0.5557,large,2
train,2025_1020_111536_360_JPG,Ceratopogonidae,640,640,554.0,184.0,101936.0,0.248867,184.0,554.0,3.0109,large,2
train,2025_1020_111536_360_JPG,Ceratopogonidae,640,640,578.0,203.0,117334.0,0.28646,203.0,578.0,2.8473,large,2
train,2025_1020_111555_360_JPG,Ceratopogonidae,640,640,618.35,419.6,259458.88,0.633445,419.6,618.35,1.4737,large,2
train,2025_1020_111555_360_JPG,Ceratopogonidae,640,640,615.19,384.33,236439.02,0.577244,384.33,615.19,1.6007,large,2
train,2025_1020_111602_360_JPG,Ceratopogonidae,640,640,544.5,194.5,105905.25,0.258558,194.5,544.5,2.7995,large,2
train,2025_1020_111602_360_JPG,Ceratopogonidae,640,640,562.0,186.0,104532.0,0.255205,186.0,562.0,3.0215,large,2
train,2025_1020_111614_360_JPG,Ceratopogonidae,640,640,567.0,194.5,110281.5,0.269242,194.5,567.0,2.9152,large,2
train,2025_1020_111614_360_JPG,Ceratopogonidae,640,640,576.0,199.0,114624.0,0.279844,199.0,576.0,2.8945,large,2
train,2025_1020_111621_360_JPG,Ceratopogonidae,640,640,301.3,577.09,173874.74,0.424499,301.3,577.09,0.5221,large,2
train,2025_1020_111621_360_JPG,Ceratopogonidae,640,640,296.47,618.78,183451.57,0.44788,296.47,618.78,0.4791,large,2
train,2025_1020_111640_360_JPG,Ceratopogonidae,640,640,546.0,201.0,109746.0,0.267935,201.0,546.0,2.7164,large,2
train,2025_1020_111640_360_JPG,Ceratopogonidae,640,640,581.0,205.5,119395.5,0.291493,205.5,581.0,2.8273,large,2
train,2025_1020_113643_360_JPG,Ceratopogonidae,640,640,614.5,228.5,140413.25,0.342806,228.5,614.5,2.6893,large,1
train,2025_1020_113650_360_JPG,Ceratopogonidae,640,640,628.2,377.67,237250.2,0.579224,377.67,628.2,1.6634,large,1
train,2025_1020_114839_360_JPG,Ceratopogonidae,640,640,584.0,207.5,121180.0,0.29585,207.5,584.0,2.8145,large,2
train,2025_1020_114839_360_JPG,Ceratopogonidae,640,640,633.0,271.0,171543.0,0.418806,271.0,633.0,2.3358,large,2
train,2025_1020_115019_360_JPG,Ceratopogonidae,640,640,574.5,245.5,141039.75,0.344335,245.5,574.5,2.3401,large,2
train,2025_1020_115019_360_JPG,Ceratopogonidae,640,640,633.0,277.0,175341.0,0.428079,277.0,633.0,2.2852,large,2
train,2025_1020_115258_360_JPG,Ceratopogonidae,640,640,541.5,207.5,112361.25,0.274319,207.5,541.5,2.6096,large,2
train,2025_1020_115258_360_JPG,Ceratopogonidae,640,640,606.5,249.5,151321.75,0.369438,249.5,606.5,2.4309,large,2
train,2025_1020_115343_360_JPG,Ceratopogonidae,640,640,362.0,617.9,223678.46,0.54609,362.0,617.9,0.5859,large,2
train,2025_1020_115343_360_JPG,Ceratopogonidae,640,640,401.5,625.74,251237.22,0.613372,401.5,625.74,0.6416,large,2
train,2025_1020_115357_360_JPG,Ceratopogonidae,640,640,541.5,207.5,112361.25,0.274319,207.5,541.5,2.6096,large,2
train,2025_1020_115357_360_JPG,Ceratopogonidae,640,640,598.5,260.5,155909.25,0.380638,260.5,598.5,2.2975,large,2
train,2025_1020_115536_360_JPG,Ceratopogonidae,640,640,402.0,634.71,255153.87,0.622934,402.0,634.71,0.6334,large,2
train,2025_1020_115536_360_JPG,Ceratopogonidae,640,640,354.6,593.78,210553.6,0.514047,354.6,593.78,0.5972,large,2
train,2025_1020_115643_360_JPG,Ceratopogonidae,640,640,620.44,376.0,233287.11,0.569549,376.0,620.44,1.6501,large,2
train,2025_1020_115643_360_JPG,Ceratopogonidae,640,640,600.26,396.16,237800.49,0.580568,396.16,600.26,1.5152,large,2
train,2025_1020_120651_360_JPG,Ceratopogonidae,640,640,631.5,254.0,160401.0,0.391604,254.0,631.5,2.4862,large,1
train,2025_1020_120658_360_JPG,Ceratopogonidae,640,640,638.0,226.5,144507.0,0.3528,226.5,638.0,2.8168,large,1
train,2025_1020_120704_360_JPG,Ceratopogonidae,640,640,639.25,364.41,232948.11,0.568721,364.41,639.25,1.7542,large,1
train,2025_1020_120744_360_JPG,Ceratopogonidae,640,640,592.0,400.0,236800.0,0.578125,400.0,592.0,1.48,large,1
train,2025_1020_120803_360_JPG,Ceratopogonidae,640,640,575.67,637.33,366891.56,0.895731,575.67,637.33,0.9032,large,1
train,2025_1020_120810_360_JPG,Ceratopogonidae,640,640,584.0,419.0,244696.0,0.597402,419.0,584.0,1.3938,large,1
train,2025_1020_120842_360_JPG,Ceratopogonidae,640,640,576.0,448.5,258336.0,0.630703,448.5,576.0,1.2843,large,1
train,2025_1020_121024_360_JPG,Ceratopogonidae,640,640,640.0,249.5,159680.0,0.389844,249.5,640.0,2.5651,large,1
train,2025_1030_161227_360_JPG,Hyriidae,640,640,538.0,448.5,241293.0,0.589094,448.5,538.0,1.1996,large,1
train,2025_1030_161233_360_JPG,Hyriidae,640,640,546.0,442.5,241605.0,0.589856,442.5,546.0,1.2339,large,1
train,2025_1030_161245_360_JPG,Hyriidae,640,640,566.76,638.4,361816.75,0.883342,566.76,638.4,0.8878,large,1
train,2025_1030_161643_360_JPG,Hyriidae,640,640,522.0,451.0,235422.0,0.574761,451.0,522.0,1.1574,large,1
train,2025_1103_104000_360_JPG,Hyriidae,640,640,529.13,460.99,243923.13,0.595515,460.99,529.13,1.1478,large,1
train,2025_1103_104013_360_JPG,Hyriidae,640,640,419.0,340.5,142669.5,0.348314,340.5,419.0,1.2305,large,1
train,2025_1103_104124_360_JPG,Hyriidae,640,640,411.0,340.5,139945.5,0.341664,340.5,411.0,1.207,large,1
train,2025_1103_104136_360_JPG,Hyriidae,640,640,493.6,518.67,256013.87,0.625034,493.6,518.67,0.9517,large,1
train,2025_1103_104201_360_JPG,Hyriidae,640,640,408.0,434.0,177072.0,0.432305,408.0,434.0,0.9401,large,1
train,2025_1103_104207_360_JPG,Hyriidae,640,640,498.26,547.2,272647.47,0.665643,498.26,547.2,0.9106,large,1
train,2025_1103_104325_360_JPG,Hyriidae,640,640,411.0,398.0,163578.0,0.39936,398.0,411.0,1.0327,large,1
train,2025_1103_104338_360_JPG,Hyriidae,640,640,411.0,398.0,163578.0,0.39936,398.0,411.0,1.0327,large,1
train,2025_1103_104434_360_JPG,Hyriidae,640,640,480.47,399.39,191891.27,0.468485,399.39,480.47,1.203,large,1
train,2025_1103_104441_360_JPG,Hyriidae,640,640,424.0,347.0,147128.0,0.359199,347.0,424.0,1.2219,large,1
train,2025_1103_104449_360_JPG,Hyriidae,640,640,427.0,362.0,154574.0,0.377378,362.0,427.0,1.1796,large,1
train,2025_1103_104516_360_JPG,Hyriidae,640,640,414.5,343.0,142173.5,0.347103,343.0,414.5,1.2085,large,1
train,2025_1103_104530_360_JPG,Hyriidae,640,640,416.0,345.0,143520.0,0.350391,345.0,416.0,1.2058,large,1
train,2025_1103_105328_360_JPG,Hyriidae,640,640,424.0,330.0,139920.0,0.341602,330.0,424.0,1.2848,large,1
train,2025_1103_105355_360_JPG,Hyriidae,640,640,419.0,345.0,144555.0,0.352917,345.0,419.0,1.2145,large,1
train,2025_1103_105430_360_JPG,Hyriidae,640,640,422.0,381.0,160782.0,0.392534,381.0,422.0,1.1076,large,1
train,2025_1103_105455_360_JPG,Hyriidae,640,640,425.5,376.5,160200.75,0.391115,376.5,425.5,1.1301,large,1
train,2025_1103_105502_360_JPG,Hyriidae,640,640,420.5,374.5,157477.25,0.384466,374.5,420.5,1.1228,large,1
train,2025_1103_105512_360_JPG,Hyriidae,640,640,412.5,376.5,155306.25,0.379166,376.5,412.5,1.0956,large,1
train,2025_1103_105519_360_JPG,Hyriidae,640,640,417.5,372.5,155518.75,0.379684,372.5,417.5,1.1208,large,1
train,2025_1103_105532_360_JPG,Hyriidae,640,640,420.5,368.5,154954.25,0.378306,368.5,420.5,1.1411,large,1
train,2025_1103_110206_360_JPG,Hyriidae,640,640,384.0,461.5,177216.0,0.432656,384.0,461.5,0.8321,large,1
train,2025_1103_111448_360_JPG,Hyriidae,640,640,397.0,423.5,168129.5,0.410472,397.0,423.5,0.9374,large,1
train,2025_1103_111455_360_JPG,Hyriidae,640,640,495.0,456.84,226134.33,0.552086,456.84,495.0,1.0835,large,1
train,2025_1103_111559_360_JPG,Hyriidae,640,640,333.5,487.0,162414.5,0.39652,333.5,487.0,0.6848,large,1
train,2025_1103_111618_360_JPG,Hyriidae,640,640,407.44,547.99,223276.54,0.545109,407.44,547.99,0.7435,large,1
train,2025_1103_111625_360_JPG,Hyriidae,640,640,344.5,489.0,168460.5,0.411281,344.5,489.0,0.7045,large,1
train,2025_1103_111819_360_JPG,Hyriidae,640,640,476.06,552.22,262890.5,0.641823,476.06,552.22,0.8621,large,1
train,2025_1103_112418_360_JPG,Hyriidae,640,640,347.5,497.5,172881.25,0.422073,347.5,497.5,0.6985,large,1
train,2025_1103_114052_360_JPG,Hyriidae,640,640,382.67,522.26,199851.21,0.487918,382.67,522.26,0.7327,large,1
train,2025_1103_114310_360_JPG,Hyriidae,640,640,384.0,438.0,168192.0,0.410625,384.0,438.0,0.8767,large,1
train,2025_1103_114335_360_JPG,Hyriidae,640,640,559.2,488.96,273423.95,0.667539,488.96,559.2,1.1437,large,1
train,2025_1103_114508_360_JPG,Hyriidae,640,640,378.0,408.5,154413.0,0.376985,378.0,408.5,0.9253,large,1
train,2025_1103_114523_360_JPG,Hyriidae,640,640,368.5,389.5,143530.75,0.350417,368.5,389.5,0.9461,large,1
train,2025_1103_114543_360_JPG,Hyriidae,640,640,490.82,494.47,242698.86,0.592527,490.82,494.47,0.9926,large,1
train,2025_1103_120721_360_JPG,Hyriidae,640,640,252.5,300.5,75876.25,0.185245,252.5,300.5,0.8403,large,2
train,2025_1103_120721_360_JPG,Hyriidae,640,640,279.5,340.5,95169.75,0.232348,279.5,340.5,0.8209,large,2
train,2025_1103_120747_360_JPG,Hyriidae,640,640,252.5,285.5,72088.75,0.175998,252.5,285.5,0.8844,large,2
train,2025_1103_120747_360_JPG,Hyriidae,640,640,271.5,353.5,95975.25,0.234315,271.5,353.5,0.768,large,2
train,2025_1103_120911_360_JPG,Hyriidae,640,640,285.95,330.36,94466.68,0.230632,285.95,330.36,0.8656,large,2
train,2025_1103_120911_360_JPG,Hyriidae,640,640,377.76,390.76,147615.77,0.36039,377.76,390.76,0.9667,large,2
train,2025_1103_121257_360_JPG,Hyriidae,640,640,285.5,349.0,99639.5,0.24326,285.5,349.0,0.8181,large,2
train,2025_1103_121257_360_JPG,Hyriidae,640,640,238.0,305.0,72590.0,0.177222,238.0,305.0,0.7803,large,2
train,2025_1103_121337_360_JPG,Hyriidae,640,640,258.5,294.0,75999.0,0.185544,258.5,294.0,0.8793,large,2
train,2025_1103_121337_360_JPG,Hyriidae,640,640,285.5,345.0,98497.5,0.240472,285.5,345.0,0.8275,large,2
train,2025_1103_121343_360_JPG,Hyriidae,640,640,247.5,298.5,73878.75,0.180368,247.5,298.5,0.8291,large,2
train,2025_1103_121343_360_JPG,Hyriidae,640,640,301.5,351.5,105977.25,0.258734,301.5,351.5,0.8578,large,2
train,2025_1103_121355_360_JPG,Hyriidae,640,640,404.41,296.59,119946.44,0.292838,296.59,404.41,1.3635,large,2
train,2025_1103_121355_360_JPG,Hyriidae,640,640,456.64,379.48,173288.11,0.423067,379.48,456.64,1.2033,large,2
train,2025_1103_121402_360_JPG,Hyriidae,640,640,243.0,298.5,72535.5,0.177089,243.0,298.5,0.8141,large,2
train,2025_1103_121402_360_JPG,Hyriidae,640,640,282.5,343.0,96897.5,0.236566,282.5,343.0,0.8236,large,2
train,2025_1103_121428_360_JPG,Hyriidae,640,640,238.0,296.5,70567.0,0.172283,238.0,296.5,0.8027,large,2
train,2025_1103_121428_360_JPG,Hyriidae,640,640,285.5,347.0,99068.5,0.241866,285.5,347.0,0.8228,large,2
train,2025_1103_122722_360_JPG,Hyriidae,640,640,209.5,256.0,53632.0,0.130938,209.5,256.0,0.8184,large,4
train,2025_1103_122722_360_JPG,Hyriidae,640,640,243.0,269.0,65367.0,0.159587,243.0,269.0,0.9033,large,4
train,2025_1103_122722_360_JPG,Hyriidae,640,640,201.5,254.0,51181.0,0.124954,201.5,254.0,0.7933,large,4
train,2025_1103_122722_360_JPG,Hyriidae,640,640,252.5,305.0,77012.5,0.188019,252.5,305.0,0.8279,large,4
train,2025_1103_122728_360_JPG,Hyriidae,640,640,201.5,264.5,53296.75,0.130119,201.5,264.5,0.7618,large,4
train,2025_1103_122728_360_JPG,Hyriidae,640,640,243.0,298.5,72535.5,0.177089,243.0,298.5,0.8141,large,4
train,2025_1103_122728_360_JPG,Hyriidae,640,640,185.5,245.5,45540.25,0.111182,185.5,245.5,0.7556,large,4
train,2025_1103_122728_360_JPG,Hyriidae,640,640,241.5,332.5,80298.75,0.196042,241.5,332.5,0.7263,large,4
train,2025_1103_122825_360_JPG,Hyriidae,640,640,252.5,296.5,74866.25,0.182779,252.5,296.5,0.8516,large,4
train,2025_1103_122825_360_JPG,Hyriidae,640,640,208.0,254.0,52832.0,0.128984,208.0,254.0,0.8189,large,4
train,2025_1103_122825_360_JPG,Hyriidae,640,640,249.0,296.5,73828.5,0.180245,249.0,296.5,0.8398,large,4
train,2025_1103_122825_360_JPG,Hyriidae,640,640,211.0,243.5,51378.5,0.125436,211.0,243.5,0.8665,large,4
train,2025_1103_123015_360_JPG,Hyriidae,640,640,269.33,331.13,89185.24,0.217737,269.33,331.13,0.8134,large,4
train,2025_1103_123015_360_JPG,Hyriidae,640,640,298.73,248.97,74375.75,0.181581,248.97,298.73,1.1999,large,4
train,2025_1103_123015_360_JPG,Hyriidae,640,640,310.87,360.13,111951.15,0.273318,310.87,360.13,0.8632,large,4
train,2025_1103_123015_360_JPG,Hyriidae,640,640,287.47,249.01,71581.33,0.174759,249.01,287.47,1.1545,large,4
train,2025_1103_123056_360_JPG,Hyriidae,640,640,217.5,273.0,59377.5,0.144965,217.5,273.0,0.7967,large,4
train,2025_1103_123056_360_JPG,Hyriidae,640,640,236.5,279.5,66101.75,0.161381,236.5,279.5,0.8462,large,4
train,2025_1103_123056_360_JPG,Hyriidae,640,640,244.5,311.0,76039.5,0.185643,244.5,311.0,0.7862,large,4
train,2025_1103_123056_360_JPG,Hyriidae,640,640,212.5,243.5,51743.75,0.126328,212.5,243.5,0.8727,large,4
train,2025_1103_123131_360_JPG,Hyriidae,640,640,314.27,275.96,86725.68,0.211733,275.96,314.27,1.1389,large,4
train,2025_1103_123131_360_JPG,Hyriidae,640,640,268.11,232.04,62213.69,0.151889,232.04,268.11,1.1554,large,4
train,2025_1103_123131_360_JPG,Hyriidae,640,640,300.27,262.38,78785.24,0.192347,262.38,300.27,1.1444,large,4
train,2025_1103_123131_360_JPG,Hyriidae,640,640,280.25,222.98,62489.94,0.152563,222.98,280.25,1.2569,large,4
train,2025_1103_123733_360_JPG,Hyriidae,640,640,355.18,258.93,91964.73,0.224523,258.93,355.18,1.3717,large,4
train,2025_1103_123733_360_JPG,Hyriidae,640,640,278.78,235.3,65595.38,0.160145,235.3,278.78,1.1848,large,4
train,2025_1103_123733_360_JPG,Hyriidae,640,640,377.58,234.63,88590.93,0.216286,234.63,377.58,1.6093,large,4
train,2025_1103_123733_360_JPG,Hyriidae,640,640,275.69,262.96,72495.97,0.176992,262.96,275.69,1.0484,large,4
train,2025_1103_123753_360_JPG,Hyriidae,640,640,195.0,281.5,54892.5,0.134015,195.0,281.5,0.6927,large,4
train,2025_1103_123753_360_JPG,Hyriidae,640,640,205.0,324.0,66420.0,0.162158,205.0,324.0,0.6327,large,4
train,2025_1103_123753_360_JPG,Hyriidae,640,640,193.5,271.0,52438.5,0.128024,193.5,271.0,0.714,large,4
train,2025_1103_123753_360_JPG,Hyriidae,640,640,211.0,332.5,70157.5,0.171283,211.0,332.5,0.6346,large,4
train,2025_1103_123840_360_JPG,Hyriidae,640,640,185.5,262.5,48693.75,0.118881,185.5,262.5,0.7067,large,4
train,2025_1103_123840_360_JPG,Hyriidae,640,640,216.0,340.5,73548.0,0.179561,216.0,340.5,0.6344,large,4
train,2025_1103_123840_360_JPG,Hyriidae,640,640,192.0,266.5,51168.0,0.124922,192.0,266.5,0.7205,large,4
train,2025_1103_123840_360_JPG,Hyriidae,640,640,220.5,324.0,71442.0,0.174419,220.5,324.0,0.6806,large,4
train,2025_1103_124030_360_JPG,Hyriidae,640,640,179.5,290.0,52055.0,0.127087,179.5,290.0,0.619,large,4
train,2025_1103_124030_360_JPG,Hyriidae,640,640,220.5,309.0,68134.5,0.166344,220.5,309.0,0.7136,large,4
train,2025_1103_124030_360_JPG,Hyriidae,640,640,179.5,269.0,48285.5,0.117885,179.5,269.0,0.6673,large,4
train,2025_1103_124030_360_JPG,Hyriidae,640,640,235.0,302.5,71087.5,0.173553,235.0,302.5,0.7769,large,4
train,2025_1103_124059_360_JPG,Hyriidae,640,640,272.88,359.41,98077.65,0.239447,272.88,359.41,0.7592,large,4
train,2025_1103_124059_360_JPG,Hyriidae,640,640,238.09,271.08,64541.49,0.157572,238.09,271.08,0.8783,large,4
train,2025_1103_124059_360_JPG,Hyriidae,640,640,241.88,276.1,66784.37,0.163048,241.88,276.1,0.8761,large,4
train,2025_1103_124059_360_JPG,Hyriidae,640,640,273.01,353.88,96612.27,0.23587,273.01,353.88,0.7715,large,4
train,2025_1103_125706_360_JPG,Hyriidae,640,640,325.5,349.0,113599.5,0.277343,325.5,349.0,0.9327,large,1
train,2025_1103_125721_360_JPG,Hyriidae,640,640,320.5,368.5,118104.25,0.28834,320.5,368.5,0.8697,large,1
train,2025_1103_130444_360_JPG,Hyriidae,640,640,341.5,396.0,135234.0,0.330161,341.5,396.0,0.8624,large,1
train,2025_1103_130457_360_JPG,Hyriidae,640,640,352.5,417.0,146992.5,0.358868,352.5,417.0,0.8453,large,1
train,2025_1103_130626_360_JPG,Hyriidae,640,640,331.5,391.5,129782.25,0.316851,331.5,391.5,0.8467,large,1
train,2025_1103_130804_360_JPG,Hyriidae,640,640,316.0,444.5,140462.0,0.342925,316.0,444.5,0.7109,large,1
train,2025_1103_130824_360_JPG,Hyriidae,640,640,312.5,425.5,132968.75,0.324631,312.5,425.5,0.7344,large,1
train,2025_1103_131305_360_JPG,Hyriidae,640,640,360.93,395.94,142908.21,0.348897,360.93,395.94,0.9116,large,2
train,2025_1103_131305_360_JPG,Hyriidae,640,640,294.84,365.48,107757.48,0.26308,294.84,365.48,0.8067,large,2
train,2025_1103_131514_360_JPG,Hyriidae,640,640,219.0,351.5,76978.5,0.187936,219.0,351.5,0.623,large,2
train,2025_1103_131514_360_JPG,Hyriidae,640,640,270.0,412.5,111375.0,0.271912,270.0,412.5,0.6545,large,2
train,2025_1103_131528_360_JPG,Hyriidae,640,640,209.5,343.0,71858.5,0.175436,209.5,343.0,0.6108,large,2
train,2025_1103_131528_360_JPG,Hyriidae,640,640,282.5,417.0,117802.5,0.287604,282.5,417.0,0.6775,large,2
train,2025_1103_131540_360_JPG,Hyriidae,640,640,212.5,338.5,71931.25,0.175613,212.5,338.5,0.6278,large,2
train,2025_1103_131540_360_JPG,Hyriidae,640,640,270.0,425.5,114885.0,0.280481,270.0,425.5,0.6345,large,2
train,2025_1103_131554_360_JPG,Hyriidae,640,640,270.0,438.0,118260.0,0.288721,270.0,438.0,0.6164,large,2
train,2025_1103_131554_360_JPG,Hyriidae,640,640,214.5,345.0,74002.5,0.18067,214.5,345.0,0.6217,large,2
train,2025_1103_131607_360_JPG,Hyriidae,640,640,270.0,412.5,111375.0,0.271912,270.0,412.5,0.6545,large,2
train,2025_1103_131607_360_JPG,Hyriidae,640,640,220.5,330.0,72765.0,0.177649,220.5,330.0,0.6682,large,2
train,2025_1103_131629_360_JPG,Hyriidae,640,640,224.0,340.5,76272.0,0.186211,224.0,340.5,0.6579,large,2
train,2025_1103_131629_360_JPG,Hyriidae,640,640,268.5,430.5,115589.25,0.2822,268.5,430.5,0.6237,large,2
train,2025_1103_131737_360_JPG,Hyriidae,640,640,308.0,360.0,110880.0,0.270703,308.0,360.0,0.8556,large,2
train,2025_1103_131737_360_JPG,Hyriidae,640,640,255.5,294.0,75117.0,0.183391,255.5,294.0,0.869,large,2
train,2025_1103_131750_360_JPG,Hyriidae,640,640,251.0,294.0,73794.0,0.180161,251.0,294.0,0.8537,large,2
train,2025_1103_131750_360_JPG,Hyriidae,640,640,316.0,366.0,115656.0,0.282363,316.0,366.0,0.8634,large,2
train,2025_1103_131804_360_JPG,Hyriidae,640,640,273.0,305.0,83265.0,0.203284,273.0,305.0,0.8951,large,2
train,2025_1103_131804_360_JPG,Hyriidae,640,640,309.5,353.5,109408.25,0.26711,309.5,353.5,0.8755,large,2
train,2025_1103_131818_360_JPG,Hyriidae,640,640,252.5,317.5,80168.75,0.195724,252.5,317.5,0.7953,large,2
train,2025_1103_131818_360_JPG,Hyriidae,640,640,316.0,366.0,115656.0,0.282363,316.0,366.0,0.8634,large,2
train,2025_1103_131851_360_JPG,Hyriidae,640,640,341.38,309.33,105599.53,0.257811,309.33,341.38,1.1036,large,2
train,2025_1103_131851_360_JPG,Hyriidae,640,640,397.64,334.97,133197.63,0.32519,334.97,397.64,1.1871,large,2
train,2025_1103_132938_360_JPG,Hyriidae,640,640,255.5,307.0,78438.5,0.1915,255.5,307.0,0.8322,large,2
train,2025_1103_132938_360_JPG,Hyriidae,640,640,316.0,383.0,121028.0,0.295479,316.0,383.0,0.8251,large,2
train,2025_1103_132956_360_JPG,Hyriidae,640,640,309.5,368.5,114050.75,0.278444,309.5,368.5,0.8399,large,2
train,2025_1103_132956_360_JPG,Hyriidae,640,640,268.5,311.0,83503.5,0.203866,268.5,311.0,0.8633,large,2
train,2025_1103_133003_360_JPG,Hyriidae,640,640,246.0,305.0,75030.0,0.183179,246.0,305.0,0.8066,large,2
train,2025_1103_133003_360_JPG,Hyriidae,640,640,314.5,364.0,114478.0,0.279487,314.5,364.0,0.864,large,2
train,2025_1103_133036_360_JPG,Hyriidae,640,640,255.5,302.5,77288.75,0.188693,255.5,302.5,0.8446,large,2
train,2025_1103_133036_360_JPG,Hyriidae,640,640,311.0,385.0,119735.0,0.292322,311.0,385.0,0.8078,large,2
train,2025_1103_133044_360_JPG,Hyriidae,640,640,266.73,354.15,94463.12,0.230623,266.73,354.15,0.7532,large,2
train,2025_1103_133044_360_JPG,Hyriidae,640,640,367.74,440.52,161996.61,0.3955,367.74,440.52,0.8348,large,2
train,2025_1103_133531_360_JPG,Hyriidae,640,640,312.5,376.5,117656.25,0.287247,312.5,376.5,0.83,large,2
train,2025_1103_133531_360_JPG,Hyriidae,640,640,270.0,313.0,84510.0,0.206323,270.0,313.0,0.8626,large,2
train,2025_1103_133538_360_JPG,Hyriidae,640,640,263.5,309.0,81421.5,0.198783,263.5,309.0,0.8528,large,2
train,2025_1103_133538_360_JPG,Hyriidae,640,640,325.5,362.0,117831.0,0.287673,325.5,362.0,0.8992,large,2
train,2025_1103_133638_360_JPG,Hyriidae,640,640,341.33,240.02,81927.59,0.200019,240.02,341.33,1.4221,large,2
train,2025_1103_133638_360_JPG,Hyriidae,640,640,435.81,276.2,120370.01,0.293872,276.2,435.81,1.5779,large,2
train,2025_1103_133855_360_JPG,Hyriidae,640,640,225.5,330.0,74415.0,0.181677,225.5,330.0,0.6833,large,2
train,2025_1103_133855_360_JPG,Hyriidae,640,640,252.5,412.5,104156.25,0.254288,252.5,412.5,0.6121,large,2
train,2025_1103_133916_360_JPG,Hyriidae,640,640,258.5,400.0,103400.0,0.252441,258.5,400.0,0.6462,large,2
train,2025_1103_133916_360_JPG,Hyriidae,640,640,222.0,338.5,75147.0,0.183464,222.0,338.5,0.6558,large,2
train,2025_1103_134417_360_JPG,Hyriidae,640,640,222.0,343.0,76146.0,0.185903,222.0,343.0,0.6472,large,2
train,2025_1103_134417_360_JPG,Hyriidae,640,640,252.5,404.0,102010.0,0.249048,252.5,404.0,0.625,large,2
train,2025_1103_134449_360_JPG,Hyriidae,640,640,260.5,417.0,108628.5,0.265206,260.5,417.0,0.6247,large,2
train,2025_1103_134449_360_JPG,Hyriidae,640,640,230.0,328.0,75440.0,0.18418,230.0,328.0,0.7012,large,2
train,2025_1110_110009_360_JPG,Hydrophilidae,640,640,628.5,590.5,371129.25,0.906077,590.5,628.5,1.0644,large,1
train,2025_1110_110022_360_JPG,Hydrophilidae,640,640,639.0,595.0,380205.0,0.928235,595.0,639.0,1.0739,large,1
train,2025_1110_110054_360_JPG,Hydrophilidae,640,640,640.0,592.5,379200.0,0.925781,592.5,640.0,1.0802,large,1
train,2025_1110_110518_360_JPG,Hydrophilidae,640,640,620.5,624.5,387502.25,0.94605,620.5,624.5,0.9936,large,1
train,2025_1110_110537_360_JPG,Hydrophilidae,640,640,622.0,620.0,385640.0,0.941504,620.0,622.0,1.0032,large,1
train,2025_1110_110550_360_JPG,Hydrophilidae,640,640,640.0,640.0,409600.0,1.0,640.0,640.0,1.0,large,1
train,2025_1110_110603_360_JPG,Hydrophilidae,640,640,622.0,626.5,389683.0,0.951375,622.0,626.5,0.9928,large,1
train,2025_1110_110616_360_JPG,Hydrophilidae,640,640,640.0,640.0,409600.0,1.0,640.0,640.0,1.0,large,1
train,2025_1110_111357_360_JPG,Hydrophilidae,640,640,640.0,640.0,409600.0,1.0,640.0,640.0,1.0,large,1
train,2025_1110_111450_360_JPG,Hydrophilidae,640,640,595.0,640.0,380800.0,0.929688,595.0,640.0,0.9297,large,1
train,2025_1110_111552_360_JPG,Hydrophilidae,640,640,589.0,630.5,371364.5,0.906652,589.0,630.5,0.9342,large,1
train,2025_1110_112348_360_JPG,Hydrophilidae,640,640,640.0,640.0,409600.0,1.0,640.0,640.0,1.0,large,1
train,2025_1110_113452_360_JPG,Hydrophilidae,640,640,593.5,618.0,366783.0,0.895466,593.5,618.0,0.9604,large,1
train,2025_1110_113525_360_JPG,Hydrophilidae,640,640,597.0,630.5,376408.5,0.918966,597.0,630.5,0.9469,large,1
train,2025_1110_113532_360_JPG,Hydrophilidae,640,640,589.0,628.0,369892.0,0.903057,589.0,628.0,0.9379,large,1
train,2025_1110_113607_360_JPG,Hydrophilidae,640,640,581.0,640.0,371840.0,0.907813,581.0,640.0,0.9078,large,1
train,2025_1110_113613_360_JPG,Hydrophilidae,640,640,598.5,628.5,376157.25,0.918353,598.5,628.5,0.9523,large,1
train,2025_1110_113700_360_JPG,Hydrophilidae,640,640,606.0,620.24,375865.89,0.917641,606.0,620.24,0.977,large,1
train,2025_1110_113715_360_JPG,Hydrophilidae,640,640,625.5,631.5,395003.25,0.964363,625.5,631.5,0.9905,large,1
train,2025_1110_113722_360_JPG,Hydrophilidae,640,640,640.0,640.0,409600.0,1.0,640.0,640.0,1.0,large,1
train,2025_1110_113736_360_JPG,Hydrophilidae,640,640,611.0,609.5,372404.5,0.909191,609.5,611.0,1.0025,large,1
train,2025_1110_113815_360_JPG,Hydrophilidae,640,640,624.0,603.0,376272.0,0.918633,603.0,624.0,1.0348,large,1
train,2025_1110_113821_360_JPG,Hydrophilidae,640,640,622.5,623.0,387817.5,0.94682,622.5,623.0,0.9992,large,1
train,2025_1110_113828_360_JPG,Hydrophilidae,640,640,622.5,603.0,375367.5,0.916425,603.0,622.5,1.0323,large,1
train,2025_1110_113835_360_JPG,Hydrophilidae,640,640,640.0,640.0,409600.0,1.0,640.0,640.0,1.0,large,1
train,2025_1110_114232_360_JPG,Hydrophilidae,640,640,631.5,618.0,390267.0,0.9528,618.0,631.5,1.0218,large,1
train,2025_1110_114245_360_JPG,Hydrophilidae,640,640,625.5,616.5,385620.75,0.941457,616.5,625.5,1.0146,large,1
train,2025_1110_114318_360_JPG,Hydrophilidae,640,640,632.0,623.0,393736.0,0.96127,623.0,632.0,1.0144,large,1
train,2025_1110_114808_360_JPG,Hydrophilidae,640,640,597.0,602.0,359394.0,0.877427,597.0,602.0,0.9917,large,1
train,2025_1110_114814_360_JPG,Hydrophilidae,640,640,616.0,625.0,385000.0,0.939941,616.0,625.0,0.9856,large,1
train,2025_1110_114911_360_JPG,Hydrophilidae,640,640,601.5,599.0,360298.5,0.879635,599.0,601.5,1.0042,large,1
train,2025_1110_114920_360_JPG,Hydrophilidae,640,640,640.0,640.0,409600.0,1.0,640.0,640.0,1.0,large,1
train,2025_1110_114939_360_JPG,Hydrophilidae,640,640,614.5,620.0,380990.0,0.930151,614.5,620.0,0.9911,large,1
train,2025_1110_114952_360_JPG,Hydrophilidae,640,640,620.0,613.0,380060.0,0.927881,613.0,620.0,1.0114,large,1
train,2025_1110_115005_360_JPG,Hydrophilidae,640,640,614.5,628.5,386213.25,0.942903,614.5,628.5,0.9777,large,1
train,2025_1110_115027_360_JPG,Hydrophilidae,640,640,611.0,611.0,373321.0,0.911428,611.0,611.0,1.0,large,1
train,2025_1110_115241_360_JPG,Hydrophilidae,640,640,630.0,580.0,365400.0,0.89209,580.0,630.0,1.0862,large,1
train,2025_1110_115301_360_JPG,Hydrophilidae,640,640,633.5,621.0,393403.5,0.960458,621.0,633.5,1.0201,large,1
train,2025_1110_115308_360_JPG,Hydrophilidae,640,640,627.0,628.0,393756.0,0.961318,627.0,628.0,0.9984,large,1
train,2025_1110_115321_360_JPG,Hydrophilidae,640,640,617.5,601.0,371117.5,0.906049,601.0,617.5,1.0275,large,1
train,2025_1110_115328_360_JPG,Hydrophilidae,640,640,627.0,609.0,381843.0,0.932234,609.0,627.0,1.0296,large,1
train,2025_1110_115356_360_JPG,Hydrophilidae,640,640,640.0,640.0,409600.0,1.0,640.0,640.0,1.0,large,1
train,2025_1110_115416_360_JPG,Hydrophilidae,640,640,640.0,609.5,390080.0,0.952344,609.5,640.0,1.05,large,1
train,2025_1110_115423_360_JPG,Hydrophilidae,640,640,635.0,607.5,385762.5,0.941803,607.5,635.0,1.0453,large,1
train,2025_1120_111436_360_JPG,Libellulidae,640,640,614.5,582.0,357639.0,0.873142,582.0,614.5,1.0558,large,1
train,2025_1120_111444_360_JPG,Libellulidae,640,640,640.0,640.0,409600.0,1.0,640.0,640.0,1.0,large,1
train,2025_1120_111457_360_JPG,Libellulidae,640,640,605.0,580.0,350900.0,0.856689,580.0,605.0,1.0431,large,1
train,2025_1120_111520_360_JPG,Libellulidae,640,640,611.0,614.0,375154.0,0.915903,611.0,614.0,0.9951,large,1
train,2025_1120_111651_360_JPG,Libellulidae,640,640,582.5,616.0,358820.0,0.876025,582.5,616.0,0.9456,large,1
train,2025_1120_111657_360_JPG,Libellulidae,640,640,581.0,605.5,351795.5,0.858876,581.0,605.5,0.9595,large,1
train,2025_1120_111911_360_JPG,Libellulidae,640,640,593.5,592.5,351648.75,0.858517,592.5,593.5,1.0017,large,1
train,2025_1120_111918_360_JPG,Libellulidae,640,640,587.5,599.0,351912.5,0.859161,587.5,599.0,0.9808,large,1
train,2025_1120_112035_360_JPG,Libellulidae,640,640,565.0,588.5,332502.5,0.811774,565.0,588.5,0.9601,large,1
train,2025_1120_112042_360_JPG,Libellulidae,640,640,614.67,629.44,386898.52,0.944576,614.67,629.44,0.9765,large,1
train,2025_1120_112109_360_JPG,Libellulidae,640,640,640.0,640.0,409600.0,1.0,640.0,640.0,1.0,large,1
train,2025_1120_112223_360_JPG,Libellulidae,640,640,639.76,640.0,409448.3,0.99963,639.76,640.0,0.9996,large,1
train,2025_1120_112242_360_JPG,Libellulidae,640,640,555.5,619.0,343854.5,0.839489,555.5,619.0,0.8974,large,1
train,2025_1120_113253_360_JPG,Libellulidae,640,640,578.0,567.0,327726.0,0.800112,567.0,578.0,1.0194,large,1
train,2025_1120_113259_360_JPG,Libellulidae,640,640,579.5,542.0,314089.0,0.766819,542.0,579.5,1.0692,large,1
train,2025_1120_113306_360_JPG,Libellulidae,640,640,600.0,539.5,323700.0,0.790283,539.5,600.0,1.1121,large,1
train,2025_1120_113312_360_JPG,Libellulidae,640,640,605.0,556.5,336682.5,0.821979,556.5,605.0,1.0872,large,1
train,2025_1120_113516_360_JPG,Libellulidae,640,640,562.0,580.0,325960.0,0.795801,562.0,580.0,0.969,large,1
train,2025_1120_113525_360_JPG,Libellulidae,640,640,640.0,640.0,409600.0,1.0,640.0,640.0,1.0,large,1
train,2025_1120_114128_360_JPG,Libellulidae,640,640,511.0,628.0,320908.0,0.783467,511.0,628.0,0.8137,large,1
train,2025_1120_114652_360_JPG,Libellulidae,640,640,626.22,640.0,400782.22,0.978472,626.22,640.0,0.9785,large,1
train,2025_1120_115807_360_JPG,Libellulidae,640,640,543.0,628.5,341275.5,0.833192,543.0,628.5,0.864,large,1
train,2025_1120_121920_360_JPG,Libellulidae,640,640,512.5,618.0,316725.0,0.773254,512.5,618.0,0.8293,large,1
train,2025_1120_122234_360_JPG,Libellulidae,640,640,640.0,640.0,409600.0,1.0,640.0,640.0,1.0,large,1
train,2025_1120_122313_360_JPG,Libellulidae,640,640,530.0,620.0,328600.0,0.802246,530.0,620.0,0.8548,large,1
train,2025_1120_123531_360_JPG,Libellulidae,640,640,621.0,607.5,377257.5,0.921039,607.5,621.0,1.0222,large,1
train,2025_1120_123551_360_JPG,Libellulidae,640,640,617.5,603.0,372352.5,0.909064,603.0,617.5,1.024,large,1
train,2025_1120_133700_360_JPG,Libellulidae,640,640,584.0,628.5,367044.0,0.896104,584.0,628.5,0.9292,large,1
train,2025_1120_133724_360_JPG,Libellulidae,640,640,640.0,640.0,409600.0,1.0,640.0,640.0,1.0,large,1
train,2025_1120_133810_360_JPG,Libellulidae,640,640,597.0,640.0,382080.0,0.932813,597.0,640.0,0.9328,large,1
train,2025_1120_133831_360_JPG,Libellulidae,640,640,581.0,633.5,368063.5,0.898593,581.0,633.5,0.9171,large,1
train,2025_1120_134312_360_JPG,Libellulidae,640,640,582.5,640.0,372800.0,0.910156,582.5,640.0,0.9102,large,1
train,2025_1120_134348_360_JPG,Libellulidae,640,640,605.0,640.0,387200.0,0.945312,605.0,640.0,0.9453,large,1
train,2025_1120_134408_360_JPG,Libellulidae,640,640,600.0,614.0,368400.0,0.899414,600.0,614.0,0.9772,large,1
train,2025_1120_143010_360_JPG,Libellulidae,640,640,603.0,588.5,354865.5,0.866371,588.5,603.0,1.0246,large,1
train,2025_1120_143020_360_JPG,Libellulidae,640,640,616.0,599.0,368984.0,0.90084,599.0,616.0,1.0284,large,1
train,2025_1120_143038_360_JPG,Libellulidae,640,640,640.0,640.0,409600.0,1.0,640.0,640.0,1.0,large,1
train,2025_1120_143044_360_JPG,Libellulidae,640,640,614.5,597.0,366856.5,0.895646,597.0,614.5,1.0293,large,1
train,2025_1120_143050_360_JPG,Libellulidae,640,640,603.0,594.5,358483.5,0.875204,594.5,603.0,1.0143,large,1
train,2025_1120_143349_360_JPG,Libellulidae,640,640,639.0,554.0,354006.0,0.864272,554.0,639.0,1.1534,large,1
train,2025_1202_112119_360_JPG,Ampullariidae,640,640,610.0,640.0,390400.0,0.953125,610.0,640.0,0.9531,large,1
train,2025_1202_112151_360_JPG,Ampullariidae,640,640,640.0,640.0,409600.0,1.0,640.0,640.0,1.0,large,1
train,2025_1202_112158_360_JPG,Ampullariidae,640,640,500.0,590.5,295250.0,0.720825,500.0,590.5,0.8467,large,1
train,2025_1202_112220_360_JPG,Ampullariidae,640,640,639.24,581.0,371401.02,0.906741,581.0,639.24,1.1002,large,1
train,2025_1202_112316_360_JPG,Ampullariidae,640,640,485.5,597.0,289843.5,0.707626,485.5,597.0,0.8132,large,1
train,2025_1202_112329_360_JPG,Ampullariidae,640,640,639.26,613.48,392173.72,0.957455,613.48,639.26,1.042,large,1
train,2025_1202_112343_360_JPG,Ampullariidae,640,640,594.72,639.38,380249.8,0.928344,594.72,639.38,0.9302,large,1
train,2025_1202_112801_360_JPG,Ampullariidae,640,640,427.0,633.0,270291.0,0.65989,427.0,633.0,0.6746,large,1
train,2025_1202_113027_360_JPG,Ampullariidae,640,640,395.0,633.0,250035.0,0.610437,395.0,633.0,0.624,large,1
train,2025_1202_113128_360_JPG,Ampullariidae,640,640,443.0,601.0,266243.0,0.650007,443.0,601.0,0.7371,large,1
train,2025_1202_113148_360_JPG,Ampullariidae,640,640,447.5,607.5,271856.25,0.663712,447.5,607.5,0.7366,large,1
train,2025_1202_113155_360_JPG,Ampullariidae,640,640,466.5,603.0,281299.5,0.686766,466.5,603.0,0.7736,large,1
train,2025_1202_113201_360_JPG,Ampullariidae,640,640,566.67,639.36,362305.68,0.884535,566.67,639.36,0.8863,large,1
train,2025_1202_113214_360_JPG,Ampullariidae,640,640,447.5,624.5,279463.75,0.682285,447.5,624.5,0.7166,large,1
train,2025_1202_113858_360_JPG,Ampullariidae,640,640,550.16,586.9,322884.26,0.788292,550.16,586.9,0.9374,large,1
train,2025_1202_113918_360_JPG,Ampullariidae,640,640,471.5,544.0,256496.0,0.626211,471.5,544.0,0.8667,large,1
train,2025_1202_113932_360_JPG,Ampullariidae,640,640,470.0,556.5,261555.0,0.638562,470.0,556.5,0.8446,large,1
train,2025_1202_114127_360_JPG,Ampullariidae,640,640,470.0,582.0,273540.0,0.667822,470.0,582.0,0.8076,large,1
train,2025_1202_114134_360_JPG,Ampullariidae,640,640,451.0,590.5,266315.5,0.650184,451.0,590.5,0.7638,large,1
train,2025_1202_114148_360_JPG,Ampullariidae,640,640,458.5,603.0,276475.5,0.674989,458.5,603.0,0.7604,large,1
train,2025_1202_114305_360_JPG,Ampullariidae,640,640,454.0,603.0,273762.0,0.668364,454.0,603.0,0.7529,large,1
train,2025_1202_114326_360_JPG,Ampullariidae,640,640,458.5,619.0,283811.5,0.692899,458.5,619.0,0.7407,large,1
train,2025_1202_114340_360_JPG,Ampullariidae,640,640,468.5,592.5,277586.25,0.677701,468.5,592.5,0.7907,large,1
train,2025_1202_114449_360_JPG,Ampullariidae,640,640,638.3,617.0,393828.81,0.961496,617.0,638.3,1.0345,large,1
train,2025_1202_114516_360_JPG,Ampullariidae,640,640,493.5,588.5,290424.75,0.709045,493.5,588.5,0.8386,large,1
train,2025_1202_114558_360_JPG,Ampullariidae,640,640,508.0,544.0,276352.0,0.674687,508.0,544.0,0.9338,large,1
train,2025_1202_114654_360_JPG,Ampullariidae,640,640,424.0,635.0,269240.0,0.657324,424.0,635.0,0.6677,large,1
train,2025_1202_114701_360_JPG,Ampullariidae,640,640,451.0,630.5,284355.5,0.694227,451.0,630.5,0.7153,large,1
train,2025_1202_114709_360_JPG,Ampullariidae,640,640,444.5,640.0,284480.0,0.694531,444.5,640.0,0.6945,large,1
train,2025_1202_114911_360_JPG,Ampullariidae,640,640,512.5,582.0,298275.0,0.72821,512.5,582.0,0.8806,large,1
valid,2025_0519_104935_669_JPG,Belostomatidae,640,640,611.0,499.5,305194.5,0.745104,499.5,611.0,1.2232,large,1
valid,2025_0519_104938_670_JPG,Belostomatidae,640,640,568.96,639.69,363959.29,0.888572,568.96,639.69,0.8894,large,1
valid,2025_0519_104958_671_JPG,Belostomatidae,640,640,590.5,480.5,283735.25,0.692713,480.5,590.5,1.2289,large,1
valid,2025_0519_105001_672_JPG,Belostomatidae,640,640,625.5,503.5,314939.25,0.768895,503.5,625.5,1.2423,large,1
valid,2025_0519_105005_673_JPG,Belostomatidae,640,640,600.0,520.5,312300.0,0.762451,520.5,600.0,1.1527,large,1
valid,2025_0519_105058_676_JPG,Belostomatidae,640,640,578.0,550.5,318189.0,0.776829,550.5,578.0,1.05,large,1
valid,2025_0519_105105_678_JPG,Belostomatidae,640,640,598.5,588.5,352217.25,0.859905,588.5,598.5,1.017,large,1
valid,2025_0519_110629_757_JPG,Belostomatidae,640,640,640.0,582.0,372480.0,0.909375,582.0,640.0,1.0997,large,1
valid,2025_0519_110639_760_JPG,Belostomatidae,640,640,640.0,565.0,361600.0,0.882812,565.0,640.0,1.1327,large,1
valid,2025_0519_110733_765_JPG,Belostomatidae,640,640,635.0,539.5,342582.5,0.836383,539.5,635.0,1.177,large,1
valid,2025_0519_111620_809_JPG,Belostomatidae,640,640,635.0,588.5,373697.5,0.912347,588.5,635.0,1.079,large,1
valid,2025_0519_112133_839_JPG,Belostomatidae,640,640,637.0,607.5,386977.5,0.944769,607.5,637.0,1.0486,large,1
valid,2025_0519_112143_841_JPG,Belostomatidae,640,640,640.0,586.0,375040.0,0.915625,586.0,640.0,1.0922,large,1
valid,2025_0519_112150_843_JPG,Belostomatidae,640,640,636.5,590.5,375853.25,0.91761,590.5,636.5,1.0779,large,1
valid,2025_0519_113028_879_JPG,Belostomatidae,640,640,640.0,640.0,409600.0,1.0,640.0,640.0,1.0,large,1
valid,2025_0519_113040_880_JPG,Belostomatidae,640,640,637.0,640.0,407680.0,0.995313,637.0,640.0,0.9953,large,1
valid,2025_0519_113044_881_JPG,Belostomatidae,640,640,640.0,640.0,409600.0,1.0,640.0,640.0,1.0,large,1
valid,2025_0519_113100_886_JPG,Belostomatidae,640,640,640.0,640.0,409600.0,1.0,640.0,640.0,1.0,large,1
valid,2025_0519_113103_887_JPG,Belostomatidae,640,640,635.0,636.0,403860.0,0.985986,635.0,636.0,0.9984,large,1
valid,2025_0519_115639_985_JPG,Belostomatidae,640,640,639.73,617.96,395331.51,0.965165,617.96,639.73,1.0352,large,1
valid,2025_0521_095049_141_JPG,Planorbidae,640,640,420.5,573.5,241156.75,0.588762,420.5,573.5,0.7332,large,1
valid,2025_0521_095118_142_JPG,Planorbidae,640,640,412.5,556.5,229556.25,0.56044,412.5,556.5,0.7412,large,1
valid,2025_0521_112408_326_JPG,Planorbidae,640,640,454.0,631.5,286701.0,0.699954,454.0,631.5,0.7189,large,1
valid,2025_0521_112411_327_JPG,Planorbidae,640,640,439.5,620.0,272490.0,0.665259,439.5,620.0,0.7089,large,1
valid,2025_0521_112428_332_JPG,Planorbidae,640,640,438.0,569.5,249441.0,0.608987,438.0,569.5,0.7691,large,1
valid,2025_0521_112510_333_JPG,Planorbidae,640,640,446.0,558.5,249091.0,0.608132,446.0,558.5,0.7986,large,1
valid,2025_0521_123205_561_JPG,Planorbidae,640,640,455.5,554.5,252574.75,0.616638,455.5,554.5,0.8215,large,1
valid,2025_0521_123230_567_JPG,Planorbidae,640,640,490.5,597.0,292828.5,0.714913,490.5,597.0,0.8216,large,1
valid,2025_0521_123319_574_JPG,Planorbidae,640,640,505.0,584.0,294920.0,0.72002,505.0,584.0,0.8647,large,1
valid,2025_0521_123401_581_JPG,Planorbidae,640,640,490.5,565.0,277132.5,0.676593,490.5,565.0,0.8681,large,1
valid,2025_0521_123415_584_JPG,Planorbidae,640,640,593.76,541.89,321753.55,0.785531,541.89,593.76,1.0957,large,1
valid,2025_0521_123419_585_JPG,Planorbidae,640,640,637.29,578.41,368612.61,0.899933,578.41,637.29,1.1018,large,1
valid,2025_0521_123430_588_JPG,Planorbidae,640,640,638.27,601.0,383598.27,0.936519,601.0,638.27,1.062,large,1
valid,2025_0521_123459_592_JPG,Planorbidae,640,640,430.0,611.5,262945.0,0.641956,430.0,611.5,0.7032,large,1
valid,2025_0521_123506_594_JPG,Planorbidae,640,640,438.0,609.5,266961.0,0.65176,438.0,609.5,0.7186,large,1
valid,2025_0521_123509_595_JPG,Planorbidae,640,640,430.0,616.0,264880.0,0.64668,430.0,616.0,0.6981,large,1
valid,2025_0521_123513_596_JPG,Planorbidae,640,640,425.5,616.0,262108.0,0.639912,425.5,616.0,0.6907,large,1
valid,2025_0521_123525_599_JPG,Planorbidae,640,640,427.0,614.0,262178.0,0.640083,427.0,614.0,0.6954,large,1
valid,2025_0521_123538_601_JPG,Planorbidae,640,640,435.0,609.5,265132.5,0.647296,435.0,609.5,0.7137,large,1
valid,2025_0521_123628_610_JPG,Planorbidae,640,640,522.74,638.98,334019.72,0.815478,522.74,638.98,0.8181,large,1
valid,2025_0521_123702_613_JPG,Planorbidae,640,640,585.96,639.11,374495.44,0.914296,585.96,639.11,0.9168,large,1
valid,2025_0521_123756_623_JPG,Planorbidae,640,640,446.0,611.5,272729.0,0.665842,446.0,611.5,0.7294,large,1
valid,2025_0521_123759_624_JPG,Planorbidae,640,640,455.5,640.0,291520.0,0.711719,455.5,640.0,0.7117,large,1
valid,2025_0521_123806_626_JPG,Planorbidae,640,640,458.5,638.0,292523.0,0.714167,458.5,638.0,0.7187,large,1
valid,2025_0521_123812_628_JPG,Planorbidae,640,640,420.5,586.0,246413.0,0.601594,420.5,586.0,0.7176,large,1
valid,2025_0521_124145_645_JPG,Planorbidae,640,640,595.19,638.9,380266.02,0.928384,595.19,638.9,0.9316,large,1
valid,2025_0521_124202_649_JPG,Planorbidae,640,640,497.0,582.0,289254.0,0.706187,497.0,582.0,0.854,large,1
valid,2025_0521_124250_659_JPG,Planorbidae,640,640,524.0,637.0,333788.0,0.814912,524.0,637.0,0.8226,large,1
valid,2025_0521_124253_660_JPG,Planorbidae,640,640,517.5,620.0,320850.0,0.783325,517.5,620.0,0.8347,large,1
valid,2025_0521_124316_661_JPG,Planorbidae,640,640,537.44,639.41,343649.94,0.838989,537.44,639.41,0.8405,large,1
valid,2025_0521_124404_669_JPG,Planorbidae,640,640,637.21,579.22,369088.98,0.901096,579.22,637.21,1.1001,large,1
valid,2025_0521_124407_670_JPG,Planorbidae,640,640,435.0,640.0,278400.0,0.679688,435.0,640.0,0.6797,large,1
valid,2025_0521_124424_675_JPG,Planorbidae,640,640,504.21,634.92,320135.32,0.78158,504.21,634.92,0.7941,large,1
valid,2025_0526_105044_876_JPG,Dytiscidae,640,640,512.5,601.0,308012.5,0.751984,512.5,601.0,0.8527,large,1
valid,2025_0526_105131_880_JPG,Dytiscidae,640,640,530.0,618.0,327540.0,0.799658,530.0,618.0,0.8576,large,1
valid,2025_0526_105154_887_JPG,Dytiscidae,640,640,524.0,599.0,313876.0,0.766299,524.0,599.0,0.8748,large,1
valid,2025_0526_110747_936_JPG,Dytiscidae,640,640,640.0,640.0,409600.0,1.0,640.0,640.0,1.0,large,1
valid,2025_0526_112810_113_JPG,Dytiscidae,640,640,640.0,640.0,409600.0,1.0,640.0,640.0,1.0,large,1
valid,2025_0526_112827_118_JPG,Dytiscidae,640,640,633.5,523.0,331320.5,0.808888,523.0,633.5,1.2113,large,1
valid,2025_0526_120237_303_JPG,Dytiscidae,640,640,640.0,640.0,409600.0,1.0,640.0,640.0,1.0,large,1
valid,2025_0526_120247_306_JPG,Dytiscidae,640,640,587.5,594.5,349268.75,0.852707,587.5,594.5,0.9882,large,1
valid,2025_0526_120251_307_JPG,Dytiscidae,640,640,586.5,587.5,344568.75,0.841232,586.5,587.5,0.9983,large,1
valid,2025_0526_120254_308_JPG,Dytiscidae,640,640,640.0,640.0,409600.0,1.0,640.0,640.0,1.0,large,1
valid,2025_0526_120324_311_JPG,Dytiscidae,640,640,633.0,630.0,398790.0,0.973608,630.0,633.0,1.0048,large,1
valid,2025_0526_120419_320_JPG,Dytiscidae,640,640,633.0,639.84,405021.53,0.988822,633.0,639.84,0.9893,large,1
valid,2025_0526_120440_323_JPG,Dytiscidae,640,640,635.0,620.0,393700.0,0.961182,620.0,635.0,1.0242,large,1
valid,2025_0526_120537_331_JPG,Dytiscidae,640,640,635.0,598.5,380047.5,0.92785,598.5,635.0,1.061,large,1
valid,2025_0526_120629_336_JPG,Dytiscidae,640,640,614.5,616.0,378532.0,0.92415,614.5,616.0,0.9976,large,1
valid,2025_0526_120700_340_JPG,Dytiscidae,640,640,607.0,612.0,371484.0,0.906943,607.0,612.0,0.9918,large,1
valid,2025_0526_121343_357_JPG,Dytiscidae,640,640,610.0,613.5,374235.0,0.91366,610.0,613.5,0.9943,large,1
valid,2025_0526_121559_372_JPG,Dytiscidae,640,640,640.0,640.0,409600.0,1.0,640.0,640.0,1.0,large,1
valid,2025_0526_121643_375_JPG,Dytiscidae,640,640,640.0,640.0,409600.0,1.0,640.0,640.0,1.0,large,1
valid,2025_0526_121650_377_JPG,Dytiscidae,640,640,640.0,640.0,409600.0,1.0,640.0,640.0,1.0,large,1
valid,2025_0526_121653_378_JPG,Dytiscidae,640,640,640.0,633.0,405120.0,0.989062,633.0,640.0,1.0111,large,1
valid,2025_0526_121725_384_JPG,Dytiscidae,640,640,637.0,621.0,395577.0,0.965764,621.0,637.0,1.0258,large,1
valid,2025_0526_121736_386_JPG,Dytiscidae,640,640,632.0,611.5,386468.0,0.943525,611.5,632.0,1.0335,large,1
valid,2025_0526_123920_471_JPG,Dytiscidae,640,640,605.5,629.5,381162.25,0.930572,605.5,629.5,0.9619,large,1
valid,2025_0528_100958_659_JPG,Chironomidae,640,640,632.5,253.5,160338.75,0.391452,253.5,632.5,2.4951,large,1
valid,2025_0528_103108_781_JPG,Chironomidae,640,640,640.0,271.0,173440.0,0.423438,271.0,640.0,2.3616,large,1
valid,2025_0528_103112_782_JPG,Chironomidae,640,640,640.0,256.0,163840.0,0.4,256.0,640.0,2.5,large,1
valid,2025_0528_103123_785_JPG,Chironomidae,640,640,640.0,260.5,166720.0,0.407031,260.5,640.0,2.4568,large,1
valid,2025_0528_103126_786_JPG,Chironomidae,640,640,640.0,237.0,151680.0,0.370312,237.0,640.0,2.7004,large,1
valid,2025_0528_103133_788_JPG,Chironomidae,640,640,640.0,258.0,165120.0,0.403125,258.0,640.0,2.4806,large,1
valid,2025_0528_103137_789_JPG,Chironomidae,640,640,637.0,241.5,153835.5,0.375575,241.5,637.0,2.6377,large,1
valid,2025_0528_113110_915_JPG,Chironomidae,640,640,274.44,605.0,166038.89,0.405368,274.44,605.0,0.4536,large,3
valid,2025_0528_113110_915_JPG,Chironomidae,640,640,356.22,640.0,227982.22,0.556597,356.22,640.0,0.5566,large,3
valid,2025_0528_113110_915_JPG,Chironomidae,640,640,288.47,616.0,177695.47,0.433827,288.47,616.0,0.4683,large,3
valid,2025_0528_114200_973_JPG,Chironomidae,640,640,618.0,253.37,156582.89,0.382282,253.37,618.0,2.4391,large,3
valid,2025_0528_114200_973_JPG,Chironomidae,640,640,494.87,277.7,137426.31,0.335513,277.7,494.87,1.782,large,3
valid,2025_0528_114200_973_JPG,Chironomidae,640,640,598.47,256.37,153429.12,0.374583,256.37,598.47,2.3344,large,3
valid,2025_0528_114214_976_JPG,Chironomidae,640,640,595.0,192.5,114537.5,0.279633,192.5,595.0,3.0909,large,3
valid,2025_0528_114214_976_JPG,Chironomidae,640,640,468.5,194.5,91123.25,0.222469,194.5,468.5,2.4087,large,3
valid,2025_0528_114214_976_JPG,Chironomidae,640,640,571.5,207.5,118586.25,0.289517,207.5,571.5,2.7542,large,3
valid,2025_0528_114327_991_JPG,Chironomidae,640,640,603.0,137.0,82611.0,0.201687,137.0,603.0,4.4015,large,3
valid,2025_0528_114327_991_JPG,Chironomidae,640,640,446.5,117.0,52240.5,0.12754,117.0,446.5,3.8162,large,3
valid,2025_0528_114327_991_JPG,Chironomidae,640,640,575.5,107.0,61578.5,0.150338,107.0,575.5,5.3785,large,3
valid,2025_0528_115007_116_JPG,Chironomidae,640,640,629.0,150.0,94350.0,0.230347,150.0,629.0,4.1933,large,1
valid,2025_0528_115045_121_JPG,Chironomidae,640,640,632.48,390.41,246925.46,0.602845,390.41,632.48,1.6201,large,1
valid,2025_0528_120350_179_JPG,Chironomidae,640,640,590.5,261.0,154120.5,0.376271,261.0,590.5,2.2625,large,1
valid,2025_0528_131319_365_JPG,Chironomidae,640,640,602.5,120.0,72300.0,0.176514,120.0,602.5,5.0208,large,3
valid,2025_0528_131319_365_JPG,Chironomidae,640,640,549.0,122.5,67252.5,0.164191,122.5,549.0,4.4816,large,3
valid,2025_0528_131319_365_JPG,Chironomidae,640,640,615.5,167.5,103096.25,0.2517,167.5,615.5,3.6746,large,3
valid,2025_0529_103747_541_JPG,Coenagrionidae,640,640,628.6,402.96,253302.52,0.618414,402.96,628.6,1.5599,large,1
valid,2025_0529_121759_751_JPG,Coenagrionidae,640,640,638.68,509.22,325230.8,0.794021,509.22,638.68,1.2542,large,1
valid,2025_0529_121828_759_JPG,Coenagrionidae,640,640,637.0,416.0,264992.0,0.646953,416.0,637.0,1.5312,large,1
valid,2025_0529_121909_763_JPG,Coenagrionidae,640,640,598.0,640.0,382720.0,0.934375,598.0,640.0,0.9344,large,1
valid,2025_0529_121919_766_JPG,Coenagrionidae,640,640,640.0,510.5,326720.0,0.797656,510.5,640.0,1.2537,large,1
valid,2025_0529_121929_768_JPG,Coenagrionidae,640,640,635.0,501.0,318135.0,0.776697,501.0,635.0,1.2675,large,1
valid,2025_0529_122139_786_JPG,Coenagrionidae,640,640,636.0,477.0,303372.0,0.740654,477.0,636.0,1.3333,large,1
valid,2025_0529_122249_793_JPG,Coenagrionidae,640,640,634.5,454.5,288380.25,0.704053,454.5,634.5,1.396,large,1
valid,2025_0529_122256_795_JPG,Coenagrionidae,640,640,637.0,458.5,292064.5,0.713048,458.5,637.0,1.3893,large,1
valid,2025_0529_124252_874_JPG,Coenagrionidae,640,640,622.5,556.5,346421.25,0.845755,556.5,622.5,1.1186,large,1
valid,2025_0529_135901_318_JPG,Coenagrionidae,640,640,620.0,340.0,210800.0,0.514648,340.0,620.0,1.8235,large,2
valid,2025_0529_135901_318_JPG,Coenagrionidae,640,640,572.0,317.0,181324.0,0.442686,317.0,572.0,1.8044,large,2
valid,2025_0529_135924_324_JPG,Coenagrionidae,640,640,568.5,313.0,177940.5,0.434425,313.0,568.5,1.8163,large,2
valid,2025_0529_135924_324_JPG,Coenagrionidae,640,640,631.0,350.0,220850.0,0.539185,350.0,631.0,1.8029,large,2
valid,2025_0529_143234_448_JPG,Coenagrionidae,640,640,547.5,317.5,173831.25,0.424393,317.5,547.5,1.7244,large,2
valid,2025_0529_143234_448_JPG,Coenagrionidae,640,640,640.0,321.5,205760.0,0.502344,321.5,640.0,1.9907,large,2
valid,2025_0529_143403_457_JPG,Coenagrionidae,640,640,640.0,355.5,227520.0,0.555469,355.5,640.0,1.8003,large,2
valid,2025_0529_143403_457_JPG,Coenagrionidae,640,640,555.5,313.0,173871.5,0.424491,313.0,555.5,1.7748,large,2
valid,2025_0529_143407_458_JPG,Coenagrionidae,640,640,554.0,330.0,182820.0,0.446338,330.0,554.0,1.6788,large,2
valid,2025_0529_143407_458_JPG,Coenagrionidae,640,640,628.5,357.5,224688.75,0.548557,357.5,628.5,1.758,large,2
valid,2025_0529_143423_461_JPG,Coenagrionidae,640,640,302.0,556.0,167912.0,0.409941,302.0,556.0,0.5432,large,2
valid,2025_0529_143423_461_JPG,Coenagrionidae,640,640,350.0,637.8,223230.0,0.544995,350.0,637.8,0.5488,large,2
valid,2025_0529_143431_462_JPG,Coenagrionidae,640,640,329.94,581.0,191695.57,0.468007,329.94,581.0,0.5679,large,2
valid,2025_0529_143431_462_JPG,Coenagrionidae,640,640,429.19,623.73,267697.11,0.653557,429.19,623.73,0.6881,large,2
valid,2025_0529_143434_463_JPG,Coenagrionidae,640,640,549.0,313.0,171837.0,0.419524,313.0,549.0,1.754,large,2
valid,2025_0529_143434_463_JPG,Coenagrionidae,640,640,628.5,326.0,204891.0,0.500222,326.0,628.5,1.9279,large,2
valid,2025_0602_130445_751_JPG,Physidae,640,640,462.0,603.0,278586.0,0.680142,462.0,603.0,0.7662,large,1
valid,2025_0602_130453_753_JPG,Physidae,640,640,457.0,597.0,272829.0,0.666086,457.0,597.0,0.7655,large,1
valid,2025_0602_131200_833_JPG,Physidae,640,640,581.0,431.5,250701.5,0.612064,431.5,581.0,1.3465,large,1
valid,2025_0602_131211_836_JPG,Physidae,640,640,587.5,415.0,243812.5,0.595245,415.0,587.5,1.4157,large,1
valid,2025_0602_131257_846_JPG,Physidae,640,640,498.5,503.5,250994.75,0.61278,498.5,503.5,0.9901,large,1
valid,2025_0602_134628_929_JPG,Physidae,640,640,225.5,226.5,51075.75,0.124697,225.5,226.5,0.9956,large,4
valid,2025_0602_134628_929_JPG,Physidae,640,640,216.0,209.5,45252.0,0.110479,209.5,216.0,1.031,large,4
valid,2025_0602_134628_929_JPG,Physidae,640,640,190.5,180.0,34290.0,0.083716,180.0,190.5,1.0583,large,4
valid,2025_0602_134628_929_JPG,Physidae,640,640,278.0,273.0,75894.0,0.185288,273.0,278.0,1.0183,large,4
valid,2025_0602_134636_931_JPG,Physidae,640,640,225.5,228.5,51526.75,0.125798,225.5,228.5,0.9869,large,4
valid,2025_0602_134636_931_JPG,Physidae,640,640,212.5,230.5,48981.25,0.119583,212.5,230.5,0.9219,large,4
valid,2025_0602_134636_931_JPG,Physidae,640,640,187.5,188.5,35343.75,0.086288,187.5,188.5,0.9947,large,4
valid,2025_0602_134636_931_JPG,Physidae,640,640,290.5,292.0,84826.0,0.207095,290.5,292.0,0.9949,large,4
valid,2025_0602_134639_932_JPG,Physidae,640,640,280.87,311.53,87499.33,0.213621,280.87,311.53,0.9016,large,4
valid,2025_0602_134639_932_JPG,Physidae,640,640,295.33,229.57,67799.78,0.165527,229.57,295.33,1.2865,large,4
valid,2025_0602_134639_932_JPG,Physidae,640,640,263.0,222.47,58510.68,0.142848,222.47,263.0,1.1822,large,4
valid,2025_0602_134639_932_JPG,Physidae,640,640,293.73,346.28,101714.41,0.248326,293.73,346.28,0.8483,large,4
valid,2025_0602_140515_996_JPG,Physidae,640,640,209.5,205.5,43052.25,0.105108,205.5,209.5,1.0195,large,4
valid,2025_0602_140515_996_JPG,Physidae,640,640,281.0,237.0,66597.0,0.16259,237.0,281.0,1.1857,large,4
valid,2025_0602_140515_996_JPG,Physidae,640,640,176.0,178.0,31328.0,0.076484,176.0,178.0,0.9888,large,4
valid,2025_0602_140515_996_JPG,Physidae,640,640,290.5,294.0,85407.0,0.208513,290.5,294.0,0.9881,large,4
valid,2025_0602_140519_997_JPG,Physidae,640,640,200.0,188.5,37700.0,0.092041,188.5,200.0,1.061,large,4
valid,2025_0602_140519_997_JPG,Physidae,640,640,287.5,233.0,66987.5,0.163544,233.0,287.5,1.2339,large,4
valid,2025_0602_140519_997_JPG,Physidae,640,640,189.0,194.5,36760.5,0.089747,189.0,194.5,0.9717,large,4
valid,2025_0602_140519_997_JPG,Physidae,640,640,292.0,288.0,84096.0,0.205313,288.0,292.0,1.0139,large,4
valid,2025_0604_110350_398_JPG,Noteridae,640,640,466.5,374.5,174704.25,0.426524,374.5,466.5,1.2457,large,1
valid,2025_0604_110436_405_JPG,Noteridae,640,640,449.0,431.5,193743.5,0.473007,431.5,449.0,1.0406,large,1
valid,2025_0604_110501_409_JPG,Noteridae,640,640,533.29,581.53,310125.27,0.757142,533.29,581.53,0.917,large,1
valid,2025_0604_111136_462_JPG,Noteridae,640,640,455.5,457.0,208163.5,0.508212,455.5,457.0,0.9967,large,1
valid,2025_0604_111211_468_JPG,Noteridae,640,640,570.64,517.42,295264.12,0.72086,517.42,570.64,1.1029,large,1
valid,2025_0604_111221_469_JPG,Noteridae,640,640,518.06,561.3,290786.66,0.709928,518.06,561.3,0.923,large,1
valid,2025_0604_113114_547_JPG,Noteridae,640,640,524.0,419.0,219556.0,0.536025,419.0,524.0,1.2506,large,1
valid,2025_0604_113118_548_JPG,Noteridae,640,640,619.99,569.94,353354.82,0.862683,569.94,619.99,1.0878,large,1
valid,2025_0604_113122_549_JPG,Noteridae,640,640,522.0,385.0,200970.0,0.490649,385.0,522.0,1.3558,large,1
valid,2025_0604_113126_550_JPG,Noteridae,640,640,519.0,396.0,205524.0,0.501768,396.0,519.0,1.3106,large,1
valid,2025_0604_113148_555_JPG,Noteridae,640,640,519.0,406.5,210973.5,0.515072,406.5,519.0,1.2768,large,1
valid,2025_0604_113152_556_JPG,Noteridae,640,640,517.5,440.0,227700.0,0.555908,440.0,517.5,1.1761,large,1
valid,2025_0604_113211_558_JPG,Noteridae,640,640,531.5,429.5,228279.25,0.557322,429.5,531.5,1.2375,large,1
valid,2025_0604_114757_637_JPG,Noteridae,640,640,639.59,632.7,404667.92,0.987959,632.7,639.59,1.0109,large,1
valid,2025_0604_114807_639_JPG,Noteridae,640,640,536.5,453.0,243034.5,0.593346,453.0,536.5,1.1843,large,1
valid,2025_0604_114812_640_JPG,Noteridae,640,640,542.0,596.0,323032.0,0.788652,542.0,596.0,0.9094,large,1
valid,2025_0604_114816_641_JPG,Noteridae,640,640,631.38,638.37,403052.87,0.984016,631.38,638.37,0.989,large,1
valid,2025_0604_114834_645_JPG,Noteridae,640,640,539.5,451.0,243314.5,0.59403,451.0,539.5,1.1962,large,1
valid,2025_0604_114929_650_JPG,Noteridae,640,640,539.5,434.0,234143.0,0.571638,434.0,539.5,1.2431,large,1
valid,2025_0604_123254_708_JPG,Noteridae,640,640,514.5,410.5,211202.25,0.51563,410.5,514.5,1.2533,large,1
valid,2025_0604_123259_709_JPG,Noteridae,640,640,519.0,431.5,223948.5,0.546749,431.5,519.0,1.2028,large,1
valid,2025_0604_123308_711_JPG,Noteridae,640,640,593.39,512.02,303830.19,0.741773,512.02,593.39,1.1589,large,1
valid,2025_0604_123348_716_JPG,Noteridae,640,640,516.0,501.5,258774.0,0.631772,501.5,516.0,1.0289,large,1
valid,2025_0604_123353_717_JPG,Noteridae,640,640,511.0,510.0,260610.0,0.636255,510.0,511.0,1.002,large,1
valid,2025_0604_123401_719_JPG,Noteridae,640,640,516.0,489.0,252324.0,0.616025,489.0,516.0,1.0552,large,1
valid,2025_0604_131441_781_JPG,Noteridae,640,640,412.44,435.43,179590.53,0.438453,412.44,435.43,0.9472,large,2
valid,2025_0604_131441_781_JPG,Noteridae,640,640,287.71,435.4,125269.42,0.305834,287.71,435.4,0.6608,large,2
valid,2025_0605_105219_114_JPG,Hirudinidae,640,640,634.13,268.22,170088.65,0.415255,268.22,634.13,2.3642,large,1
valid,2025_0605_105223_115_JPG,Hirudinidae,640,640,636.0,187.0,118932.0,0.290361,187.0,636.0,3.4011,large,1
valid,2025_0605_105232_117_JPG,Hirudinidae,640,640,631.5,181.5,114617.25,0.279827,181.5,631.5,3.4793,large,1
valid,2025_0605_105302_119_JPG,Hirudinidae,640,640,592.5,374.0,221595.0,0.541003,374.0,592.5,1.5842,large,1
valid,2025_0605_105306_120_JPG,Hirudinidae,640,640,588.5,368.0,216568.0,0.52873,368.0,588.5,1.5992,large,1
valid,2025_0605_105310_121_JPG,Hirudinidae,640,640,596.5,372.0,221898.0,0.541743,372.0,596.5,1.6035,large,1
valid,2025_0605_105315_122_JPG,Hirudinidae,640,640,539.48,638.6,344512.87,0.841096,539.48,638.6,0.8448,large,1
valid,2025_0605_105337_125_JPG,Hirudinidae,640,640,608.5,354.0,215409.0,0.525901,354.0,608.5,1.7189,large,1
valid,2025_0605_105346_127_JPG,Hirudinidae,640,640,617.5,346.0,213655.0,0.521619,346.0,617.5,1.7847,large,1
valid,2025_0605_105441_130_JPG,Hirudinidae,640,640,633.0,194.0,122802.0,0.29981,194.0,633.0,3.2629,large,1
valid,2025_0605_105454_133_JPG,Hirudinidae,640,640,634.0,204.5,129653.0,0.316536,204.5,634.0,3.1002,large,1
valid,2025_0605_105508_135_JPG,Hirudinidae,640,640,608.5,360.0,219060.0,0.534814,360.0,608.5,1.6903,large,1
valid,2025_0605_105521_138_JPG,Hirudinidae,640,640,604.0,358.0,216232.0,0.52791,358.0,604.0,1.6872,large,1
valid,2025_0605_105535_140_JPG,Hirudinidae,640,640,600.0,363.0,217800.0,0.531738,363.0,600.0,1.6529,large,1
valid,2025_0605_114940_356_JPG,Hirudinidae,640,640,359.96,639.16,230074.99,0.561707,359.96,639.16,0.5632,large,1
valid,2025_0605_114956_357_JPG,Hirudinidae,640,640,631.5,199.5,125984.25,0.307579,199.5,631.5,3.1654,large,1
valid,2025_0605_115033_362_JPG,Hirudinidae,640,640,595.0,376.0,223720.0,0.546191,376.0,595.0,1.5824,large,1
valid,2025_0605_115128_367_JPG,Hirudinidae,640,640,603.0,387.0,233361.0,0.569729,387.0,603.0,1.5581,large,1
valid,2025_0606_101715_532_JPG,Libellulidae,640,640,624.22,640.0,399502.22,0.975347,624.22,640.0,0.9753,large,1
valid,2025_0606_101721_533_JPG,Libellulidae,640,640,637.0,611.84,389744.91,0.951526,611.84,637.0,1.0411,large,1
valid,2025_0606_101725_534_JPG,Libellulidae,640,640,640.0,634.64,406167.7,0.99162,634.64,640.0,1.0085,large,1
valid,2025_0606_101734_536_JPG,Libellulidae,640,640,628.5,551.0,346303.5,0.845468,551.0,628.5,1.1407,large,1
valid,2025_0606_101739_537_JPG,Libellulidae,640,640,625.0,566.0,353750.0,0.863647,566.0,625.0,1.1042,large,1
valid,2025_0606_111006_709_JPG,Libellulidae,640,640,621.5,600.5,373210.75,0.911159,600.5,621.5,1.035,large,1
valid,2025_0606_111010_710_JPG,Libellulidae,640,640,617.5,602.0,371735.0,0.907556,602.0,617.5,1.0257,large,1
valid,2025_0606_111024_713_JPG,Libellulidae,640,640,618.5,586.0,362441.0,0.884866,586.0,618.5,1.0555,large,1
valid,2025_0606_111819_770_JPG,Libellulidae,640,640,640.0,640.0,409600.0,1.0,640.0,640.0,1.0,large,1
valid,2025_0609_102325_987_JPG,Notonectidae,640,640,457.0,510.0,233070.0,0.569019,457.0,510.0,0.8961,large,1
valid,2025_0609_102340_989_JPG,Notonectidae,640,640,507.09,586.45,297383.22,0.726033,507.09,586.45,0.8647,large,1
valid,2025_0609_111832_194_JPG,Notonectidae,640,640,571.5,506.0,289179.0,0.706003,506.0,571.5,1.1294,large,1
valid,2025_0609_111841_196_JPG,Notonectidae,640,640,639.78,630.0,403060.0,0.984033,630.0,639.78,1.0155,large,1
valid,2025_0609_111846_197_JPG,Notonectidae,640,640,570.0,508.0,289560.0,0.706934,508.0,570.0,1.122,large,1
valid,2025_0609_111907_201_JPG,Notonectidae,640,640,558.5,501.5,280087.75,0.683808,501.5,558.5,1.1137,large,1
valid,2025_0609_111932_204_JPG,Notonectidae,640,640,582.5,561.0,326782.5,0.797809,561.0,582.5,1.0383,large,1
valid,2025_0609_114506_301_JPG,Notonectidae,640,640,449.0,580.0,260420.0,0.635791,449.0,580.0,0.7741,large,1
valid,2025_0609_114538_304_JPG,Notonectidae,640,640,562.0,575.5,323431.0,0.789626,562.0,575.5,0.9765,large,1
valid,2025_0609_114542_305_JPG,Notonectidae,640,640,563.5,571.5,322040.25,0.786231,563.5,571.5,0.986,large,1
valid,2025_0609_114629_313_JPG,Notonectidae,640,640,640.0,640.0,409600.0,1.0,640.0,640.0,1.0,large,1
valid,2025_0609_114638_315_JPG,Notonectidae,640,640,563.5,550.5,310206.75,0.757341,550.5,563.5,1.0236,large,1
valid,2025_0609_114643_316_JPG,Notonectidae,640,640,568.5,548.0,311538.0,0.760591,548.0,568.5,1.0374,large,1
valid,2025_0609_114703_318_JPG,Notonectidae,640,640,555.5,575.5,319690.25,0.780494,555.5,575.5,0.9652,large,1
valid,2025_0609_114745_325_JPG,Notonectidae,640,640,563.5,594.5,335000.75,0.817873,563.5,594.5,0.9479,large,1
valid,2025_0609_114835_333_JPG,Notonectidae,640,640,571.5,580.0,331470.0,0.809253,571.5,580.0,0.9853,large,1
valid,2025_0611_112726_588_JPG,Glossiphoniidae,640,640,625.5,362.0,226431.0,0.55281,362.0,625.5,1.7279,large,1
valid,2025_0611_112731_589_JPG,Glossiphoniidae,640,640,512.19,635.07,325275.53,0.79413,512.19,635.07,0.8065,large,1
valid,2025_0611_112746_592_JPG,Glossiphoniidae,640,640,628.0,357.0,224196.0,0.547354,357.0,628.0,1.7591,large,1
valid,2025_0611_112829_596_JPG,Glossiphoniidae,640,640,612.5,455.0,278687.5,0.680389,455.0,612.5,1.3462,large,1
valid,2025_0611_112834_597_JPG,Glossiphoniidae,640,640,605.0,421.0,254705.0,0.621838,421.0,605.0,1.4371,large,1
valid,2025_0611_112849_600_JPG,Glossiphoniidae,640,640,608.0,444.5,270256.0,0.659805,444.5,608.0,1.3678,large,1
valid,2025_0611_112926_603_JPG,Glossiphoniidae,640,640,606.5,385.0,233502.5,0.570074,385.0,606.5,1.5753,large,1
valid,2025_0611_112936_605_JPG,Glossiphoniidae,640,640,612.5,372.5,228156.25,0.557022,372.5,612.5,1.6443,large,1
valid,2025_0611_112955_609_JPG,Glossiphoniidae,640,640,608.0,393.5,239248.0,0.584102,393.5,608.0,1.5451,large,1
valid,2025_0611_113010_612_JPG,Glossiphoniidae,640,640,510.74,637.07,325375.9,0.794375,510.74,637.07,0.8017,large,1
valid,2025_0611_113058_614_JPG,Glossiphoniidae,640,640,631.5,330.0,208395.0,0.508777,330.0,631.5,1.9136,large,1
valid,2025_0611_113118_618_JPG,Glossiphoniidae,640,640,635.0,338.5,214947.5,0.524774,338.5,635.0,1.8759,large,1
valid,2025_0611_113152_623_JPG,Glossiphoniidae,640,640,600.0,423.5,254100.0,0.620361,423.5,600.0,1.4168,large,1
valid,2025_0611_113157_624_JPG,Glossiphoniidae,640,640,482.11,629.01,303255.03,0.740369,482.11,629.01,0.7665,large,1
valid,2025_0611_113236_630_JPG,Glossiphoniidae,640,640,603.0,425.5,256576.5,0.626407,425.5,603.0,1.4172,large,1
valid,2025_0611_113241_631_JPG,Glossiphoniidae,640,640,608.0,419.0,254752.0,0.621953,419.0,608.0,1.4511,large,1
valid,2025_0611_115141_707_JPG,Glossiphoniidae,640,640,484.0,245.5,118822.0,0.290093,245.5,484.0,1.9715,large,2
valid,2025_0611_115141_707_JPG,Glossiphoniidae,640,640,420.5,300.5,126360.25,0.308497,300.5,420.5,1.3993,large,2
valid,2025_0611_115151_709_JPG,Glossiphoniidae,640,640,463.5,275.0,127462.5,0.311188,275.0,463.5,1.6855,large,2
valid,2025_0611_115151_709_JPG,Glossiphoniidae,640,640,412.5,290.0,119625.0,0.292053,290.0,412.5,1.4224,large,2
valid,2025_0611_115205_712_JPG,Glossiphoniidae,640,640,465.0,269.0,125085.0,0.305383,269.0,465.0,1.7286,large,2
valid,2025_0611_115205_712_JPG,Glossiphoniidae,640,640,409.5,279.5,114455.25,0.279432,279.5,409.5,1.4651,large,2
valid,2025_0708_113704_319_JPG,Ampullariidae,640,640,182.5,222.0,40515.0,0.098914,182.5,222.0,0.8221,large,3
valid,2025_0708_113704_319_JPG,Ampullariidae,640,640,192.0,237.0,45504.0,0.111094,192.0,237.0,0.8101,large,3
valid,2025_0708_113704_319_JPG,Ampullariidae,640,640,236.5,292.0,69058.0,0.168599,236.5,292.0,0.8099,large,3
valid,2025_0708_113720_320_JPG,Ampullariidae,640,640,292.58,249.4,72968.9,0.178147,249.4,292.58,1.1731,large,3
valid,2025_0708_113720_320_JPG,Ampullariidae,640,640,273.16,263.2,71894.54,0.175524,263.2,273.16,1.0378,large,3
valid,2025_0708_113720_320_JPG,Ampullariidae,640,640,342.91,318.47,109205.76,0.266616,318.47,342.91,1.0768,large,3
valid,2025_0708_113734_323_JPG,Ampullariidae,640,640,193.5,230.5,44601.75,0.108891,193.5,230.5,0.8395,large,3
valid,2025_0708_113734_323_JPG,Ampullariidae,640,640,184.0,226.5,41676.0,0.101748,184.0,226.5,0.8124,large,3
valid,2025_0708_113734_323_JPG,Ampullariidae,640,640,228.5,279.5,63865.75,0.155922,228.5,279.5,0.8175,large,3
valid,2025_0708_113800_328_JPG,Ampullariidae,640,640,290.19,251.47,72974.05,0.178159,251.47,290.19,1.1539,large,3
valid,2025_0708_113800_328_JPG,Ampullariidae,640,640,271.22,235.53,63879.87,0.155957,235.53,271.22,1.1516,large,3
valid,2025_0708_113800_328_JPG,Ampullariidae,640,640,314.22,299.74,94185.2,0.229944,299.74,314.22,1.0483,large,3
valid,2025_0708_113957_340_JPG,Ampullariidae,640,640,233.5,285.5,66664.25,0.162755,233.5,285.5,0.8179,large,3
valid,2025_0708_113957_340_JPG,Ampullariidae,640,640,184.0,228.5,42044.0,0.102646,184.0,228.5,0.8053,large,3
valid,2025_0708_113957_340_JPG,Ampullariidae,640,640,192.0,226.5,43488.0,0.106172,192.0,226.5,0.8477,large,3
valid,2025_0708_114001_341_JPG,Ampullariidae,640,640,231.5,294.0,68061.0,0.166165,231.5,294.0,0.7874,large,3
valid,2025_0708_114001_341_JPG,Ampullariidae,640,640,179.5,224.5,40297.75,0.098383,179.5,224.5,0.7996,large,3
valid,2025_0708_114001_341_JPG,Ampullariidae,640,640,192.0,226.5,43488.0,0.106172,192.0,226.5,0.8477,large,3
valid,2025_0708_114021_345_JPG,Ampullariidae,640,640,231.5,277.0,64125.5,0.156556,231.5,277.0,0.8357,large,3
valid,2025_0708_114021_345_JPG,Ampullariidae,640,640,181.0,222.0,40182.0,0.098101,181.0,222.0,0.8153,large,3
valid,2025_0708_114021_345_JPG,Ampullariidae,640,640,187.5,226.5,42468.75,0.103683,187.5,226.5,0.8278,large,3
valid,2025_0708_114038_348_JPG,Ampullariidae,640,640,238.69,207.53,49535.9,0.120937,207.53,238.69,1.1501,large,3
valid,2025_0708_114038_348_JPG,Ampullariidae,640,640,245.75,210.0,51607.11,0.125994,210.0,245.75,1.1702,large,3
valid,2025_0708_114038_348_JPG,Ampullariidae,640,640,305.05,257.87,78662.7,0.192048,257.87,305.05,1.183,large,3
valid,2025_0708_114043_349_JPG,Ampullariidae,640,640,294.08,239.27,70363.9,0.171787,239.27,294.08,1.2291,large,3
valid,2025_0708_114043_349_JPG,Ampullariidae,640,640,277.82,236.4,65676.3,0.160343,236.4,277.82,1.1752,large,3
valid,2025_0708_114043_349_JPG,Ampullariidae,640,640,348.07,259.44,90303.96,0.220469,259.44,348.07,1.3416,large,3
valid,2025_0814_114201_868_JPG,Hydrophilidae,640,640,640.0,535.41,342660.74,0.836574,535.41,640.0,1.1954,large,1
valid,2025_0814_114448_878_JPG,Hydrophilidae,640,640,612.5,467.5,286343.75,0.699081,467.5,612.5,1.3102,large,1
valid,2025_0814_114458_880_JPG,Hydrophilidae,640,640,627.0,639.23,400796.98,0.978508,627.0,639.23,0.9809,large,1
valid,2025_0814_114508_882_JPG,Hydrophilidae,640,640,614.5,476.0,292502.0,0.714116,476.0,614.5,1.291,large,1
valid,2025_0814_114513_883_JPG,Hydrophilidae,640,640,625.5,487.0,304618.5,0.743698,487.0,625.5,1.2844,large,1
valid,2025_0814_114523_885_JPG,Hydrophilidae,640,640,639.95,592.0,378849.3,0.924925,592.0,639.95,1.081,large,1
valid,2025_0814_114539_888_JPG,Hydrophilidae,640,640,612.5,459.5,281443.75,0.687119,459.5,612.5,1.333,large,1
valid,2025_0814_114706_896_JPG,Hydrophilidae,640,640,619.0,389.5,241100.5,0.588624,389.5,619.0,1.5892,large,1
valid,2025_0814_115145_910_JPG,Hydrophilidae,640,640,634.82,454.41,288467.92,0.704267,454.41,634.82,1.397,large,2
valid,2025_0814_115145_910_JPG,Hydrophilidae,640,640,617.42,243.26,150193.67,0.366684,243.26,617.42,2.5381,large,2
valid,2025_0814_125508_160_JPG,Hydrophilidae,640,640,417.5,249.5,104166.25,0.254312,249.5,417.5,1.6733,large,2
valid,2025_0814_125508_160_JPG,Hydrophilidae,640,640,630.0,302.5,190575.0,0.465271,302.5,630.0,2.0826,large,2
valid,2025_0814_125602_169_JPG,Hydrophilidae,640,640,509.21,342.93,174626.73,0.426335,342.93,509.21,1.4849,large,2
valid,2025_0814_125602_169_JPG,Hydrophilidae,640,640,640.0,392.0,250880.0,0.6125,392.0,640.0,1.6327,large,2
valid,2025_0814_125628_173_JPG,Hydrophilidae,640,640,417.5,252.0,105210.0,0.25686,252.0,417.5,1.6567,large,2
valid,2025_0814_125628_173_JPG,Hydrophilidae,640,640,633.5,300.5,190366.75,0.464763,300.5,633.5,2.1082,large,2
valid,2025_0814_125633_174_JPG,Hydrophilidae,640,640,403.0,266.5,107399.5,0.262206,266.5,403.0,1.5122,large,2
valid,2025_0814_125633_174_JPG,Hydrophilidae,640,640,636.5,307.0,195405.5,0.477064,307.0,636.5,2.0733,large,2
valid,2025_0814_125654_178_JPG,Hydrophilidae,640,640,427.0,243.5,103974.5,0.253844,243.5,427.0,1.7536,large,2
valid,2025_0814_125654_178_JPG,Hydrophilidae,640,640,636.5,285.5,181720.75,0.443654,285.5,636.5,2.2294,large,2
valid,2025_0814_125705_180_JPG,Hydrophilidae,640,640,419.0,235.0,98465.0,0.240393,235.0,419.0,1.783,large,2
valid,2025_0814_125705_180_JPG,Hydrophilidae,640,640,628.5,313.0,196720.5,0.480275,313.0,628.5,2.008,large,2
valid,2025_0827_132214_581_JPG,Gerridae,640,640,501.5,506.0,253759.0,0.619529,501.5,506.0,0.9911,large,1
valid,2025_0827_132252_588_JPG,Gerridae,640,640,506.5,499.5,252996.75,0.617668,499.5,506.5,1.014,large,1
valid,2025_0827_132353_590_JPG,Gerridae,640,640,539.16,584.96,315386.03,0.769985,539.16,584.96,0.9217,large,1
valid,2025_0827_132404_592_JPG,Gerridae,640,640,525.5,503.5,264589.25,0.64597,503.5,525.5,1.0437,large,1
valid,2025_0827_132430_597_JPG,Gerridae,640,640,619.31,596.27,369276.78,0.901555,596.27,619.31,1.0387,large,1
valid,2025_0827_150808_835_JPG,Gerridae,640,640,637.0,640.0,407680.0,0.995313,637.0,640.0,0.9953,large,1
valid,2025_0827_150819_837_JPG,Gerridae,640,640,617.5,586.0,361855.0,0.883435,586.0,617.5,1.0538,large,1
valid,2025_0827_150830_839_JPG,Gerridae,640,640,611.0,575.5,351630.5,0.858473,575.5,611.0,1.0617,large,1
valid,2025_0901_105525_873_JPG,Gerridae,640,640,592.0,542.0,320864.0,0.783359,542.0,592.0,1.0923,large,1
valid,2025_0901_112858_970_JPG,Gerridae,640,640,611.0,578.0,353158.0,0.862202,578.0,611.0,1.0571,large,1
valid,2025_0901_112906_971_JPG,Gerridae,640,640,606.5,575.5,349040.75,0.85215,575.5,606.5,1.0539,large,1
valid,2025_0901_113220_974_JPG,Gerridae,640,640,606.5,565.0,342672.5,0.836603,565.0,606.5,1.0735,large,1
valid,2025_0901_113225_975_JPG,Gerridae,640,640,605.0,582.0,352110.0,0.859644,582.0,605.0,1.0395,large,1
valid,2025_0901_113230_976_JPG,Gerridae,640,640,603.0,575.5,347026.5,0.847233,575.5,603.0,1.0478,large,1
valid,2025_0901_113236_977_JPG,Gerridae,640,640,639.59,630.0,402938.67,0.983737,630.0,639.59,1.0152,large,1
valid,2025_0901_113308_983_JPG,Gerridae,640,640,605.0,567.0,343035.0,0.837488,567.0,605.0,1.067,large,1
valid,2025_0901_114636_117_JPG,Gerridae,640,640,633.5,561.0,355393.5,0.86766,561.0,633.5,1.1292,large,1
valid,2025_0901_114708_123_JPG,Gerridae,640,640,639.75,623.0,398563.1,0.973054,623.0,639.75,1.0269,large,1
valid,2025_0901_114738_125_JPG,Gerridae,640,640,598.61,634.58,379862.96,0.9274,598.61,634.58,0.9433,large,1
valid,2025_0901_114744_126_JPG,Gerridae,640,640,573.0,512.0,293376.0,0.71625,512.0,573.0,1.1191,large,1
valid,2025_0909_121504_360_JPG,Miridae,640,640,609.96,590.37,360101.8,0.879155,590.37,609.96,1.0332,large,1
valid,2025_0909_121537_360_JPG,Miridae,640,640,481.0,491.0,236171.0,0.576589,481.0,491.0,0.9796,large,1
valid,2025_0909_122209_360_JPG,Miridae,640,640,495.0,480.5,237847.5,0.580682,480.5,495.0,1.0302,large,1
valid,2025_0909_122236_360_JPG,Miridae,640,640,514.5,491.0,252619.5,0.616747,491.0,514.5,1.0479,large,1
valid,2025_0909_122257_360_JPG,Miridae,640,640,492.0,461.5,227058.0,0.554341,461.5,492.0,1.0661,large,1
valid,2025_0909_122929_360_JPG,Miridae,640,640,587.5,582.0,341925.0,0.834778,582.0,587.5,1.0095,large,1
valid,2025_0909_123111_360_JPG,Miridae,640,640,618.74,640.0,395994.07,0.966782,618.74,640.0,0.9668,large,1
valid,2025_0909_123116_360_JPG,Miridae,640,640,640.0,640.0,409600.0,1.0,640.0,640.0,1.0,large,1
valid,2025_0909_123127_360_JPG,Miridae,640,640,614.0,638.07,391777.48,0.956488,614.0,638.07,0.9623,large,1
valid,2025_0909_123144_360_JPG,Miridae,640,640,536.5,575.5,308755.75,0.753798,536.5,575.5,0.9322,large,1
valid,2025_0909_123201_360_JPG,Miridae,640,640,538.0,580.0,312040.0,0.761816,538.0,580.0,0.9276,large,1
valid,2025_0909_123227_360_JPG,Miridae,640,640,640.0,640.0,409600.0,1.0,640.0,640.0,1.0,large,1
valid,2025_0909_123240_360_JPG,Miridae,640,640,533.5,573.5,305962.25,0.746978,533.5,573.5,0.9303,large,1
valid,2025_0909_123334_360_JPG,Miridae,640,640,558.5,563.0,314435.5,0.767665,558.5,563.0,0.992,large,1
valid,2025_0909_123357_360_JPG,Miridae,640,640,543.0,558.5,303265.5,0.740394,543.0,558.5,0.9722,large,1
valid,2025_0909_123404_360_JPG,Miridae,640,640,633.0,617.0,390561.0,0.953518,617.0,633.0,1.0259,large,1
valid,2025_0909_123421_360_JPG,Miridae,640,640,543.0,554.5,301093.5,0.735092,543.0,554.5,0.9793,large,1
valid,2025_0909_123433_360_JPG,Miridae,640,640,544.5,558.5,304103.25,0.74244,544.5,558.5,0.9749,large,1
valid,2025_0916_105656_360_JPG,Ancylidae,640,640,639.04,433.7,277155.94,0.67665,433.7,639.04,1.4735,large,1
valid,2025_0916_105723_360_JPG,Ancylidae,640,640,639.33,525.67,336076.22,0.820499,525.67,639.33,1.2162,large,1
valid,2025_0916_112049_360_JPG,Ancylidae,640,640,631.27,489.6,309068.16,0.754561,489.6,631.27,1.2894,large,1
valid,2025_0916_112105_360_JPG,Ancylidae,640,640,562.0,419.0,235478.0,0.574897,419.0,562.0,1.3413,large,1
valid,2025_0916_112116_360_JPG,Ancylidae,640,640,560.5,415.0,232607.5,0.567889,415.0,560.5,1.3506,large,1
valid,2025_0916_112122_360_JPG,Ancylidae,640,640,573.0,417.0,238941.0,0.583352,417.0,573.0,1.3741,large,1
valid,2025_0916_112135_360_JPG,Ancylidae,640,640,600.0,336.5,201900.0,0.49292,336.5,600.0,1.7831,large,1
valid,2025_0916_112313_360_JPG,Ancylidae,640,640,609.5,349.0,212715.5,0.519325,349.0,609.5,1.7464,large,1
valid,2025_0916_115204_360_JPG,Ancylidae,640,640,409.5,288.0,117936.0,0.28793,288.0,409.5,1.4219,large,2
valid,2025_0916_115204_360_JPG,Ancylidae,640,640,595.5,305.0,181627.5,0.443427,305.0,595.5,1.9525,large,2
valid,2025_0916_115209_360_JPG,Ancylidae,640,640,411.0,307.0,126177.0,0.308049,307.0,411.0,1.3388,large,2
valid,2025_0916_115209_360_JPG,Ancylidae,640,640,619.0,290.0,179510.0,0.438257,290.0,619.0,2.1345,large,2
valid,2025_0916_115215_360_JPG,Ancylidae,640,640,427.0,302.5,129167.5,0.31535,302.5,427.0,1.4116,large,2
valid,2025_0916_115215_360_JPG,Ancylidae,640,640,600.0,328.0,196800.0,0.480469,328.0,600.0,1.8293,large,2
valid,2025_0916_115303_360_JPG,Ancylidae,640,640,411.0,302.5,124327.5,0.303534,302.5,411.0,1.3587,large,2
valid,2025_0916_115303_360_JPG,Ancylidae,640,640,598.5,311.0,186133.5,0.454427,311.0,598.5,1.9244,large,2
valid,2025_0916_115341_360_JPG,Ancylidae,640,640,430.0,321.5,138245.0,0.337512,321.5,430.0,1.3375,large,2
valid,2025_0916_115341_360_JPG,Ancylidae,640,640,600.0,330.0,198000.0,0.483398,330.0,600.0,1.8182,large,2
valid,2025_0916_115410_360_JPG,Ancylidae,640,640,425.5,283.5,120629.25,0.294505,283.5,425.5,1.5009,large,2
valid,2025_0916_115410_360_JPG,Ancylidae,640,640,606.5,285.5,173155.75,0.422744,285.5,606.5,2.1243,large,2
valid,2025_0916_115432_360_JPG,Ancylidae,640,640,397.0,281.5,111755.5,0.272841,281.5,397.0,1.4103,large,2
valid,2025_0916_115432_360_JPG,Ancylidae,640,640,611.0,319.5,195214.5,0.476598,319.5,611.0,1.9124,large,2
valid,2025_0916_115448_360_JPG,Ancylidae,640,640,315.3,441.04,139057.34,0.339495,315.3,441.04,0.7149,large,2
valid,2025_0916_115448_360_JPG,Ancylidae,640,640,369.67,636.0,235108.0,0.573994,369.67,636.0,0.5812,large,2
valid,2025_0917_123330_360_JPG,Psychodidae,640,640,558.5,243.5,135994.75,0.332018,243.5,558.5,2.2936,large,1
valid,2025_0917_123341_360_JPG,Psychodidae,640,640,554.0,258.0,142932.0,0.348955,258.0,554.0,2.1473,large,1
valid,2025_0917_123404_360_JPG,Psychodidae,640,640,538.0,241.5,129927.0,0.317205,241.5,538.0,2.2277,large,1
valid,2025_0917_124920_360_JPG,Psychodidae,640,640,546.0,256.0,139776.0,0.34125,256.0,546.0,2.1328,large,1
valid,2025_0917_124926_360_JPG,Psychodidae,640,640,536.5,279.5,149951.75,0.366093,279.5,536.5,1.9195,large,1
valid,2025_0917_125008_360_JPG,Psychodidae,640,640,615.43,410.3,252513.06,0.616487,410.3,615.43,1.4999,large,1
valid,2025_0917_125014_360_JPG,Psychodidae,640,640,541.5,279.5,151349.25,0.369505,279.5,541.5,1.9374,large,1
valid,2025_0917_125054_360_JPG,Psychodidae,640,640,531.5,417.0,221635.5,0.541102,417.0,531.5,1.2746,large,1
valid,2025_0917_125116_360_JPG,Psychodidae,640,640,602.41,567.41,341810.43,0.834498,567.41,602.41,1.0617,large,1
valid,2025_0917_125136_360_JPG,Psychodidae,640,640,498.5,427.5,213108.75,0.520285,427.5,498.5,1.1661,large,1
valid,2025_0917_125201_360_JPG,Psychodidae,640,640,522.0,427.5,223155.0,0.544812,427.5,522.0,1.2211,large,1
valid,2025_0917_125206_360_JPG,Psychodidae,640,640,512.5,412.5,211406.25,0.516129,412.5,512.5,1.2424,large,1
valid,2025_0917_125236_360_JPG,Psychodidae,640,640,499.55,591.55,295506.78,0.721452,499.55,591.55,0.8445,large,1
valid,2025_0917_125309_360_JPG,Psychodidae,640,640,511.1,422.76,216075.72,0.527529,422.76,511.1,1.209,large,1
valid,2025_0917_125320_360_JPG,Psychodidae,640,640,498.5,434.0,216349.0,0.528196,434.0,498.5,1.1486,large,1
valid,2025_0917_125405_360_JPG,Psychodidae,640,640,527.0,381.0,200787.0,0.490203,381.0,527.0,1.3832,large,1
valid,2025_0917_125416_360_JPG,Psychodidae,640,640,483.65,606.56,293363.51,0.71622,483.65,606.56,0.7974,large,1
valid,2025_0917_125458_360_JPG,Psychodidae,640,640,478.0,499.5,238761.0,0.582913,478.0,499.5,0.957,large,1
valid,2025_0917_125503_360_JPG,Psychodidae,640,640,481.0,512.0,246272.0,0.60125,481.0,512.0,0.9395,large,1
valid,2025_0917_125527_360_JPG,Psychodidae,640,640,468.5,512.0,239872.0,0.585625,468.5,512.0,0.915,large,1
valid,2025_0917_125533_360_JPG,Psychodidae,640,640,471.5,495.0,233392.5,0.569806,471.5,495.0,0.9525,large,1
valid,2025_0925_123218_360_JPG,Ceratopogonidae,640,640,589.23,269.76,158947.97,0.388057,269.76,589.23,2.1843,large,1
valid,2025_0925_123225_360_JPG,Ceratopogonidae,640,640,528.5,222.0,117327.0,0.286443,222.0,528.5,2.3806,large,1
valid,2025_0925_123316_360_JPG,Ceratopogonidae,640,640,280.42,601.64,168712.39,0.411895,280.42,601.64,0.4661,large,1
valid,2025_0925_123347_360_JPG,Ceratopogonidae,640,640,520.5,199.0,103579.5,0.25288,199.0,520.5,2.6156,large,1
valid,2025_1020_111936_360_JPG,Ceratopogonidae,640,640,565.0,263.19,148699.63,0.363036,263.19,565.0,2.1468,large,3
valid,2025_1020_111936_360_JPG,Ceratopogonidae,640,640,595.0,267.41,159107.41,0.388446,267.41,595.0,2.2251,large,3
valid,2025_1020_111936_360_JPG,Ceratopogonidae,640,640,600.0,278.79,167275.56,0.408388,278.79,600.0,2.1521,large,3
valid,2025_1020_112012_360_JPG,Ceratopogonidae,640,640,615.2,271.96,167311.61,0.408476,271.96,615.2,2.2621,large,3
valid,2025_1020_112012_360_JPG,Ceratopogonidae,640,640,601.33,333.11,200310.81,0.48904,333.11,601.33,1.8052,large,3
valid,2025_1020_112012_360_JPG,Ceratopogonidae,640,640,523.53,328.52,171990.4,0.419898,328.52,523.53,1.5936,large,3
valid,2025_1020_112351_360_JPG,Ceratopogonidae,640,640,636.92,483.41,307891.13,0.751687,483.41,636.92,1.3176,large,1
valid,2025_1020_112403_360_JPG,Ceratopogonidae,640,640,638.22,329.0,209975.11,0.512635,329.0,638.22,1.9399,large,1
valid,2025_1020_115904_360_JPG,Ceratopogonidae,640,640,601.5,243.5,146465.25,0.357581,243.5,601.5,2.4702,large,1
valid,2025_1020_115917_360_JPG,Ceratopogonidae,640,640,595.0,294.0,174930.0,0.427075,294.0,595.0,2.0238,large,1
valid,2025_1020_120000_360_JPG,Ceratopogonidae,640,640,566.5,364.0,206206.0,0.503433,364.0,566.5,1.5563,large,1
valid,2025_1020_120013_360_JPG,Ceratopogonidae,640,640,566.5,404.0,228866.0,0.558755,404.0,566.5,1.4022,large,1
valid,2025_1020_120019_360_JPG,Ceratopogonidae,640,640,566.5,370.5,209888.25,0.512422,370.5,566.5,1.529,large,1
valid,2025_1020_120045_360_JPG,Ceratopogonidae,640,640,566.5,396.0,224334.0,0.54769,396.0,566.5,1.4306,large,1
valid,2025_1020_120107_360_JPG,Ceratopogonidae,640,640,600.0,497.5,298500.0,0.72876,497.5,600.0,1.206,large,1
valid,2025_1020_120127_360_JPG,Ceratopogonidae,640,640,606.5,518.5,314470.25,0.76775,518.5,606.5,1.1697,large,1
valid,2025_1020_120133_360_JPG,Ceratopogonidae,640,640,611.0,470.0,287170.0,0.701099,470.0,611.0,1.3,large,1
valid,2025_1020_120227_360_JPG,Ceratopogonidae,640,640,639.29,619.7,396169.69,0.967211,619.7,639.29,1.0316,large,1
valid,2025_1020_120240_360_JPG,Ceratopogonidae,640,640,620.5,444.5,275812.25,0.67337,444.5,620.5,1.396,large,1
valid,2025_1020_120324_360_JPG,Ceratopogonidae,640,640,634.09,415.67,263569.61,0.643481,415.67,634.09,1.5255,large,1
valid,2025_1020_120331_360_JPG,Ceratopogonidae,640,640,640.0,245.5,157120.0,0.383594,245.5,640.0,2.6069,large,1
valid,2025_1020_120427_360_JPG,Ceratopogonidae,640,640,589.0,440.0,259160.0,0.632715,440.0,589.0,1.3386,large,1
valid,2025_1020_120440_360_JPG,Ceratopogonidae,640,640,628.0,640.0,401920.0,0.98125,628.0,640.0,0.9812,large,1
valid,2025_1103_110351_360_JPG,Hyriidae,640,640,505.21,453.29,229008.26,0.559102,453.29,505.21,1.1146,large,1
valid,2025_1103_110448_360_JPG,Hyriidae,640,640,428.06,481.96,206305.54,0.503676,428.06,481.96,0.8882,large,1
valid,2025_1103_110504_360_JPG,Hyriidae,640,640,437.36,519.3,227120.97,0.554495,437.36,519.3,0.8422,large,1
valid,2025_1103_110524_360_JPG,Hyriidae,640,640,387.5,459.5,178056.25,0.434708,387.5,459.5,0.8433,large,1
valid,2025_1103_110531_360_JPG,Hyriidae,640,640,515.04,478.76,246580.66,0.602004,478.76,515.04,1.0758,large,1
valid,2025_1103_110537_360_JPG,Hyriidae,640,640,486.56,551.67,268416.48,0.655314,486.56,551.67,0.882,large,1
valid,2025_1103_123335_360_JPG,Hyriidae,640,640,224.0,305.0,68320.0,0.166797,224.0,305.0,0.7344,large,4
valid,2025_1103_123335_360_JPG,Hyriidae,640,640,187.5,233.0,43687.5,0.106659,187.5,233.0,0.8047,large,4
valid,2025_1103_123335_360_JPG,Hyriidae,640,640,214.5,313.0,67138.5,0.163912,214.5,313.0,0.6853,large,4
valid,2025_1103_123335_360_JPG,Hyriidae,640,640,195.0,269.0,52455.0,0.128064,195.0,269.0,0.7249,large,4
valid,2025_1103_123528_360_JPG,Hyriidae,640,640,254.47,260.42,66268.77,0.161789,254.47,260.42,0.9771,large,4
valid,2025_1103_123528_360_JPG,Hyriidae,640,640,353.62,254.24,89906.49,0.219498,254.24,353.62,1.3909,large,4
valid,2025_1103_123528_360_JPG,Hyriidae,640,640,308.27,244.24,75292.42,0.183819,244.24,308.27,1.2621,large,4
valid,2025_1103_123528_360_JPG,Hyriidae,640,640,300.82,275.82,82973.45,0.202572,275.82,300.82,1.0906,large,4
valid,2025_1103_123543_360_JPG,Hyriidae,640,640,220.5,315.5,69567.75,0.169843,220.5,315.5,0.6989,large,4
valid,2025_1103_123543_360_JPG,Hyriidae,640,640,201.5,271.0,54606.5,0.133317,201.5,271.0,0.7435,large,4
valid,2025_1103_123543_360_JPG,Hyriidae,640,640,222.0,298.5,66267.0,0.161785,222.0,298.5,0.7437,large,4
valid,2025_1103_123543_360_JPG,Hyriidae,640,640,192.0,237.0,45504.0,0.111094,192.0,237.0,0.8101,large,4
valid,2025_1103_123549_360_JPG,Hyriidae,640,640,216.0,305.0,65880.0,0.16084,216.0,305.0,0.7082,large,4
valid,2025_1103_123549_360_JPG,Hyriidae,640,640,181.0,241.5,43711.5,0.106718,181.0,241.5,0.7495,large,4
valid,2025_1103_123549_360_JPG,Hyriidae,640,640,217.5,307.0,66772.5,0.163019,217.5,307.0,0.7085,large,4
valid,2025_1103_123549_360_JPG,Hyriidae,640,640,195.0,239.0,46605.0,0.113782,195.0,239.0,0.8159,large,4
valid,2025_1103_123558_360_JPG,Hyriidae,640,640,276.76,354.98,98242.07,0.239849,276.76,354.98,0.7796,large,4
valid,2025_1103_123558_360_JPG,Hyriidae,640,640,276.13,274.33,75752.58,0.184943,274.33,276.13,1.0066,large,4
valid,2025_1103_123558_360_JPG,Hyriidae,640,640,253.07,382.64,96834.55,0.236412,253.07,382.64,0.6614,large,4
valid,2025_1103_123558_360_JPG,Hyriidae,640,640,268.0,275.82,73920.36,0.18047,268.0,275.82,0.9716,large,4
valid,2025_1103_123624_360_JPG,Hyriidae,640,640,231.5,296.5,68639.75,0.167578,231.5,296.5,0.7808,large,4
valid,2025_1103_123624_360_JPG,Hyriidae,640,640,208.0,241.5,50232.0,0.122637,208.0,241.5,0.8613,large,4
valid,2025_1103_123624_360_JPG,Hyriidae,640,640,192.0,252.0,48384.0,0.118125,192.0,252.0,0.7619,large,4
valid,2025_1103_123624_360_JPG,Hyriidae,640,640,217.5,305.0,66337.5,0.161957,217.5,305.0,0.7131,large,4
valid,2025_1103_125940_360_JPG,Hyriidae,640,640,281.0,379.0,106499.0,0.260007,281.0,379.0,0.7414,large,1
valid,2025_1103_125948_360_JPG,Hyriidae,640,640,284.0,408.5,116014.0,0.283237,284.0,408.5,0.6952,large,1
valid,2025_1103_130104_360_JPG,Hyriidae,640,640,305.0,434.0,132370.0,0.323169,305.0,434.0,0.7028,large,1
valid,2025_1103_130141_360_JPG,Hyriidae,640,640,320.5,393.5,126116.75,0.307902,320.5,393.5,0.8145,large,1
valid,2025_1110_114512_360_JPG,Hydrophilidae,640,640,622.0,607.5,377865.0,0.922522,607.5,622.0,1.0239,large,1
valid,2025_1110_114545_360_JPG,Hydrophilidae,640,640,639.82,632.93,404964.81,0.988684,632.93,639.82,1.0109,large,1
valid,2025_1110_114630_360_JPG,Hydrophilidae,640,640,619.0,603.0,373257.0,0.911272,603.0,619.0,1.0265,large,1
valid,2025_1120_113825_360_JPG,Libellulidae,640,640,640.0,640.0,409600.0,1.0,640.0,640.0,1.0,large,1
valid,2025_1120_113858_360_JPG,Libellulidae,640,640,627.0,639.33,400857.36,0.978656,627.0,639.33,0.9807,large,1
valid,2025_1120_113918_360_JPG,Libellulidae,640,640,573.0,599.0,343227.0,0.837957,573.0,599.0,0.9566,large,1
valid,2025_1120_123805_360_JPG,Libellulidae,640,640,557.0,618.0,344226.0,0.840396,557.0,618.0,0.9013,large,1
valid,2025_1120_123914_360_JPG,Libellulidae,640,640,640.0,640.0,409600.0,1.0,640.0,640.0,1.0,large,1
valid,2025_1120_123934_360_JPG,Libellulidae,640,640,563.5,594.5,335000.75,0.817873,563.5,594.5,0.9479,large,1
valid,2025_1120_123954_360_JPG,Libellulidae,640,640,558.5,622.0,347387.0,0.848113,558.5,622.0,0.8979,large,1
valid,2025_1120_134753_360_JPG,Libellulidae,640,640,579.5,601.0,348279.5,0.850292,579.5,601.0,0.9642,large,1
valid,2025_1120_134851_360_JPG,Libellulidae,640,640,583.0,601.0,350383.0,0.855427,583.0,601.0,0.97,large,1
valid,2025_1120_141235_360_JPG,Libellulidae,640,640,592.0,571.5,338328.0,0.825996,571.5,592.0,1.0359,large,1
valid,2025_1120_141409_360_JPG,Libellulidae,640,640,587.5,569.5,334581.25,0.816849,569.5,587.5,1.0316,large,1
valid,2025_1120_141511_360_JPG,Libellulidae,640,640,586.0,575.5,337243.0,0.823347,575.5,586.0,1.0182,large,1
valid,2025_1120_141517_360_JPG,Libellulidae,640,640,589.0,571.5,336613.5,0.82181,571.5,589.0,1.0306,large,1
valid,2025_1120_141526_360_JPG,Libellulidae,640,640,590.5,578.0,341309.0,0.833274,578.0,590.5,1.0216,large,1
valid,2025_1120_141554_360_JPG,Libellulidae,640,640,571.5,573.5,327755.25,0.800184,571.5,573.5,0.9965,large,1
valid,2025_1120_141613_360_JPG,Libellulidae,640,640,579.5,569.5,330025.25,0.805726,569.5,579.5,1.0176,large,1
valid,2025_1120_141647_360_JPG,Libellulidae,640,640,573.5,563.0,322880.5,0.788282,563.0,573.5,1.0187,large,1
valid,2025_1120_141711_360_JPG,Libellulidae,640,640,578.0,573.5,331483.0,0.809285,573.5,578.0,1.0078,large,1
valid,2025_1120_141718_360_JPG,Libellulidae,640,640,579.5,573.5,332343.25,0.811385,573.5,579.5,1.0105,large,1
valid,2025_1120_141724_360_JPG,Libellulidae,640,640,640.0,640.0,409600.0,1.0,640.0,640.0,1.0,large,1
valid,2025_1202_112444_360_JPG,Ampullariidae,640,640,623.47,572.0,356622.93,0.870661,572.0,623.47,1.09,large,1
valid,2025_1202_113440_360_JPG,Ampullariidae,640,640,493.5,601.0,296593.5,0.724105,493.5,601.0,0.8211,large,1
valid,2025_1202_113508_360_JPG,Ampullariidae,640,640,489.0,590.5,288754.5,0.704967,489.0,590.5,0.8281,large,1
valid,2025_1202_113536_360_JPG,Ampullariidae,640,640,478.0,586.0,280108.0,0.683857,478.0,586.0,0.8157,large,1
test,2025_0519_102336_505_JPG,Belostomatidae,640,640,635.0,616.0,391160.0,0.95498,616.0,635.0,1.0308,large,1
test,2025_0519_102522_509_JPG,Belostomatidae,640,640,640.0,640.0,409600.0,1.0,640.0,640.0,1.0,large,1
test,2025_0519_102535_513_JPG,Belostomatidae,640,640,640.0,640.0,409600.0,1.0,640.0,640.0,1.0,large,1
test,2025_0519_102541_515_JPG,Belostomatidae,640,640,609.0,633.62,385875.93,0.94208,609.0,633.62,0.9611,large,1
test,2025_0519_110836_768_JPG,Belostomatidae,640,640,636.5,484.5,308384.25,0.752891,484.5,636.5,1.3137,large,1
test,2025_0519_110839_769_JPG,Belostomatidae,640,640,609.0,638.39,388781.09,0.949173,609.0,638.39,0.954,large,1
test,2025_0519_110852_773_JPG,Belostomatidae,640,640,630.0,493.0,310590.0,0.758276,493.0,630.0,1.2779,large,1
test,2025_0519_110905_777_JPG,Belostomatidae,640,640,635.0,491.0,311785.0,0.761194,491.0,635.0,1.2933,large,1
test,2025_0519_110957_779_JPG,Belostomatidae,640,640,622.0,503.5,313177.0,0.764592,503.5,622.0,1.2354,large,1
test,2025_0519_111010_783_JPG,Belostomatidae,640,640,628.5,516.5,324620.25,0.79253,516.5,628.5,1.2168,large,1
test,2025_0519_111017_785_JPG,Belostomatidae,640,640,625.5,510.0,319005.0,0.778821,510.0,625.5,1.2265,large,1
test,2025_0519_112816_872_JPG,Belostomatidae,640,640,639.5,580.0,370910.0,0.905542,580.0,639.5,1.1026,large,1
test,2025_0519_112819_873_JPG,Belostomatidae,640,640,639.0,584.0,373176.0,0.911074,584.0,639.0,1.0942,large,1
test,2025_0519_112912_878_JPG,Belostomatidae,640,640,639.0,640.0,408960.0,0.998437,639.0,640.0,0.9984,large,1
test,2025_0519_115343_973_JPG,Belostomatidae,640,640,628.5,489.0,307336.5,0.750333,489.0,628.5,1.2853,large,1
test,2025_0519_115429_976_JPG,Belostomatidae,640,640,628.5,506.0,318021.0,0.776418,506.0,628.5,1.2421,large,1
test,2025_0519_115439_979_JPG,Belostomatidae,640,640,640.0,544.0,348160.0,0.85,544.0,640.0,1.1765,large,1
test,2025_0519_115526_980_JPG,Belostomatidae,640,640,640.0,537.5,344000.0,0.839844,537.5,640.0,1.1907,large,1
test,2025_0519_115529_981_JPG,Belostomatidae,640,640,611.48,638.84,390641.55,0.953715,611.48,638.84,0.9572,large,1
test,2025_0521_112912_341_JPG,Planorbidae,640,640,398.5,597.0,237904.5,0.580822,398.5,597.0,0.6675,large,1
test,2025_0521_112915_342_JPG,Planorbidae,640,640,397.0,594.5,236016.5,0.576212,397.0,594.5,0.6678,large,1
test,2025_0521_115752_426_JPG,Planorbidae,640,640,263.5,307.0,80894.5,0.197496,263.5,307.0,0.8583,large,4
test,2025_0521_115752_426_JPG,Planorbidae,640,640,298.5,349.0,104176.5,0.254337,298.5,349.0,0.8553,large,4
test,2025_0521_115752_426_JPG,Planorbidae,640,640,231.5,239.0,55328.5,0.135079,231.5,239.0,0.9686,large,4
test,2025_0521_115752_426_JPG,Planorbidae,640,640,281.0,345.0,96945.0,0.236682,281.0,345.0,0.8145,large,4
test,2025_0521_115806_428_JPG,Planorbidae,640,640,270.0,330.0,89100.0,0.217529,270.0,330.0,0.8182,large,4
test,2025_0521_115806_428_JPG,Planorbidae,640,640,192.0,220.0,42240.0,0.103125,192.0,220.0,0.8727,large,4
test,2025_0521_115806_428_JPG,Planorbidae,640,640,257.0,292.0,75044.0,0.183213,257.0,292.0,0.8801,large,4
test,2025_0521_115806_428_JPG,Planorbidae,640,640,278.0,321.5,89377.0,0.218206,278.0,321.5,0.8647,large,4
test,2025_0521_115811_429_JPG,Planorbidae,640,640,193.5,222.0,42957.0,0.104875,193.5,222.0,0.8716,large,4
test,2025_0521_115811_429_JPG,Planorbidae,640,640,274.5,334.5,91820.25,0.224171,274.5,334.5,0.8206,large,4
test,2025_0521_115811_429_JPG,Planorbidae,640,640,257.0,305.0,78385.0,0.19137,257.0,305.0,0.8426,large,4
test,2025_0521_115811_429_JPG,Planorbidae,640,640,279.5,321.5,89859.25,0.219383,279.5,321.5,0.8694,large,4
test,2025_0521_115828_431_JPG,Planorbidae,640,640,278.0,334.5,92991.0,0.227029,278.0,334.5,0.8311,large,4
test,2025_0521_115828_431_JPG,Planorbidae,640,640,193.5,224.5,43440.75,0.106057,193.5,224.5,0.8619,large,4
test,2025_0521_115828_431_JPG,Planorbidae,640,640,260.5,298.5,77759.25,0.189842,260.5,298.5,0.8727,large,4
test,2025_0521_115828_431_JPG,Planorbidae,640,640,284.0,330.0,93720.0,0.228809,284.0,330.0,0.8606,large,4
test,2025_0521_124735_686_JPG,Planorbidae,640,640,281.0,368.5,103548.5,0.252804,281.0,368.5,0.7626,large,2
test,2025_0521_124735_686_JPG,Planorbidae,640,640,252.5,368.5,93046.25,0.227164,252.5,368.5,0.6852,large,2
test,2025_0521_124749_689_JPG,Planorbidae,640,640,278.0,372.5,103555.0,0.25282,278.0,372.5,0.7463,large,2
test,2025_0521_124749_689_JPG,Planorbidae,640,640,246.0,351.5,86469.0,0.211106,246.0,351.5,0.6999,large,2
test,2025_0521_124752_690_JPG,Planorbidae,640,640,281.0,376.5,105796.5,0.258292,281.0,376.5,0.7463,large,2
test,2025_0521_124752_690_JPG,Planorbidae,640,640,249.0,357.5,89017.5,0.217328,249.0,357.5,0.6965,large,2
test,2025_0521_134302_753_JPG,Planorbidae,640,640,354.67,310.0,109946.67,0.268424,310.0,354.67,1.1441,large,4
test,2025_0521_134302_753_JPG,Planorbidae,640,640,286.73,206.0,59067.07,0.144207,206.0,286.73,1.3919,large,4
test,2025_0521_134302_753_JPG,Planorbidae,640,640,287.07,334.0,95880.27,0.234083,287.07,334.0,0.8595,large,4
test,2025_0521_134302_753_JPG,Planorbidae,640,640,413.27,349.0,144230.07,0.352124,349.0,413.27,1.1841,large,4
test,2025_0521_134338_756_JPG,Planorbidae,640,640,255.5,298.5,76266.75,0.186198,255.5,298.5,0.8559,large,4
test,2025_0521_134338_756_JPG,Planorbidae,640,640,282.5,332.5,93931.25,0.229324,282.5,332.5,0.8496,large,4
test,2025_0521_134338_756_JPG,Planorbidae,640,640,195.0,226.5,44167.5,0.107831,195.0,226.5,0.8609,large,4
test,2025_0521_134338_756_JPG,Planorbidae,640,640,271.5,353.5,95975.25,0.234315,271.5,353.5,0.768,large,4
test,2025_0526_113212_148_JPG,Dytiscidae,640,640,571.5,461.5,263747.25,0.643914,461.5,571.5,1.2384,large,1
test,2025_0526_114421_194_JPG,Dytiscidae,640,640,597.0,531.0,317007.0,0.773943,531.0,597.0,1.1243,large,1
test,2025_0526_115108_229_JPG,Dytiscidae,640,640,639.0,548.0,350172.0,0.854912,548.0,639.0,1.1661,large,1
test,2025_0526_115121_233_JPG,Dytiscidae,640,640,633.0,518.0,327894.0,0.800522,518.0,633.0,1.222,large,1
test,2025_0526_115125_234_JPG,Dytiscidae,640,640,631.5,531.0,335326.5,0.818668,531.0,631.5,1.1893,large,1
test,2025_0526_122006_395_JPG,Dytiscidae,640,640,640.0,640.0,409600.0,1.0,640.0,640.0,1.0,large,1
test,2025_0526_122019_396_JPG,Dytiscidae,640,640,639.0,601.0,384039.0,0.937595,601.0,639.0,1.0632,large,1
test,2025_0526_122022_397_JPG,Dytiscidae,640,640,640.0,590.5,377920.0,0.922656,590.5,640.0,1.0838,large,1
test,2025_0526_122026_398_JPG,Dytiscidae,640,640,640.0,584.0,373760.0,0.9125,584.0,640.0,1.0959,large,1
test,2025_0526_122029_399_JPG,Dytiscidae,640,640,640.0,611.5,391360.0,0.955469,611.5,640.0,1.0466,large,1
test,2025_0526_122036_401_JPG,Dytiscidae,640,640,640.0,640.0,409600.0,1.0,640.0,640.0,1.0,large,1
test,2025_0526_122050_405_JPG,Dytiscidae,640,640,633.0,585.5,370621.5,0.904838,585.5,633.0,1.0811,large,1
test,2025_0526_122137_408_JPG,Dytiscidae,640,640,637.5,629.0,400987.5,0.978973,629.0,637.5,1.0135,large,1
test,2025_0526_122140_409_JPG,Dytiscidae,640,640,640.0,640.0,409600.0,1.0,640.0,640.0,1.0,large,1
test,2025_0526_122217_411_JPG,Dytiscidae,640,640,635.0,616.0,391160.0,0.95498,616.0,635.0,1.0308,large,1
test,2025_0526_122225_412_JPG,Dytiscidae,640,640,640.0,640.0,409600.0,1.0,640.0,640.0,1.0,large,1
test,2025_0526_122232_414_JPG,Dytiscidae,640,640,636.0,589.0,374604.0,0.914561,589.0,636.0,1.0798,large,1
test,2025_0526_122240_416_JPG,Dytiscidae,640,640,633.0,584.5,369988.5,0.903292,584.5,633.0,1.083,large,1
test,2025_0526_130435_500_JPG,Dytiscidae,640,640,406.0,376.0,152656.0,0.372695,376.0,406.0,1.0798,large,2
test,2025_0526_130435_500_JPG,Dytiscidae,640,640,431.5,376.5,162459.75,0.39663,376.5,431.5,1.1461,large,2
test,2025_0526_132456_545_JPG,Dytiscidae,640,640,431.09,385.19,166052.25,0.405401,385.19,431.09,1.1192,large,2
test,2025_0526_132456_545_JPG,Dytiscidae,640,640,452.9,473.71,214545.52,0.523793,452.9,473.71,0.9561,large,2
test,2025_0526_132511_546_JPG,Dytiscidae,640,640,377.5,414.5,156473.75,0.382016,377.5,414.5,0.9107,large,2
test,2025_0526_132511_546_JPG,Dytiscidae,640,640,396.5,405.0,160582.5,0.392047,396.5,405.0,0.979,large,2
test,2025_0528_100807_650_JPG,Chironomidae,640,640,627.5,287.0,180092.5,0.439679,287.0,627.5,2.1864,large,1
test,2025_0528_102236_730_JPG,Chironomidae,640,640,631.0,158.5,100013.5,0.244174,158.5,631.0,3.9811,large,1
test,2025_0528_102240_731_JPG,Chironomidae,640,640,219.44,630.7,138404.42,0.337901,219.44,630.7,0.3479,large,1
test,2025_0528_113813_954_JPG,Chironomidae,640,640,287.0,598.0,171626.0,0.419009,287.0,598.0,0.4799,large,3
test,2025_0528_113813_954_JPG,Chironomidae,640,640,455.96,640.0,291816.3,0.712442,455.96,640.0,0.7124,large,3
test,2025_0528_113813_954_JPG,Chironomidae,640,640,342.01,608.0,207945.01,0.507678,342.01,608.0,0.5625,large,3
test,2025_0528_113827_958_JPG,Chironomidae,640,640,193.44,621.74,120272.29,0.293634,193.44,621.74,0.3111,large,3
test,2025_0528_113827_958_JPG,Chironomidae,640,640,290.41,631.48,183386.9,0.447722,290.41,631.48,0.4599,large,3
test,2025_0528_113827_958_JPG,Chironomidae,640,640,202.0,637.0,128674.0,0.314146,202.0,637.0,0.3171,large,3
test,2025_0528_113834_960_JPG,Chironomidae,640,640,246.0,596.47,146730.8,0.358229,246.0,596.47,0.4124,large,3
test,2025_0528_113834_960_JPG,Chironomidae,640,640,361.7,636.93,230381.15,0.562454,361.7,636.93,0.5679,large,3
test,2025_0528_113834_960_JPG,Chironomidae,640,640,254.44,606.0,154193.33,0.376449,254.44,606.0,0.4199,large,3
test,2025_0528_114534_997_JPG,Chironomidae,640,640,465.0,194.5,90442.5,0.220807,194.5,465.0,2.3907,large,3
test,2025_0528_114534_997_JPG,Chironomidae,640,640,595.5,197.0,117313.5,0.28641,197.0,595.5,3.0228,large,3
test,2025_0528_114534_997_JPG,Chironomidae,640,640,628.0,165.0,103620.0,0.252979,165.0,628.0,3.8061,large,3
test,2025_0528_114553_102_JPG,Chironomidae,640,640,612.0,141.5,86598.0,0.211421,141.5,612.0,4.3251,large,3
test,2025_0528_114553_102_JPG,Chironomidae,640,640,601.0,166.0,99766.0,0.243569,166.0,601.0,3.6205,large,3
test,2025_0528_114553_102_JPG,Chironomidae,640,640,463.0,105.0,48615.0,0.118689,105.0,463.0,4.4095,large,3
test,2025_0528_124741_307_JPG,Chironomidae,640,640,634.0,192.5,122045.0,0.297961,192.5,634.0,3.2935,large,1
test,2025_0528_125543_323_JPG,Chironomidae,640,640,479.0,138.5,66341.5,0.161967,138.5,479.0,3.4585,large,3
test,2025_0528_125543_323_JPG,Chironomidae,640,640,490.5,95.0,46597.5,0.113763,95.0,490.5,5.1632,large,3
test,2025_0528_125543_323_JPG,Chironomidae,640,640,622.0,107.0,66554.0,0.162485,107.0,622.0,5.8131,large,3
test,2025_0528_130541_346_JPG,Chironomidae,640,640,594.0,184.0,109296.0,0.266836,184.0,594.0,3.2283,large,3
test,2025_0528_130541_346_JPG,Chironomidae,640,640,550.0,128.5,70675.0,0.172546,128.5,550.0,4.2802,large,3
test,2025_0528_130541_346_JPG,Chironomidae,640,640,614.0,194.0,119116.0,0.290811,194.0,614.0,3.1649,large,3
test,2025_0529_103545_534_JPG,Coenagrionidae,640,640,608.5,344.5,209628.25,0.511788,344.5,608.5,1.7663,large,1
test,2025_0529_111418_592_JPG,Coenagrionidae,640,640,616.0,457.0,281512.0,0.687285,457.0,616.0,1.3479,large,1
test,2025_0529_111436_597_JPG,Coenagrionidae,640,640,435.44,633.93,276038.05,0.673921,435.44,633.93,0.6869,large,1
test,2025_0529_111527_601_JPG,Coenagrionidae,640,640,631.5,434.0,274071.0,0.669119,434.0,631.5,1.4551,large,1
test,2025_0529_112453_611_JPG,Coenagrionidae,640,640,627.0,421.0,263967.0,0.644451,421.0,627.0,1.4893,large,1
test,2025_0529_112507_615_JPG,Coenagrionidae,640,640,637.6,585.96,373609.99,0.912134,585.96,637.6,1.0881,large,1
test,2025_0529_112515_617_JPG,Coenagrionidae,640,640,639.64,509.0,325575.25,0.794861,509.0,639.64,1.2567,large,1
test,2025_0529_112519_618_JPG,Coenagrionidae,640,640,626.0,383.0,239758.0,0.585347,383.0,626.0,1.6345,large,1
test,2025_0529_112528_620_JPG,Coenagrionidae,640,640,567.67,639.16,362827.3,0.885809,567.67,639.16,0.8882,large,1
test,2025_0529_112606_625_JPG,Coenagrionidae,640,640,640.0,385.0,246400.0,0.601562,385.0,640.0,1.6623,large,1
test,2025_0529_112616_628_JPG,Coenagrionidae,640,640,635.0,363.0,230505.0,0.562756,363.0,635.0,1.7493,large,1
test,2025_0529_112656_630_JPG,Coenagrionidae,640,640,630.0,448.5,282555.0,0.689832,448.5,630.0,1.4047,large,1
test,2025_0529_113528_640_JPG,Coenagrionidae,640,640,640.0,446.5,285760.0,0.697656,446.5,640.0,1.4334,large,1
test,2025_0529_113549_646_JPG,Coenagrionidae,640,640,640.0,446.5,285760.0,0.697656,446.5,640.0,1.4334,large,1
test,2025_0529_113807_649_JPG,Coenagrionidae,640,640,635.0,429.5,272732.5,0.665851,429.5,635.0,1.4785,large,1
test,2025_0529_113818_652_JPG,Coenagrionidae,640,640,632.0,414.0,261648.0,0.638789,414.0,632.0,1.5266,large,1
test,2025_0529_114142_653_JPG,Coenagrionidae,640,640,639.0,484.0,309276.0,0.755068,484.0,639.0,1.3202,large,1
test,2025_0529_114200_656_JPG,Coenagrionidae,640,640,639.19,593.0,379036.81,0.925383,593.0,639.19,1.0779,large,1
test,2025_0529_115653_667_JPG,Coenagrionidae,640,640,640.0,467.5,299200.0,0.730469,467.5,640.0,1.369,large,1
test,2025_0529_115704_669_JPG,Coenagrionidae,640,640,637.5,461.5,294206.25,0.718277,461.5,637.5,1.3814,large,1
test,2025_0529_115749_672_JPG,Coenagrionidae,640,640,470.22,639.33,300625.26,0.733948,470.22,639.33,0.7355,large,1
test,2025_0529_115753_673_JPG,Coenagrionidae,640,640,639.0,411.0,262629.0,0.641184,411.0,639.0,1.5547,large,1
test,2025_0529_115800_675_JPG,Coenagrionidae,640,640,469.74,638.58,299966.0,0.732339,469.74,638.58,0.7356,large,1
test,2025_0529_115807_677_JPG,Coenagrionidae,640,640,633.0,369.0,233577.0,0.570256,369.0,633.0,1.7154,large,1
test,2025_0529_143117_441_JPG,Coenagrionidae,640,640,373.01,614.0,229026.55,0.559147,373.01,614.0,0.6075,large,2
test,2025_0529_143117_441_JPG,Coenagrionidae,640,640,425.0,630.44,267938.89,0.654148,425.0,630.44,0.6741,large,2
test,2025_0602_133321_909_JPG,Physidae,640,640,209.5,216.0,45252.0,0.110479,209.5,216.0,0.9699,large,4
test,2025_0602_133321_909_JPG,Physidae,640,640,209.5,192.5,40328.75,0.098459,192.5,209.5,1.0883,large,4
test,2025_0602_133321_909_JPG,Physidae,640,640,182.5,192.5,35131.25,0.08577,182.5,192.5,0.9481,large,4
test,2025_0602_133321_909_JPG,Physidae,640,640,282.5,235.0,66387.5,0.162079,235.0,282.5,1.2021,large,4
test,2025_0602_133325_910_JPG,Physidae,640,640,201.5,218.0,43927.0,0.107244,201.5,218.0,0.9243,large,4
test,2025_0602_133325_910_JPG,Physidae,640,640,214.5,197.0,42256.5,0.103165,197.0,214.5,1.0888,large,4
test,2025_0602_133325_910_JPG,Physidae,640,640,289.0,237.0,68493.0,0.167219,237.0,289.0,1.2194,large,4
test,2025_0602_133325_910_JPG,Physidae,640,640,184.0,173.5,31924.0,0.077939,173.5,184.0,1.0605,large,4
test,2025_0602_133333_912_JPG,Physidae,640,640,206.5,203.0,41919.5,0.102343,203.0,206.5,1.0172,large,4
test,2025_0602_133333_912_JPG,Physidae,640,640,208.0,199.0,41392.0,0.101055,199.0,208.0,1.0452,large,4
test,2025_0602_133333_912_JPG,Physidae,640,640,282.5,245.5,69353.75,0.169321,245.5,282.5,1.1507,large,4
test,2025_0602_133333_912_JPG,Physidae,640,640,203.0,173.5,35220.5,0.085988,173.5,203.0,1.17,large,4
test,2025_0602_142557_173_JPG,Physidae,640,640,512.38,467.0,239280.42,0.584181,467.0,512.38,1.0972,large,1
test,2025_0602_142600_174_JPG,Physidae,640,640,457.0,398.0,181886.0,0.444058,398.0,457.0,1.1482,large,1
test,2025_0602_142608_176_JPG,Physidae,640,640,460.5,415.0,191107.5,0.466571,415.0,460.5,1.1096,large,1
test,2025_0602_142612_177_JPG,Physidae,640,640,455.5,393.5,179239.25,0.437596,393.5,455.5,1.1576,large,1
test,2025_0602_142628_180_JPG,Physidae,640,640,417.5,417.0,174097.5,0.425043,417.0,417.5,1.0012,large,1
test,2025_0602_142636_182_JPG,Physidae,640,640,406.5,415.0,168697.5,0.411859,406.5,415.0,0.9795,large,1
test,2025_0602_142706_185_JPG,Physidae,640,640,451.0,351.5,158526.5,0.387028,351.5,451.0,1.2831,large,1
test,2025_0602_143546_213_JPG,Physidae,640,640,417.5,353.5,147586.25,0.360318,353.5,417.5,1.181,large,1
test,2025_0602_143550_214_JPG,Physidae,640,640,414.5,349.0,144660.5,0.353175,349.0,414.5,1.1877,large,1
test,2025_0602_144720_284_JPG,Physidae,640,640,359.74,462.84,166504.0,0.406504,359.74,462.84,0.7772,large,2
test,2025_0602_144720_284_JPG,Physidae,640,640,250.73,304.6,76371.12,0.186453,250.73,304.6,0.8231,large,2
test,2025_0602_144728_286-1_JPG,Physidae,640,640,305.0,343.0,104615.0,0.255408,305.0,343.0,0.8892,large,2
test,2025_0602_144728_286-1_JPG,Physidae,640,640,219.0,207.5,45442.5,0.110944,207.5,219.0,1.0554,large,2
test,2025_0604_105149_293_JPG,Noteridae,640,640,428.15,340.33,145709.91,0.355737,340.33,428.15,1.2581,large,1
test,2025_0604_105201_296_JPG,Noteridae,640,640,362.0,277.0,100274.0,0.24481,277.0,362.0,1.3069,large,1
test,2025_0604_105247_305_JPG,Noteridae,640,640,303.0,400.0,121200.0,0.295898,303.0,400.0,0.7575,large,1
test,2025_0604_105251_306_JPG,Noteridae,640,640,447.81,396.48,177550.28,0.433472,396.48,447.81,1.1295,large,1
test,2025_0604_105332_312_JPG,Noteridae,640,640,349.0,330.0,115170.0,0.281177,330.0,349.0,1.0576,large,1
test,2025_0604_114151_604_JPG,Noteridae,640,640,541.5,446.5,241779.75,0.590283,446.5,541.5,1.2128,large,1
test,2025_0604_114200_606_JPG,Noteridae,640,640,550.51,629.22,346393.82,0.845688,550.51,629.22,0.8749,large,1
test,2025_0604_114214_609_JPG,Noteridae,640,640,536.5,434.0,232841.0,0.568459,434.0,536.5,1.2362,large,1
test,2025_0604_114251_616_JPG,Noteridae,640,640,519.0,457.0,237183.0,0.57906,457.0,519.0,1.1357,large,1
test,2025_0604_114320_620_JPG,Noteridae,640,640,531.5,429.5,228279.25,0.557322,429.5,531.5,1.2375,large,1
test,2025_0604_114324_621_JPG,Noteridae,640,640,533.5,446.5,238207.75,0.581562,446.5,533.5,1.1948,large,1
test,2025_0604_114329_622_JPG,Noteridae,640,640,533.5,438.0,233673.0,0.570491,438.0,533.5,1.218,large,1
test,2025_0604_114342_625_JPG,Noteridae,640,640,614.0,628.84,386110.49,0.942653,614.0,628.84,0.9764,large,1
test,2025_0604_114355_628_JPG,Noteridae,640,640,531.5,444.5,236251.75,0.576786,444.5,531.5,1.1957,large,1
test,2025_0604_115148_651_JPG,Noteridae,640,640,544.5,402.0,218889.0,0.534397,402.0,544.5,1.3545,large,1
test,2025_0604_115154_652_JPG,Noteridae,640,640,491.59,629.07,309248.16,0.755,491.59,629.07,0.7815,large,1
test,2025_0604_115234_658_JPG,Noteridae,640,640,555.5,400.0,222200.0,0.54248,400.0,555.5,1.3887,large,1
test,2025_0604_122906_705_JPG,Noteridae,640,640,557.0,408.5,227534.5,0.555504,408.5,557.0,1.3635,large,1
test,2025_0604_140519_890_JPG,Noteridae,640,640,238.0,262.5,62475.0,0.152527,238.0,262.5,0.9067,large,4
test,2025_0604_140519_890_JPG,Noteridae,640,640,209.5,269.0,56355.5,0.137587,209.5,269.0,0.7788,large,4
test,2025_0604_140519_890_JPG,Noteridae,640,640,227.0,235.0,53345.0,0.130237,227.0,235.0,0.966,large,4
test,2025_0604_140519_890_JPG,Noteridae,640,640,236.5,252.0,59598.0,0.145503,236.5,252.0,0.9385,large,4
test,2025_0604_140543_895_JPG,Noteridae,640,640,333.56,267.16,89111.22,0.217557,267.16,333.56,1.2485,large,4
test,2025_0604_140543_895_JPG,Noteridae,640,640,286.56,266.11,76255.62,0.186171,266.11,286.56,1.0768,large,4
test,2025_0604_140543_895_JPG,Noteridae,640,640,294.0,286.31,84175.47,0.205507,286.31,294.0,1.0269,large,4
test,2025_0604_140543_895_JPG,Noteridae,640,640,213.71,302.04,64550.25,0.157593,213.71,302.04,0.7075,large,4
test,2025_0605_103458_926_JPG,Hirudinidae,640,640,614.0,239.5,147053.0,0.359016,239.5,614.0,2.5637,large,1
test,2025_0605_103511_929_JPG,Hirudinidae,640,640,632.0,418.39,264424.12,0.645567,418.39,632.0,1.5105,large,1
test,2025_0605_103743_948_JPG,Hirudinidae,640,640,298.67,624.93,186646.76,0.455681,298.67,624.93,0.4779,large,1
test,2025_0605_103820_953_JPG,Hirudinidae,640,640,566.5,378.0,214137.0,0.522795,378.0,566.5,1.4987,large,1
test,2025_0605_103829_955_JPG,Hirudinidae,640,640,569.0,371.0,211099.0,0.515378,371.0,569.0,1.5337,large,1
test,2025_0605_103847_957_JPG,Hirudinidae,640,640,583.5,371.5,216770.25,0.529224,371.5,583.5,1.5707,large,1
test,2025_0605_103904_961_JPG,Hirudinidae,640,640,572.0,380.5,217646.0,0.531362,380.5,572.0,1.5033,large,1
test,2025_0605_103940_962_JPG,Hirudinidae,640,640,607.4,286.93,174278.81,0.425485,286.93,607.4,2.1169,large,1
test,2025_0605_103954_964_JPG,Hirudinidae,640,640,618.5,227.0,140399.5,0.342772,227.0,618.5,2.7247,large,1
test,2025_0605_104021_969_JPG,Hirudinidae,640,640,448.0,622.24,278765.51,0.68058,448.0,622.24,0.72,large,1
test,2025_0605_104030_970_JPG,Hirudinidae,640,640,595.0,340.5,202597.5,0.494623,340.5,595.0,1.7474,large,1
test,2025_0605_104034_971_JPG,Hirudinidae,640,640,635.47,446.67,283841.78,0.692973,446.67,635.47,1.4227,large,1
test,2025_0605_104506_974_JPG,Hirudinidae,640,640,597.0,338.5,202084.5,0.49337,338.5,597.0,1.7637,large,1
test,2025_0605_111617_229_JPG,Hirudinidae,640,640,611.5,183.0,111904.5,0.273204,183.0,611.5,3.3415,large,1
test,2025_0605_111707_237_JPG,Hirudinidae,640,640,599.0,368.0,220432.0,0.538164,368.0,599.0,1.6277,large,1
test,2025_0605_111712_238_JPG,Hirudinidae,640,640,596.0,362.5,216050.0,0.527466,362.5,596.0,1.6441,large,1
test,2025_0605_111726_241_JPG,Hirudinidae,640,640,595.5,357.0,212593.5,0.519027,357.0,595.5,1.6681,large,1
test,2025_0606_104119_610_JPG,Libellulidae,640,640,614.0,574.0,352436.0,0.860439,574.0,614.0,1.0697,large,1
test,2025_0606_104124_611_JPG,Libellulidae,640,640,615.0,566.5,348397.5,0.85058,566.5,615.0,1.0856,large,1
test,2025_0606_104128_612_JPG,Libellulidae,640,640,613.0,589.0,361057.0,0.881487,589.0,613.0,1.0407,large,1
test,2025_0606_104214_620_JPG,Libellulidae,640,640,585.0,578.0,338130.0,0.825513,578.0,585.0,1.0121,large,1
test,2025_0606_110332_672_JPG,Libellulidae,640,640,633.0,640.0,405120.0,0.989062,633.0,640.0,0.9891,large,1
test,2025_0606_110349_673_JPG,Libellulidae,640,640,606.5,597.0,362080.5,0.883986,597.0,606.5,1.0159,large,1
test,2025_0606_110403_676_JPG,Libellulidae,640,640,605.0,593.0,358765.0,0.875891,593.0,605.0,1.0202,large,1
test,2025_0606_110408_677_JPG,Libellulidae,640,640,640.0,640.0,409600.0,1.0,640.0,640.0,1.0,large,1
test,2025_0606_110428_681_JPG,Libellulidae,640,640,605.0,598.0,361790.0,0.883276,598.0,605.0,1.0117,large,1
test,2025_0606_110504_685_JPG,Libellulidae,640,640,627.5,621.5,389991.25,0.952127,621.5,627.5,1.0097,large,1
test,2025_0606_110515_687_JPG,Libellulidae,640,640,640.0,640.0,409600.0,1.0,640.0,640.0,1.0,large,1
test,2025_0606_110519_688_JPG,Libellulidae,640,640,614.5,609.5,374537.75,0.914399,609.5,614.5,1.0082,large,1
test,2025_0606_110525_689_JPG,Libellulidae,640,640,640.0,640.0,409600.0,1.0,640.0,640.0,1.0,large,1
test,2025_0606_113204_781_JPG,Libellulidae,640,640,601.0,545.5,327845.5,0.800404,545.5,601.0,1.1017,large,1
test,2025_0606_113227_786_JPG,Libellulidae,640,640,599.0,562.5,336937.5,0.822601,562.5,599.0,1.0649,large,1
test,2025_0606_113232_787_JPG,Libellulidae,640,640,594.5,543.5,323110.75,0.788845,543.5,594.5,1.0938,large,1
test,2025_0606_113321_789_JPG,Libellulidae,640,640,640.0,640.0,409600.0,1.0,640.0,640.0,1.0,large,1
test,2025_0606_113336_792_JPG,Libellulidae,640,640,562.0,599.5,336919.0,0.822556,562.0,599.5,0.9374,large,1
test,2025_0606_113341_793_JPG,Libellulidae,640,640,569.0,609.0,346521.0,0.845999,569.0,609.0,0.9343,large,1
test,2025_0606_114643_851_JPG,Libellulidae,640,640,583.0,576.0,335808.0,0.819844,576.0,583.0,1.0122,large,1
test,2025_0606_114648_852_JPG,Libellulidae,640,640,624.0,626.0,390624.0,0.953672,624.0,626.0,0.9968,large,1
test,2025_0609_101814_951_JPG,Notonectidae,640,640,501.5,565.0,283347.5,0.691766,501.5,565.0,0.8876,large,1
test,2025_0609_101848_957_JPG,Notonectidae,640,640,492.0,510.0,250920.0,0.612598,492.0,510.0,0.9647,large,1
test,2025_0609_101911_959_JPG,Notonectidae,640,640,498.5,567.0,282649.5,0.690062,498.5,567.0,0.8792,large,1
test,2025_0609_101916_960_JPG,Notonectidae,640,640,498.5,558.5,278412.25,0.679717,498.5,558.5,0.8926,large,1
test,2025_0609_101925_962_JPG,Notonectidae,640,640,492.0,548.0,269616.0,0.658242,492.0,548.0,0.8978,large,1
test,2025_0609_101945_964_JPG,Notonectidae,640,640,519.0,578.0,299982.0,0.732378,519.0,578.0,0.8979,large,1
test,2025_0609_101950_965_JPG,Notonectidae,640,640,639.69,626.0,400445.24,0.97765,626.0,639.69,1.0219,large,1
test,2025_0609_102018_969_JPG,Notonectidae,640,640,500.0,508.0,254000.0,0.620117,500.0,508.0,0.9843,large,1
test,2025_0609_112937_227_JPG,Notonectidae,640,640,605.0,620.0,375100.0,0.915771,605.0,620.0,0.9758,large,1
test,2025_0609_112942_228_JPG,Notonectidae,640,640,640.0,640.0,409600.0,1.0,640.0,640.0,1.0,large,1
test,2025_0609_113006_231_JPG,Notonectidae,640,640,512.5,499.5,255993.75,0.624985,499.5,512.5,1.026,large,1
test,2025_0609_113015_233_JPG,Notonectidae,640,640,508.0,516.5,262382.0,0.640581,508.0,516.5,0.9835,large,1
test,2025_0609_113044_236_JPG,Notonectidae,640,640,487.5,520.5,253743.75,0.619492,487.5,520.5,0.9366,large,1
test,2025_0609_115440_364_JPG,Notonectidae,640,640,446.0,563.0,251098.0,0.613032,446.0,563.0,0.7922,large,1
test,2025_0609_115500_366_JPG,Notonectidae,640,640,457.0,571.5,261175.5,0.637635,457.0,571.5,0.7997,large,1
test,2025_0609_115514_369_JPG,Notonectidae,640,640,438.0,548.0,240024.0,0.585996,438.0,548.0,0.7993,large,1
test,2025_0611_103116_470_JPG,Glossiphoniidae,640,640,512.5,387.5,198593.75,0.484848,387.5,512.5,1.3226,large,1
test,2025_0611_103152_477_JPG,Glossiphoniidae,640,640,522.0,387.5,202275.0,0.493835,387.5,522.0,1.3471,large,1
test,2025_0611_115522_730_JPG,Glossiphoniidae,640,640,512.5,260.5,133506.25,0.325943,260.5,512.5,1.9674,large,2
test,2025_0611_115522_730_JPG,Glossiphoniidae,640,640,492.0,307.0,151044.0,0.36876,307.0,492.0,1.6026,large,2
test,2025_0611_115532_732_JPG,Glossiphoniidae,640,640,505.0,273.0,137865.0,0.336584,273.0,505.0,1.8498,large,2
test,2025_0611_115532_732_JPG,Glossiphoniidae,640,640,476.0,311.0,148036.0,0.361416,311.0,476.0,1.5305,large,2
test,2025_0611_115542_734_JPG,Glossiphoniidae,640,640,511.0,262.5,134137.5,0.327484,262.5,511.0,1.9467,large,2
test,2025_0611_115542_734_JPG,Glossiphoniidae,640,640,465.0,317.5,147637.5,0.360443,317.5,465.0,1.4646,large,2
test,2025_0611_115547_735_JPG,Glossiphoniidae,640,640,505.0,288.0,145440.0,0.355078,288.0,505.0,1.7535,large,2
test,2025_0611_115547_735_JPG,Glossiphoniidae,640,640,457.0,317.5,145097.5,0.354242,317.5,457.0,1.4394,large,2
test,2025_0611_122304_817_JPG,Glossiphoniidae,640,640,616.0,334.5,206052.0,0.503057,334.5,616.0,1.8416,large,1
test,2025_0611_122324_821_JPG,Glossiphoniidae,640,640,616.0,357.5,220220.0,0.537646,357.5,616.0,1.7231,large,1
test,2025_0611_122328_822_JPG,Glossiphoniidae,640,640,616.0,332.5,204820.0,0.500049,332.5,616.0,1.8526,large,1
test,2025_0611_122338_824_JPG,Glossiphoniidae,640,640,611.87,350.61,214524.99,0.523743,350.61,611.87,1.7452,large,1
test,2025_0611_122353_826_JPG,Glossiphoniidae,640,640,595.96,638.41,380467.17,0.928875,595.96,638.41,0.9335,large,1
test,2025_0611_122403_828_JPG,Glossiphoniidae,640,640,637.29,589.7,375811.62,0.917509,589.7,637.29,1.0807,large,1
test,2025_0611_122439_834_JPG,Glossiphoniidae,640,640,579.5,465.5,269757.25,0.658587,465.5,579.5,1.2449,large,1
test,2025_0611_122538_839_JPG,Glossiphoniidae,640,640,438.7,636.98,279444.51,0.682238,438.7,636.98,0.6887,large,1
test,2025_0611_122603_844_JPG,Glossiphoniidae,640,640,609.5,330.0,201135.0,0.491052,330.0,609.5,1.847,large,1
test,2025_0611_122613_846_JPG,Glossiphoniidae,640,640,605.0,328.0,198440.0,0.484473,328.0,605.0,1.8445,large,1
test,2025_0611_122628_849_JPG,Glossiphoniidae,640,640,444.93,635.47,282735.6,0.690272,444.93,635.47,0.7002,large,1
test,2025_0611_122645_851_JPG,Glossiphoniidae,640,640,581.0,370.5,215260.5,0.525538,370.5,581.0,1.5682,large,1
test,2025_0708_103806_174_JPG,Ampullariidae,640,640,425.5,542.0,230621.0,0.56304,425.5,542.0,0.7851,large,1
test,2025_0708_103817_176_JPG,Ampullariidae,640,640,427.0,548.0,233996.0,0.571279,427.0,548.0,0.7792,large,1
test,2025_0708_111646_295_JPG,Ampullariidae,640,640,190.5,252.0,48006.0,0.117202,190.5,252.0,0.756,large,3
test,2025_0708_111646_295_JPG,Ampullariidae,640,640,176.0,228.5,40216.0,0.098184,176.0,228.5,0.7702,large,3
test,2025_0708_111646_295_JPG,Ampullariidae,640,640,217.5,290.0,63075.0,0.153992,217.5,290.0,0.75,large,3
test,2025_0708_111656_297_JPG,Ampullariidae,640,640,184.0,269.0,49496.0,0.12084,184.0,269.0,0.684,large,3
test,2025_0708_111656_297_JPG,Ampullariidae,640,640,184.0,233.0,42872.0,0.104668,184.0,233.0,0.7897,large,3
test,2025_0708_111656_297_JPG,Ampullariidae,640,640,222.0,305.0,67710.0,0.165308,222.0,305.0,0.7279,large,3
test,2025_0708_111711_300_JPG,Ampullariidae,640,640,272.39,220.56,60076.07,0.14667,220.56,272.39,1.235,large,3
test,2025_0708_111711_300_JPG,Ampullariidae,640,640,291.56,224.4,65426.73,0.159733,224.4,291.56,1.2993,large,3
test,2025_0708_111711_300_JPG,Ampullariidae,640,640,321.51,272.93,87752.11,0.214239,272.93,321.51,1.178,large,3
test,2025_0708_111716_301_JPG,Ampullariidae,640,640,174.5,228.5,39873.25,0.097347,174.5,228.5,0.7637,large,3
test,2025_0708_111716_301_JPG,Ampullariidae,640,640,185.5,266.5,49435.75,0.120693,185.5,266.5,0.6961,large,3
test,2025_0708_111716_301_JPG,Ampullariidae,640,640,219.0,307.0,67233.0,0.164143,219.0,307.0,0.7134,large,3
test,2025_0708_114441_350_JPG,Ampullariidae,640,640,235.0,309.0,72615.0,0.177283,235.0,309.0,0.7605,large,3
test,2025_0708_114441_350_JPG,Ampullariidae,640,640,197.0,224.5,44226.5,0.107975,197.0,224.5,0.8775,large,3
test,2025_0708_114441_350_JPG,Ampullariidae,640,640,208.0,254.0,52832.0,0.128984,208.0,254.0,0.8189,large,3
test,2025_0708_114446_351_JPG,Ampullariidae,640,640,235.0,305.0,71675.0,0.174988,235.0,305.0,0.7705,large,3
test,2025_0708_114446_351_JPG,Ampullariidae,640,640,198.5,228.5,45357.25,0.110735,198.5,228.5,0.8687,large,3
test,2025_0708_114446_351_JPG,Ampullariidae,640,640,206.5,260.5,53793.25,0.131331,206.5,260.5,0.7927,large,3
test,2025_0708_114527_358_JPG,Ampullariidae,640,640,176.0,220.0,38720.0,0.094531,176.0,220.0,0.8,large,3
test,2025_0708_114527_358_JPG,Ampullariidae,640,640,200.0,262.5,52500.0,0.128174,200.0,262.5,0.7619,large,3
test,2025_0708_114527_358_JPG,Ampullariidae,640,640,231.5,296.5,68639.75,0.167578,231.5,296.5,0.7808,large,3
test,2025_0708_114532_359_JPG,Ampullariidae,640,640,187.5,224.5,42093.75,0.102768,187.5,224.5,0.8352,large,3
test,2025_0708_114532_359_JPG,Ampullariidae,640,640,203.0,271.0,55013.0,0.134309,203.0,271.0,0.7491,large,3
test,2025_0708_114532_359_JPG,Ampullariidae,640,640,236.5,292.0,69058.0,0.168599,236.5,292.0,0.8099,large,3
test,2025_0814_115810_919_JPG,Hydrophilidae,640,640,566.5,324.0,183546.0,0.44811,324.0,566.5,1.7485,large,2
test,2025_0814_115810_919_JPG,Hydrophilidae,640,640,574.5,279.5,160572.75,0.392023,279.5,574.5,2.0555,large,2
test,2025_0814_124609_135_JPG,Hydrophilidae,640,640,408.0,211.5,86292.0,0.210674,211.5,408.0,1.9291,large,2
test,2025_0814_124609_135_JPG,Hydrophilidae,640,640,631.5,345.0,217867.5,0.531903,345.0,631.5,1.8304,large,2
test,2025_0814_124651_139_JPG,Hydrophilidae,640,640,409.5,233.0,95413.5,0.232943,233.0,409.5,1.7575,large,2
test,2025_0814_124651_139_JPG,Hydrophilidae,640,640,631.5,319.5,201764.25,0.492589,319.5,631.5,1.9765,large,2
test,2025_0814_124656_140_JPG,Hydrophilidae,640,640,411.0,205.5,84460.5,0.206202,205.5,411.0,2.0,large,2
test,2025_0814_124656_140_JPG,Hydrophilidae,640,640,635.0,328.0,208280.0,0.508496,328.0,635.0,1.936,large,2
test,2025_0814_124717_144_JPG,Hydrophilidae,640,640,419.0,233.0,97627.0,0.238347,233.0,419.0,1.7983,large,2
test,2025_0814_124717_144_JPG,Hydrophilidae,640,640,628.5,321.5,202062.75,0.493317,321.5,628.5,1.9549,large,2
test,2025_0814_124728_146_JPG,Hydrophilidae,640,640,308.99,458.36,141628.47,0.345773,308.99,458.36,0.6741,large,2
test,2025_0814_124728_146_JPG,Hydrophilidae,640,640,499.93,638.68,319293.43,0.779525,499.93,638.68,0.7827,large,2
test,2025_0814_124748_149_JPG,Hydrophilidae,640,640,405.0,230.5,93352.5,0.227911,230.5,405.0,1.757,large,2
test,2025_0814_124748_149_JPG,Hydrophilidae,640,640,627.0,345.0,216315.0,0.528113,345.0,627.0,1.8174,large,2
test,2025_0827_132549_602_JPG,Gerridae,640,640,524.0,385.0,201740.0,0.492529,385.0,524.0,1.361,large,1
test,2025_0827_132559_604_JPG,Gerridae,640,640,527.0,404.0,212908.0,0.519795,404.0,527.0,1.3045,large,1
test,2025_0827_132641_606_JPG,Gerridae,640,640,540.54,594.61,321411.53,0.784696,540.54,594.61,0.9091,large,1
test,2025_0827_144031_746_JPG,Gerridae,640,640,555.5,580.0,322190.0,0.786597,555.5,580.0,0.9578,large,1
test,2025_0827_144037_747_JPG,Gerridae,640,640,640.0,640.0,409600.0,1.0,640.0,640.0,1.0,large,1
test,2025_0827_144047_749_JPG,Gerridae,640,640,560.5,590.5,330975.25,0.808045,560.5,590.5,0.9492,large,1
test,2025_0827_144103_752_JPG,Gerridae,640,640,640.0,640.0,409600.0,1.0,640.0,640.0,1.0,large,1
test,2025_0827_144109_753_JPG,Gerridae,640,640,565.0,594.5,335892.5,0.82005,565.0,594.5,0.9504,large,1
test,2025_0827_144114_754_JPG,Gerridae,640,640,565.0,584.0,329960.0,0.805566,565.0,584.0,0.9675,large,1
test,2025_0827_145126_765_JPG,Gerridae,640,640,595.0,607.5,361462.5,0.882477,595.0,607.5,0.9794,large,1
test,2025_0827_145149_769_JPG,Gerridae,640,640,592.0,601.0,355792.0,0.868633,592.0,601.0,0.985,large,1
test,2025_0827_145215_774_JPG,Gerridae,640,640,640.0,640.0,409600.0,1.0,640.0,640.0,1.0,large,1
test,2025_0827_150637_826_JPG,Gerridae,640,640,611.0,584.0,356824.0,0.871152,584.0,611.0,1.0462,large,1
test,2025_0827_150655_829_JPG,Gerridae,640,640,612.5,582.0,356475.0,0.8703,582.0,612.5,1.0524,large,1
test,2025_0901_112022_947_JPG,Gerridae,640,640,631.0,582.0,367242.0,0.896587,582.0,631.0,1.0842,large,1
test,2025_0901_112044_951_JPG,Gerridae,640,640,631.5,573.5,362165.25,0.884193,573.5,631.5,1.1011,large,1
test,2025_0901_120229_175_JPG,Gerridae,640,640,612.5,533.5,326768.75,0.797775,533.5,612.5,1.1481,large,1
test,2025_0901_120240_177_JPG,Gerridae,640,640,620.48,639.36,396708.28,0.968526,620.48,639.36,0.9705,large,1
test,2025_0901_120251_179_JPG,Gerridae,640,640,640.0,625.0,400000.0,0.976562,625.0,640.0,1.024,large,1
test,2025_0901_120307_182_JPG,Gerridae,640,640,624.4,639.91,399560.5,0.975489,624.4,639.91,0.9758,large,1
test,2025_0909_111617_234_JPG,Miridae,640,640,633.5,489.0,309781.5,0.756302,489.0,633.5,1.2955,large,1
test,2025_0909_111701_241_JPG,Miridae,640,640,630.0,491.0,309330.0,0.7552,491.0,630.0,1.2831,large,1
test,2025_0909_111706_242_JPG,Miridae,640,640,640.0,637.87,408234.67,0.996667,637.87,640.0,1.0033,large,1
test,2025_0909_111712_243_JPG,Miridae,640,640,635.0,508.0,322580.0,0.787549,508.0,635.0,1.25,large,1
test,2025_0909_121831_360_JPG,Miridae,640,640,639.84,627.0,401182.47,0.979449,627.0,639.84,1.0205,large,1
test,2025_0909_124745_360_JPG,Miridae,640,640,539.5,539.5,291060.25,0.710596,539.5,539.5,1.0,large,1
test,2025_0909_124756_360_JPG,Miridae,640,640,638.0,626.0,399388.0,0.975068,626.0,638.0,1.0192,large,1
test,2025_0909_124801_360_JPG,Miridae,640,640,536.5,544.0,291856.0,0.712539,536.5,544.0,0.9862,large,1
test,2025_0909_124813_360_JPG,Miridae,640,640,538.0,554.5,298321.0,0.728323,538.0,554.5,0.9702,large,1
test,2025_0909_124818_360_JPG,Miridae,640,640,525.5,544.0,285872.0,0.69793,525.5,544.0,0.966,large,1
test,2025_0909_124829_360_JPG,Miridae,640,640,533.5,546.0,291291.0,0.71116,533.5,546.0,0.9771,large,1
test,2025_0909_124933_360_JPG,Miridae,640,640,528.5,482.5,255001.25,0.622562,482.5,528.5,1.0953,large,1
test,2025_0909_125030_360_JPG,Miridae,640,640,616.07,615.58,379236.95,0.925871,615.58,616.07,1.0008,large,1
test,2025_0909_125103_360_JPG,Miridae,640,640,531.5,489.0,259903.5,0.63453,489.0,531.5,1.0869,large,1
test,2025_0909_125109_360_JPG,Miridae,640,640,604.48,569.48,344241.01,0.840432,569.48,604.48,1.0615,large,1
test,2025_0909_125719_360_JPG,Miridae,640,640,495.0,442.5,219037.5,0.53476,442.5,495.0,1.1186,large,1
test,2025_0909_125725_360_JPG,Miridae,640,640,563.49,614.28,346140.79,0.84507,563.49,614.28,0.9173,large,1
test,2025_0909_134806_360_JPG,Hydrophilidae,640,640,640.0,640.0,409600.0,1.0,640.0,640.0,1.0,large,1
test,2025_0909_134833_360_JPG,Hydrophilidae,640,640,640.0,640.0,409600.0,1.0,640.0,640.0,1.0,large,1
test,2025_0909_134844_360_JPG,Hydrophilidae,640,640,625.5,640.0,400320.0,0.977344,625.5,640.0,0.9773,large,1
test,2025_0909_134953_360_JPG,Hydrophilidae,640,640,611.0,638.0,389818.0,0.951704,611.0,638.0,0.9577,large,1
test,2025_0909_135015_360_JPG,Hydrophilidae,640,640,629.0,638.0,401302.0,0.979741,629.0,638.0,0.9859,large,1
test,2025_0909_135026_360_JPG,Hydrophilidae,640,640,624.0,611.5,381576.0,0.931582,611.5,624.0,1.0204,large,1
test,2025_0909_135037_360_JPG,Hydrophilidae,640,640,598.5,638.0,381843.0,0.932234,598.5,638.0,0.9381,large,1
test,2025_0911_124117_360_JPG,Ancylidae,640,640,592.2,473.04,280134.29,0.683922,473.04,592.2,1.2519,large,1
test,2025_0911_124122_360_JPG,Ancylidae,640,640,522.0,364.0,190008.0,0.463887,364.0,522.0,1.4341,large,1
test,2025_0911_124131_360_JPG,Ancylidae,640,640,604.33,534.2,322834.87,0.788171,534.2,604.33,1.1313,large,1
test,2025_0911_124217_360_JPG,Ancylidae,640,640,498.5,353.5,176219.75,0.430224,353.5,498.5,1.4102,large,1
test,2025_0911_124233_360_JPG,Ancylidae,640,640,519.0,357.5,185542.5,0.452985,357.5,519.0,1.4517,large,1
test,2025_0911_124326_360_JPG,Ancylidae,640,640,497.0,410.5,204018.5,0.498092,410.5,497.0,1.2107,large,1
test,2025_0916_110250_360_JPG,Ancylidae,640,640,622.0,343.0,213346.0,0.520864,343.0,622.0,1.8134,large,1
test,2025_0916_110255_360_JPG,Ancylidae,640,640,628.5,353.5,222174.75,0.542419,353.5,628.5,1.7779,large,1
test,2025_0916_112629_360_JPG,Ancylidae,640,640,637.13,571.07,363841.38,0.888285,571.07,637.13,1.1157,large,1
test,2025_0916_112704_360_JPG,Ancylidae,640,640,589.0,463.5,273001.5,0.666508,463.5,589.0,1.2708,large,1
test,2025_0916_112720_360_JPG,Ancylidae,640,640,631.5,345.0,217867.5,0.531903,345.0,631.5,1.8304,large,1
test,2025_0916_112726_360_JPG,Ancylidae,640,640,624.63,370.35,231330.43,0.564772,370.35,624.63,1.6866,large,1
test,2025_0916_112740_360_JPG,Ancylidae,640,640,630.0,313.0,197190.0,0.481421,313.0,630.0,2.0128,large,1
test,2025_0916_112746_360_JPG,Ancylidae,640,640,617.5,315.5,194821.25,0.475638,315.5,617.5,1.9572,large,1
test,2025_0916_112752_360_JPG,Ancylidae,640,640,634.04,447.48,283723.15,0.692683,447.48,634.04,1.4169,large,1
test,2025_0916_112803_360_JPG,Ancylidae,640,640,620.5,328.0,203524.0,0.496885,328.0,620.5,1.8918,large,1
test,2025_0916_112839_360_JPG,Ancylidae,640,640,639.65,457.22,292463.04,0.714021,457.22,639.65,1.399,large,1
test,2025_0916_112929_360_JPG,Ancylidae,640,640,628.5,351.5,220917.75,0.53935,351.5,628.5,1.7881,large,1
test,2025_0916_113017_360_JPG,Ancylidae,640,640,622.0,353.5,219877.0,0.536809,353.5,622.0,1.7595,large,1
test,2025_0916_113028_360_JPG,Ancylidae,640,640,621.0,351.5,218281.5,0.532914,351.5,621.0,1.7667,large,1
test,2025_0916_113040_360_JPG,Ancylidae,640,640,614.5,345.0,212002.5,0.517584,345.0,614.5,1.7812,large,1
test,2025_0916_113102_360_JPG,Ancylidae,640,640,614.5,334.5,205550.25,0.501832,334.5,614.5,1.8371,large,1
test,2025_0916_113118_360_JPG,Ancylidae,640,640,617.5,330.0,203775.0,0.497498,330.0,617.5,1.8712,large,1
test,2025_0916_123957_360_JPG,Ancylidae,640,640,386.4,572.29,221132.43,0.539874,386.4,572.29,0.6752,large,1
test,2025_0917_122656_360_JPG,Psychodidae,640,640,638.43,430.44,274808.49,0.670919,430.44,638.43,1.4832,large,1
test,2025_0917_122702_360_JPG,Psychodidae,640,640,562.0,285.5,160451.0,0.391726,285.5,562.0,1.9685,large,1
test,2025_0917_122719_360_JPG,Psychodidae,640,640,560.5,237.0,132838.5,0.324313,237.0,560.5,2.365,large,1
test,2025_0917_122724_360_JPG,Psychodidae,640,640,560.5,241.5,135360.75,0.330471,241.5,560.5,2.3209,large,1
test,2025_0917_122802_360_JPG,Psychodidae,640,640,640.0,408.19,261238.52,0.637789,408.19,640.0,1.5679,large,1
test,2025_0917_122824_360_JPG,Psychodidae,640,640,360.47,620.01,223493.34,0.545638,360.47,620.01,0.5814,large,1
test,2025_0917_133111_360_JPG,Psychodidae,640,640,539.5,216.0,116532.0,0.284502,216.0,539.5,2.4977,large,1
test,2025_0917_133118_360_JPG,Psychodidae,640,640,536.5,237.0,127150.5,0.310426,237.0,536.5,2.2637,large,1
test,2025_0917_133209_360_JPG,Psychodidae,640,640,525.5,209.5,110092.25,0.26878,209.5,525.5,2.5084,large,1
test,2025_0917_133232_360_JPG,Psychodidae,640,640,525.5,307.0,161328.5,0.393868,307.0,525.5,1.7117,large,1
test,2025_0917_133323_360_JPG,Psychodidae,640,640,404.21,555.14,224392.0,0.547832,404.21,555.14,0.7281,large,1
test,2025_0917_133423_360_JPG,Psychodidae,640,640,483.67,611.61,295814.12,0.722202,483.67,611.61,0.7908,large,1
test,2025_0917_133435_360_JPG,Psychodidae,640,640,514.5,353.5,181875.75,0.444033,353.5,514.5,1.4554,large,1
test,2025_0917_133452_360_JPG,Psychodidae,640,640,635.78,504.24,320587.41,0.782684,504.24,635.78,1.2609,large,1
test,2025_0917_133536_360_JPG,Psychodidae,640,640,554.0,201.0,111354.0,0.27186,201.0,554.0,2.7562,large,1
test,2025_0917_133610_360_JPG,Psychodidae,640,640,551.0,220.0,121220.0,0.295947,220.0,551.0,2.5045,large,1
test,2025_0917_134703_360_JPG,Psychodidae,640,640,452.5,472.0,213580.0,0.521436,452.5,472.0,0.9587,large,1
test,2025_0917_134714_360_JPG,Psychodidae,640,640,439.5,476.0,209202.0,0.510747,439.5,476.0,0.9233,large,1
test,2025_0917_134726_360_JPG,Psychodidae,640,640,439.5,482.5,212058.75,0.517722,439.5,482.5,0.9109,large,1
test,2025_0917_134732_360_JPG,Psychodidae,640,640,439.5,484.5,212937.75,0.519868,439.5,484.5,0.9071,large,1
test,2025_0917_135147_360_JPG,Psychodidae,640,640,509.47,501.73,255616.41,0.624063,501.73,509.47,1.0154,large,1
test,2025_0923_110755_360_JPG,Ceratopogonidae,640,640,402.89,600.0,241733.33,0.590169,402.89,600.0,0.6715,large,1
test,2025_0923_110806_360_JPG,Ceratopogonidae,640,640,533.5,292.0,155782.0,0.380327,292.0,533.5,1.8271,large,1
test,2025_0923_110822_360_JPG,Ceratopogonidae,640,640,543.0,292.0,158556.0,0.3871,292.0,543.0,1.8596,large,1
test,2025_0923_110833_360_JPG,Ceratopogonidae,640,640,551.0,279.5,154004.5,0.375988,279.5,551.0,1.9714,large,1
test,2025_0923_110845_360_JPG,Ceratopogonidae,640,640,543.0,300.5,163171.5,0.398368,300.5,543.0,1.807,large,1
test,2025_0923_110857_360_JPG,Ceratopogonidae,640,640,458.56,631.14,289413.09,0.706575,458.56,631.14,0.7266,large,1
test,2025_0923_110944_360_JPG,Ceratopogonidae,640,640,310.46,619.09,192201.88,0.469243,310.46,619.09,0.5015,large,1
test,2025_0923_110956_360_JPG,Ceratopogonidae,640,640,597.0,152.5,91042.5,0.222272,152.5,597.0,3.9148,large,1
test,2025_0923_111018_360_JPG,Ceratopogonidae,640,640,590.5,209.5,123709.75,0.302026,209.5,590.5,2.8186,large,1
test,2025_0923_111135_360_JPG,Ceratopogonidae,640,640,512.5,360.0,184500.0,0.450439,360.0,512.5,1.4236,large,1
test,2025_0923_111150_360_JPG,Ceratopogonidae,640,640,527.0,362.0,190774.0,0.465757,362.0,527.0,1.4558,large,1
test,2025_0923_111156_360_JPG,Ceratopogonidae,640,640,509.5,345.0,175777.5,0.429144,345.0,509.5,1.4768,large,1
test,2025_0923_111231_360_JPG,Ceratopogonidae,640,640,593.41,496.84,294834.85,0.719812,496.84,593.41,1.1944,large,1
test,2025_1020_113841_360_JPG,Ceratopogonidae,640,640,619.0,260.5,161249.5,0.393676,260.5,619.0,2.3762,large,1
test,2025_1020_113900_360_JPG,Ceratopogonidae,640,640,624.0,300.5,187512.0,0.457793,300.5,624.0,2.0765,large,1
test,2025_1020_113907_360_JPG,Ceratopogonidae,640,640,619.0,254.0,157226.0,0.383853,254.0,619.0,2.437,large,1
test,2025_1020_113930_360_JPG,Ceratopogonidae,640,640,598.5,440.0,263340.0,0.64292,440.0,598.5,1.3602,large,1
test,2025_1020_113936_360_JPG,Ceratopogonidae,640,640,593.5,431.5,256095.25,0.625233,431.5,593.5,1.3754,large,1
test,2025_1020_113949_360_JPG,Ceratopogonidae,640,640,598.5,453.0,271120.5,0.661915,453.0,598.5,1.3212,large,1
test,2025_1020_113955_360_JPG,Ceratopogonidae,640,640,574.5,427.5,245598.75,0.599606,427.5,574.5,1.3439,large,1
test,2025_1020_114047_360_JPG,Ceratopogonidae,640,640,589.0,391.5,230593.5,0.562972,391.5,589.0,1.5045,large,1
test,2025_1020_114125_360_JPG,Ceratopogonidae,640,640,612.0,392.0,239904.0,0.585703,392.0,612.0,1.5612,large,1
test,2025_1020_114146_360_JPG,Ceratopogonidae,640,640,547.5,476.0,260610.0,0.636255,476.0,547.5,1.1502,large,1
test,2025_1020_114212_360_JPG,Ceratopogonidae,640,640,637.96,585.0,373208.33,0.911153,585.0,637.96,1.0905,large,1
test,2025_1020_114218_360_JPG,Ceratopogonidae,640,640,557.0,476.0,265132.0,0.647295,476.0,557.0,1.1702,large,1
test,2025_1020_114325_360_JPG,Ceratopogonidae,640,640,556.45,637.27,354612.34,0.865753,556.45,637.27,0.8732,large,1
test,2025_1020_114338_360_JPG,Ceratopogonidae,640,640,563.5,446.5,251602.75,0.614265,446.5,563.5,1.262,large,1
test,2025_1103_103535_360_JPG,Hyriidae,640,640,405.0,347.0,140535.0,0.343103,347.0,405.0,1.1671,large,1
test,2025_1103_103639_360_JPG,Hyriidae,640,640,397.0,381.0,151257.0,0.36928,381.0,397.0,1.042,large,1
test,2025_1103_103737_360_JPG,Hyriidae,640,640,524.53,535.65,280963.28,0.685946,524.53,535.65,0.9792,large,1
test,2025_1103_103750_360_JPG,Hyriidae,640,640,392.0,425.5,166796.0,0.407217,392.0,425.5,0.9213,large,1
test,2025_1103_103757_360_JPG,Hyriidae,640,640,395.0,427.5,168862.5,0.412262,395.0,427.5,0.924,large,1
test,2025_1103_103833_360_JPG,Hyriidae,640,640,539.8,507.1,273734.58,0.668297,507.1,539.8,1.0645,large,1
test,2025_1103_104635_360_JPG,Hyriidae,640,640,417.5,421.0,175767.5,0.42912,417.5,421.0,0.9917,large,1
test,2025_1103_104716_360_JPG,Hyriidae,640,640,411.0,381.0,156591.0,0.382302,381.0,411.0,1.0787,large,1
test,2025_1103_104803_360_JPG,Hyriidae,640,640,411.0,385.0,158235.0,0.386316,385.0,411.0,1.0675,large,1
test,2025_1103_110756_360_JPG,Hyriidae,640,640,371.5,434.0,161231.0,0.39363,371.5,434.0,0.856,large,1
test,2025_1103_110901_360_JPG,Hyriidae,640,640,385.5,434.0,167307.0,0.408464,385.5,434.0,0.8882,large,1
test,2025_1103_110923_360_JPG,Hyriidae,640,640,358.5,461.5,165447.75,0.403925,358.5,461.5,0.7768,large,1
test,2025_1103_110944_360_JPG,Hyriidae,640,640,385.5,440.0,169620.0,0.414111,385.5,440.0,0.8761,large,1
test,2025_1103_111002_360_JPG,Hyriidae,640,640,365.0,459.5,167717.5,0.409467,365.0,459.5,0.7943,large,1
test,2025_1103_111031_360_JPG,Hyriidae,640,640,365.0,465.5,169907.5,0.414813,365.0,465.5,0.7841,large,1
test,2025_1103_111103_360_JPG,Hyriidae,640,640,454.0,398.54,180937.5,0.441742,398.54,454.0,1.1392,large,1
test,2025_1103_112133_360_JPG,Hyriidae,640,640,319.0,489.0,155991.0,0.380837,319.0,489.0,0.6524,large,1
test,2025_1103_112218_360_JPG,Hyriidae,640,640,351.0,465.5,163390.5,0.398903,351.0,465.5,0.754,large,1
test,2025_1103_112622_360_JPG,Hyriidae,640,640,431.62,504.85,217905.28,0.531995,431.62,504.85,0.8549,large,1
test,2025_1103_112629_360_JPG,Hyriidae,640,640,370.0,446.5,165205.0,0.403333,370.0,446.5,0.8287,large,1
test,2025_1103_112649_360_JPG,Hyriidae,640,640,398.5,434.0,172949.0,0.422239,398.5,434.0,0.9182,large,1
test,2025_1103_112725_360_JPG,Hyriidae,640,640,363.5,438.0,159213.0,0.388704,363.5,438.0,0.8299,large,1
test,2025_1103_112757_360_JPG,Hyriidae,640,640,358.5,448.5,160787.25,0.392547,358.5,448.5,0.7993,large,1
test,2025_1103_112804_360_JPG,Hyriidae,640,640,580.11,508.43,294945.68,0.720082,508.43,580.11,1.141,large,1
test,2025_1103_133149_360_JPG,Hyriidae,640,640,225.5,349.0,78699.5,0.192137,225.5,349.0,0.6461,large,2
test,2025_1103_133149_360_JPG,Hyriidae,640,640,298.5,408.5,121937.25,0.297698,298.5,408.5,0.7307,large,2
test,2025_1103_133156_360_JPG,Hyriidae,640,640,214.5,330.0,70785.0,0.172815,214.5,330.0,0.65,large,2
test,2025_1103_133156_360_JPG,Hyriidae,640,640,279.5,423.5,118368.25,0.288985,279.5,423.5,0.66,large,2
test,2025_1103_133217_360_JPG,Hyriidae,640,640,217.5,349.0,75907.5,0.185321,217.5,349.0,0.6232,large,2
test,2025_1103_133217_360_JPG,Hyriidae,640,640,276.0,425.5,117438.0,0.286714,276.0,425.5,0.6486,large,2
test,2025_1103_133238_360_JPG,Hyriidae,640,640,287.47,393.64,113159.66,0.276269,287.47,393.64,0.7303,large,2
test,2025_1103_133238_360_JPG,Hyriidae,640,640,311.13,471.31,146640.6,0.358009,311.13,471.31,0.6601,large,2
test,2025_1103_133258_360_JPG,Hyriidae,640,640,278.0,421.0,117038.0,0.285737,278.0,421.0,0.6603,large,2
test,2025_1103_133258_360_JPG,Hyriidae,640,640,216.0,343.0,74088.0,0.180879,216.0,343.0,0.6297,large,2
test,2025_1110_110904_360_JPG,Hydrophilidae,640,640,608.0,636.0,386688.0,0.944063,608.0,636.0,0.956,large,1
test,2025_1110_111011_360_JPG,Hydrophilidae,640,640,614.5,616.0,378532.0,0.92415,614.5,616.0,0.9976,large,1
test,2025_1110_111017_360_JPG,Hydrophilidae,640,640,617.5,633.0,390877.5,0.954291,617.5,633.0,0.9755,large,1
test,2025_1120_114359_360_JPG,Libellulidae,640,640,546.0,625.0,341250.0,0.83313,546.0,625.0,0.8736,large,1
test,2025_1120_114406_360_JPG,Libellulidae,640,640,639.33,640.0,409173.33,0.998958,639.33,640.0,0.999,large,1
test,2025_1120_114412_360_JPG,Libellulidae,640,640,549.0,630.0,345870.0,0.844409,549.0,630.0,0.8714,large,1
test,2025_1120_123245_360_JPG,Libellulidae,640,640,576.0,621.0,357696.0,0.873281,576.0,621.0,0.9275,large,1
test,2025_1120_123252_360_JPG,Libellulidae,640,640,573.0,605.5,346951.5,0.84705,573.0,605.5,0.9463,large,1
test,2025_1120_123311_360_JPG,Libellulidae,640,640,570.0,604.0,344280.0,0.840527,570.0,604.0,0.9437,large,1
test,2025_1120_123318_360_JPG,Libellulidae,640,640,582.5,594.5,346296.25,0.84545,582.5,594.5,0.9798,large,1
test,2025_1202_112545_360_JPG,Ampullariidae,640,640,473.0,628.5,297280.5,0.725782,473.0,628.5,0.7526,large,1
test,2025_1202_112552_360_JPG,Ampullariidae,640,640,638.58,579.19,369854.79,0.902966,579.19,638.58,1.1025,large,1
test,2025_1202_112619_360_JPG,Ampullariidae,640,640,470.0,630.0,296100.0,0.7229,470.0,630.0,0.746,large,1
test,2025_1202_112626_360_JPG,Ampullariidae,640,640,460.5,633.5,291726.75,0.712224,460.5,633.5,0.7269,large,1
test,2025_1202_112640_360_JPG,Ampullariidae,640,640,463.5,638.0,295713.0,0.721956,463.5,638.0,0.7265,large,1
